set_size,set_size_exposure,mean_block_order,median_block_order,min_block_order,max_block_order,mean_normalized_position,sd_normalized_position,n_participants
2,1,1.0,1.0,1,1,0.0,0.0,300
2,2,7.0,7.0,7,7,0.6666666666666666,0.0,300
3,1,2.1033333333333335,2.0,2,3,0.1225925925925926,0.03387803840079493,300
3,2,5.0,5.0,5,5,0.44444444444444436,0.0,300
3,3,8.103333333333333,8.0,8,9,0.7892592592592592,0.03387803840079492,300
4,1,3.1933333333333334,3.0,2,4,0.24370370370370367,0.06702081909580995,300
4,2,9.193333333333333,9.0,8,10,0.9103703703703703,0.06702081909580994,300
5,1,3.703333333333333,4.0,3,4,0.30037037037037034,0.050839058599622684,300
5,2,6.0,6.0,6,6,0.5555555555555556,0.0,300
5,3,9.703333333333333,10.0,9,10,0.9670370370370369,0.050839058599622705,300
