subject,group,block,set_size,set_size_exposure,stimulus,choice1,correct1,correct_action1,choice2,correct2,correct_action2,positive_retention,negative_avoidance,correct_after_error
101,All,2,5,1,1,2,0,1,3,0,1,,1.0,0.0
101,All,2,5,1,5,1,0,3,2,0,3,,1.0,0.0
101,All,3,4,1,3,3,0,2,1,0,2,,1.0,0.0
101,All,3,4,1,2,3,0,1,1,1,1,,1.0,1.0
101,All,3,4,1,4,3,1,3,1,0,3,0.0,,
101,All,4,6,1,1,2,0,1,2,0,1,,0.0,0.0
101,All,4,6,1,2,2,0,1,3,0,1,,1.0,0.0
101,All,4,6,1,6,2,0,3,1,0,3,,1.0,0.0
101,All,4,6,1,4,2,1,2,3,0,2,0.0,,
101,All,4,6,1,5,3,1,3,1,0,3,0.0,,
101,All,5,4,2,3,2,0,3,1,0,3,,1.0,0.0
101,All,5,4,2,4,3,1,3,3,1,3,1.0,,
101,All,5,4,2,1,1,1,1,1,1,1,1.0,,
101,All,5,4,2,2,1,0,2,2,1,2,,1.0,1.0
101,All,6,3,1,3,1,0,3,3,1,3,,1.0,1.0
101,All,6,3,1,2,1,1,1,1,1,1,1.0,,
101,All,6,3,1,1,2,0,1,2,0,1,,0.0,0.0
101,All,7,5,2,1,2,0,1,1,1,1,,1.0,1.0
101,All,7,5,2,5,2,0,3,3,1,3,,1.0,1.0
101,All,7,5,2,4,2,1,2,2,1,2,1.0,,
101,All,7,5,2,2,3,0,1,3,0,1,,0.0,0.0
101,All,8,3,2,3,2,1,2,2,1,2,1.0,,
101,All,8,3,2,2,3,0,2,3,0,2,,0.0,0.0
101,All,8,3,2,1,1,1,1,1,1,1,1.0,,
101,All,9,2,2,1,2,1,2,2,1,2,1.0,,
101,All,9,2,2,2,3,1,3,3,1,3,1.0,,
101,All,10,6,2,1,2,0,1,2,0,1,,0.0,0.0
101,All,10,6,2,2,2,0,1,1,1,1,,1.0,1.0
101,All,10,6,2,3,2,1,2,1,0,2,0.0,,
101,All,10,6,2,5,3,1,3,3,1,3,1.0,,
101,All,10,6,2,4,1,0,2,1,0,2,,0.0,0.0
101,All,10,6,2,6,1,0,3,1,0,3,,0.0,0.0
101,All,11,6,3,3,2,1,2,2,1,2,1.0,,
101,All,11,6,3,1,2,0,1,1,1,1,,1.0,1.0
101,All,11,6,3,5,3,1,3,3,1,3,1.0,,
101,All,11,6,3,2,1,1,1,3,0,1,0.0,,
101,All,11,6,3,4,1,0,2,1,0,2,,0.0,0.0
101,All,11,6,3,6,1,0,3,1,0,3,,0.0,0.0
101,All,12,4,3,2,2,1,2,2,1,2,1.0,,
101,All,12,4,3,4,3,1,3,3,1,3,1.0,,
101,All,12,4,3,3,1,0,2,3,0,2,,1.0,0.0
101,All,12,4,3,1,1,1,1,1,1,1,1.0,,
101,All,13,2,3,2,2,0,3,3,1,3,,1.0,1.0
101,All,13,2,3,1,2,1,2,2,1,2,1.0,,
101,All,14,3,3,3,3,1,3,3,1,3,1.0,,
101,All,14,3,3,2,1,0,3,2,0,3,,1.0,0.0
101,All,14,3,3,1,1,0,2,3,0,2,,1.0,0.0
101,All,15,4,4,4,1,0,3,2,0,3,,1.0,0.0
101,All,15,4,4,1,1,1,1,1,1,1,1.0,,
101,All,15,4,4,2,3,0,1,1,1,1,,1.0,1.0
101,All,15,4,4,3,3,0,2,1,0,2,,1.0,0.0
101,All,16,5,3,3,3,0,2,1,0,2,,1.0,0.0
101,All,16,5,3,5,3,1,3,1,0,3,0.0,,
101,All,16,5,3,1,1,1,1,1,1,1,1.0,,
101,All,16,5,3,2,2,0,1,2,0,1,,0.0,0.0
101,All,16,5,3,4,3,0,2,1,0,2,,1.0,0.0
101,All,17,3,4,1,2,1,2,2,1,2,1.0,,
101,All,17,3,4,3,3,1,3,3,1,3,1.0,,
101,All,17,3,4,2,1,0,3,3,1,3,,1.0,1.0
101,All,18,2,4,1,2,0,1,3,0,1,,1.0,0.0
101,All,18,2,4,2,2,1,2,2,1,2,1.0,,
102,All,1,2,1,1,2,0,1,1,1,1,,1.0,1.0
102,All,1,2,1,2,2,0,3,3,1,3,,1.0,1.0
102,All,2,5,1,3,1,0,2,2,1,2,,1.0,1.0
102,All,2,5,1,1,1,1,1,1,1,1,1.0,,
102,All,2,5,1,2,3,0,2,2,1,2,,1.0,1.0
102,All,2,5,1,4,3,1,3,3,1,3,1.0,,
102,All,2,5,1,5,3,1,3,3,1,3,1.0,,
102,All,3,4,1,3,2,1,2,2,1,2,1.0,,
102,All,3,4,1,1,3,0,1,1,1,1,,1.0,1.0
102,All,3,4,1,4,3,1,3,3,1,3,1.0,,
102,All,4,6,1,1,2,0,1,3,0,1,,1.0,0.0
102,All,4,6,1,2,2,0,1,1,1,1,,1.0,1.0
102,All,4,6,1,6,2,0,3,1,0,3,,1.0,0.0
102,All,4,6,1,4,2,1,2,2,1,2,1.0,,
102,All,4,6,1,5,3,1,3,3,1,3,1.0,,
102,All,4,6,1,3,1,0,2,3,0,2,,1.0,0.0
102,All,5,4,2,3,2,0,3,3,1,3,,1.0,1.0
102,All,5,4,2,4,2,0,3,1,0,3,,1.0,0.0
102,All,5,4,2,1,2,0,1,1,1,1,,1.0,1.0
102,All,5,4,2,2,2,1,2,1,0,2,0.0,,
102,All,6,3,1,3,2,0,3,3,1,3,,1.0,1.0
102,All,6,3,1,2,2,0,1,3,0,1,,1.0,0.0
102,All,6,3,1,1,2,0,1,1,1,1,,1.0,1.0
102,All,7,5,2,1,3,0,1,1,1,1,,1.0,1.0
102,All,7,5,2,5,3,1,3,3,1,3,1.0,,
102,All,7,5,2,4,3,0,2,3,0,2,,0.0,0.0
102,All,7,5,2,2,1,1,1,1,1,1,1.0,,
102,All,7,5,2,3,2,1,2,2,1,2,1.0,,
102,All,8,3,2,2,2,1,2,2,1,2,1.0,,
102,All,8,3,2,1,3,0,1,1,1,1,,1.0,1.0
102,All,9,2,2,1,2,1,2,2,1,2,1.0,,
102,All,9,2,2,2,2,0,3,3,1,3,,1.0,1.0
102,All,10,6,2,1,2,0,1,1,1,1,,1.0,1.0
102,All,10,6,2,2,2,0,1,1,1,1,,1.0,1.0
102,All,10,6,2,3,2,1,2,1,0,2,0.0,,
102,All,10,6,2,5,3,1,3,3,1,3,1.0,,
102,All,10,6,2,4,3,0,2,2,1,2,,1.0,1.0
102,All,10,6,2,6,1,0,3,2,0,3,,1.0,0.0
102,All,11,6,3,3,2,1,2,2,1,2,1.0,,
102,All,11,6,3,1,2,0,1,2,0,1,,0.0,0.0
102,All,11,6,3,5,3,1,3,3,1,3,1.0,,
102,All,11,6,3,2,3,0,1,3,0,1,,0.0,0.0
102,All,11,6,3,4,1,0,2,2,1,2,,1.0,1.0
102,All,11,6,3,6,1,0,3,1,0,3,,0.0,0.0
102,All,12,4,3,2,2,1,2,2,1,2,1.0,,
102,All,12,4,3,4,3,1,3,3,1,3,1.0,,
102,All,12,4,3,3,1,0,2,1,0,2,,0.0,0.0
102,All,12,4,3,1,2,0,1,3,0,1,,1.0,0.0
102,All,13,2,3,2,2,0,3,3,1,3,,1.0,1.0
102,All,13,2,3,1,2,1,2,2,1,2,1.0,,
102,All,14,3,3,3,2,0,3,1,0,3,,1.0,0.0
102,All,14,3,3,2,2,0,3,3,1,3,,1.0,1.0
102,All,14,3,3,1,2,1,2,3,0,2,0.0,,
102,All,15,4,4,4,2,0,3,3,1,3,,1.0,1.0
102,All,15,4,4,1,2,0,1,1,1,1,,1.0,1.0
102,All,15,4,4,2,2,0,1,1,1,1,,1.0,1.0
102,All,15,4,4,3,2,1,2,2,1,2,1.0,,
102,All,16,5,3,3,2,1,2,2,1,2,1.0,,
102,All,16,5,3,5,2,0,3,3,1,3,,1.0,1.0
102,All,16,5,3,1,2,0,1,1,1,1,,1.0,1.0
102,All,16,5,3,2,2,0,1,1,1,1,,1.0,1.0
102,All,16,5,3,4,2,1,2,2,1,2,1.0,,
102,All,17,3,4,1,2,1,2,2,1,2,1.0,,
102,All,17,3,4,3,3,1,3,3,1,3,1.0,,
102,All,17,3,4,2,1,0,3,3,1,3,,1.0,1.0
102,All,18,2,4,1,2,0,1,1,1,1,,1.0,1.0
102,All,18,2,4,2,2,1,2,3,0,2,0.0,,
103,All,1,2,1,1,2,0,1,1,1,1,,1.0,1.0
103,All,1,2,1,2,3,1,3,3,1,3,1.0,,
103,All,2,5,1,3,2,1,2,2,1,2,1.0,,
103,All,2,5,1,1,3,0,1,1,1,1,,1.0,1.0
103,All,2,5,1,2,1,0,2,2,1,2,,1.0,1.0
103,All,2,5,1,4,2,0,3,1,0,3,,1.0,0.0
103,All,2,5,1,5,3,1,3,3,1,3,1.0,,
103,All,3,4,1,3,3,0,2,2,1,2,,1.0,1.0
103,All,3,4,1,1,2,0,1,3,0,1,,1.0,0.0
103,All,3,4,1,2,3,0,1,1,1,1,,1.0,1.0
103,All,3,4,1,4,1,0,3,1,0,3,,0.0,0.0
103,All,4,6,1,1,2,0,1,1,1,1,,1.0,1.0
103,All,4,6,1,2,3,0,1,2,0,1,,1.0,0.0
103,All,4,6,1,6,1,0,3,2,0,3,,1.0,0.0
103,All,4,6,1,4,3,0,2,3,0,2,,0.0,0.0
103,All,4,6,1,5,2,0,3,3,1,3,,1.0,1.0
103,All,4,6,1,3,1,0,2,3,0,2,,1.0,0.0
103,All,5,4,2,3,2,0,3,3,1,3,,1.0,1.0
103,All,5,4,2,4,3,1,3,3,1,3,1.0,,
103,All,5,4,2,1,1,1,1,1,1,1,1.0,,
103,All,5,4,2,2,2,1,2,2,1,2,1.0,,
103,All,6,3,1,3,1,0,3,2,0,3,,1.0,0.0
103,All,6,3,1,2,3,0,1,3,0,1,,0.0,0.0
103,All,6,3,1,1,2,0,1,1,1,1,,1.0,1.0
103,All,7,5,2,1,3,0,1,2,0,1,,1.0,0.0
103,All,7,5,2,5,1,0,3,1,0,3,,0.0,0.0
103,All,7,5,2,4,2,1,2,2,1,2,1.0,,
103,All,7,5,2,2,1,1,1,1,1,1,1.0,,
103,All,7,5,2,3,3,0,2,1,0,2,,1.0,0.0
103,All,8,3,2,3,1,0,2,2,1,2,,1.0,1.0
103,All,8,3,2,2,3,0,2,3,0,2,,0.0,0.0
103,All,8,3,2,1,1,1,1,1,1,1,1.0,,
103,All,9,2,2,1,2,1,2,2,1,2,1.0,,
103,All,9,2,2,2,1,0,3,2,0,3,,1.0,0.0
103,All,10,6,2,1,3,0,1,2,0,1,,1.0,0.0
103,All,10,6,2,2,1,1,1,1,1,1,1.0,,
103,All,10,6,2,3,2,1,2,2,1,2,1.0,,
103,All,10,6,2,5,2,0,3,1,0,3,,1.0,0.0
103,All,10,6,2,4,3,0,2,3,0,2,,0.0,0.0
103,All,10,6,2,6,1,0,3,1,0,3,,0.0,0.0
103,All,11,6,3,3,1,0,2,3,0,2,,1.0,0.0
103,All,11,6,3,1,3,0,1,3,0,1,,0.0,0.0
103,All,11,6,3,5,2,0,3,1,0,3,,1.0,0.0
103,All,11,6,3,2,1,1,1,1,1,1,1.0,,
103,All,11,6,3,4,3,0,2,3,0,2,,0.0,0.0
103,All,11,6,3,6,2,0,3,2,0,3,,0.0,0.0
103,All,12,4,3,2,1,0,2,2,1,2,,1.0,1.0
103,All,12,4,3,4,3,1,3,3,1,3,1.0,,
103,All,12,4,3,3,2,1,2,2,1,2,1.0,,
103,All,12,4,3,1,2,0,1,1,1,1,,1.0,1.0
103,All,13,2,3,2,1,0,3,3,1,3,,1.0,1.0
103,All,13,2,3,1,3,0,2,2,1,2,,1.0,1.0
103,All,14,3,3,3,1,0,3,3,1,3,,1.0,1.0
103,All,14,3,3,2,2,0,3,3,1,3,,1.0,1.0
103,All,14,3,3,1,3,0,2,3,0,2,,0.0,0.0
103,All,15,4,4,4,1,0,3,1,0,3,,0.0,0.0
103,All,15,4,4,2,2,0,1,2,0,1,,0.0,0.0
103,All,15,4,4,3,3,0,2,1,0,2,,1.0,0.0
103,All,16,5,3,3,3,0,2,3,0,2,,0.0,0.0
103,All,16,5,3,5,2,0,3,1,0,3,,1.0,0.0
103,All,16,5,3,1,1,1,1,1,1,1,1.0,,
103,All,16,5,3,2,3,0,1,2,0,1,,1.0,0.0
103,All,16,5,3,4,2,1,2,2,1,2,1.0,,
103,All,17,3,4,1,1,0,2,1,0,2,,0.0,0.0
103,All,17,3,4,3,3,1,3,3,1,3,1.0,,
103,All,17,3,4,2,2,0,3,3,1,3,,1.0,1.0
103,All,18,2,4,1,2,0,1,2,0,1,,0.0,0.0
103,All,18,2,4,2,3,0,2,1,0,2,,1.0,0.0
104,All,1,2,1,1,3,0,1,2,0,1,,1.0,0.0
104,All,1,2,1,2,2,0,3,1,0,3,,1.0,0.0
104,All,2,5,1,3,1,0,2,1,0,2,,0.0,0.0
104,All,2,5,1,1,1,1,1,1,1,1,1.0,,
104,All,2,5,1,2,3,0,2,2,1,2,,1.0,1.0
104,All,2,5,1,4,3,1,3,3,1,3,1.0,,
104,All,2,5,1,5,3,1,3,3,1,3,1.0,,
104,All,3,4,1,3,1,0,2,2,1,2,,1.0,1.0
104,All,3,4,1,1,1,1,1,3,0,1,0.0,,
104,All,3,4,1,2,3,0,1,3,0,1,,0.0,0.0
104,All,3,4,1,4,2,0,3,2,0,3,,0.0,0.0
104,All,4,6,1,1,2,0,1,3,0,1,,1.0,0.0
104,All,4,6,1,2,3,0,1,2,0,1,,1.0,0.0
104,All,4,6,1,6,1,0,3,1,0,3,,0.0,0.0
104,All,4,6,1,4,1,0,2,3,0,2,,1.0,0.0
104,All,4,6,1,5,1,0,3,1,0,3,,0.0,0.0
104,All,4,6,1,3,1,0,2,2,1,2,,1.0,1.0
104,All,5,4,2,4,1,0,3,1,0,3,,0.0,0.0
104,All,5,4,2,1,1,1,1,1,1,1,1.0,,
104,All,5,4,2,2,3,0,2,2,1,2,,1.0,1.0
104,All,6,3,1,3,1,0,3,3,1,3,,1.0,1.0
104,All,6,3,1,2,1,1,1,1,1,1,1.0,,
104,All,6,3,1,1,3,0,1,2,0,1,,1.0,0.0
104,All,7,5,2,5,1,0,3,3,1,3,,1.0,1.0
104,All,7,5,2,4,1,0,2,3,0,2,,1.0,0.0
104,All,7,5,2,2,1,1,1,1,1,1,1.0,,
104,All,7,5,2,3,3,0,2,2,1,2,,1.0,1.0
104,All,8,3,2,3,1,0,2,3,0,2,,1.0,0.0
104,All,8,3,2,2,1,0,2,3,0,2,,1.0,0.0
104,All,8,3,2,1,1,1,1,1,1,1,1.0,,
104,All,9,2,2,1,2,1,2,2,1,2,1.0,,
104,All,9,2,2,2,1,0,3,3,1,3,,1.0,1.0
104,All,10,6,2,1,1,1,1,1,1,1,1.0,,
104,All,10,6,2,2,1,1,1,2,0,1,0.0,,
104,All,10,6,2,3,3,0,2,3,0,2,,0.0,0.0
104,All,10,6,2,5,3,1,3,2,0,3,0.0,,
104,All,10,6,2,4,3,0,2,2,1,2,,1.0,1.0
104,All,10,6,2,6,2,0,3,2,0,3,,0.0,0.0
104,All,11,6,3,3,1,0,2,3,0,2,,1.0,0.0
104,All,11,6,3,1,1,1,1,1,1,1,1.0,,
104,All,11,6,3,5,1,0,3,1,0,3,,0.0,0.0
104,All,11,6,3,2,1,1,1,3,0,1,0.0,,
104,All,11,6,3,4,3,0,2,3,0,2,,0.0,0.0
104,All,11,6,3,6,3,1,3,3,1,3,1.0,,
104,All,12,4,3,2,1,0,2,3,0,2,,1.0,0.0
104,All,12,4,3,4,1,0,3,3,1,3,,1.0,1.0
104,All,12,4,3,3,1,0,2,3,0,2,,1.0,0.0
104,All,12,4,3,1,1,1,1,1,1,1,1.0,,
104,All,13,2,3,2,1,0,3,3,1,3,,1.0,1.0
104,All,13,2,3,1,1,0,2,3,0,2,,1.0,0.0
104,All,14,3,3,3,1,0,3,3,1,3,,1.0,1.0
104,All,14,3,3,2,1,0,3,3,1,3,,1.0,1.0
104,All,14,3,3,1,1,0,2,2,1,2,,1.0,1.0
104,All,15,4,4,4,2,0,3,3,1,3,,1.0,1.0
104,All,15,4,4,1,2,0,1,3,0,1,,1.0,0.0
104,All,15,4,4,2,2,0,1,1,1,1,,1.0,1.0
104,All,15,4,4,3,2,1,2,2,1,2,1.0,,
104,All,16,5,3,3,1,0,2,1,0,2,,0.0,0.0
104,All,16,5,3,5,1,0,3,1,0,3,,0.0,0.0
104,All,16,5,3,1,1,1,1,1,1,1,1.0,,
104,All,16,5,3,2,3,0,1,3,0,1,,0.0,0.0
104,All,16,5,3,4,1,0,2,1,0,2,,0.0,0.0
104,All,17,3,4,1,2,1,2,2,1,2,1.0,,
104,All,17,3,4,3,2,0,3,1,0,3,,1.0,0.0
104,All,17,3,4,2,2,0,3,3,1,3,,1.0,1.0
104,All,18,2,4,1,1,1,1,1,1,1,1.0,,
104,All,18,2,4,2,3,0,2,2,1,2,,1.0,1.0
105,All,1,2,1,1,2,0,1,3,0,1,,1.0,0.0
105,All,1,2,1,2,2,0,3,3,1,3,,1.0,1.0
105,All,2,5,1,3,1,0,2,2,1,2,,1.0,1.0
105,All,2,5,1,1,1,1,1,1,1,1,1.0,,
105,All,2,5,1,2,3,0,2,2,1,2,,1.0,1.0
105,All,2,5,1,4,2,0,3,3,1,3,,1.0,1.0
105,All,2,5,1,5,2,0,3,3,1,3,,1.0,1.0
105,All,3,4,1,3,2,1,2,2,1,2,1.0,,
105,All,3,4,1,1,2,0,1,1,1,1,,1.0,1.0
105,All,3,4,1,2,3,0,1,1,1,1,,1.0,1.0
105,All,3,4,1,4,3,1,3,3,1,3,1.0,,
105,All,4,6,1,1,2,0,1,2,0,1,,0.0,0.0
105,All,4,6,1,2,2,0,1,3,0,1,,1.0,0.0
105,All,4,6,1,6,2,0,3,3,1,3,,1.0,1.0
105,All,4,6,1,4,2,1,2,2,1,2,1.0,,
105,All,4,6,1,3,2,1,2,2,1,2,1.0,,
105,All,5,4,2,3,2,0,3,3,1,3,,1.0,1.0
105,All,5,4,2,4,2,0,3,3,1,3,,1.0,1.0
105,All,5,4,2,1,2,0,1,2,0,1,,0.0,0.0
105,All,5,4,2,2,2,1,2,2,1,2,1.0,,
105,All,6,3,1,3,2,0,3,3,1,3,,1.0,1.0
105,All,6,3,1,2,2,0,1,3,0,1,,1.0,0.0
105,All,6,3,1,1,2,0,1,3,0,1,,1.0,0.0
105,All,7,5,2,1,2,0,1,3,0,1,,1.0,0.0
105,All,7,5,2,5,2,0,3,3,1,3,,1.0,1.0
105,All,7,5,2,4,2,1,2,2,1,2,1.0,,
105,All,7,5,2,2,2,0,1,3,0,1,,1.0,0.0
105,All,7,5,2,3,2,1,2,2,1,2,1.0,,
105,All,8,3,2,3,2,1,2,2,1,2,1.0,,
105,All,8,3,2,2,3,0,2,1,0,2,,1.0,0.0
105,All,8,3,2,1,3,0,1,3,0,1,,0.0,0.0
105,All,9,2,2,1,2,1,2,2,1,2,1.0,,
105,All,9,2,2,2,3,1,3,3,1,3,1.0,,
105,All,10,6,2,1,2,0,1,3,0,1,,1.0,0.0
105,All,10,6,2,2,2,0,1,3,0,1,,1.0,0.0
105,All,10,6,2,3,2,1,2,2,1,2,1.0,,
105,All,10,6,2,5,2,0,3,3,1,3,,1.0,1.0
105,All,10,6,2,4,2,1,2,2,1,2,1.0,,
105,All,10,6,2,6,2,0,3,3,1,3,,1.0,1.0
105,All,11,6,3,3,2,1,2,2,1,2,1.0,,
105,All,11,6,3,1,3,0,1,3,0,1,,0.0,0.0
105,All,11,6,3,5,3,1,3,1,0,3,0.0,,
105,All,11,6,3,2,3,0,1,1,1,1,,1.0,1.0
105,All,11,6,3,4,3,0,2,2,1,2,,1.0,1.0
105,All,11,6,3,6,3,1,3,1,0,3,0.0,,
105,All,12,4,3,2,2,1,2,2,1,2,1.0,,
105,All,12,4,3,4,2,0,3,3,1,3,,1.0,1.0
105,All,12,4,3,3,2,1,2,2,1,2,1.0,,
105,All,12,4,3,1,2,0,1,3,0,1,,1.0,0.0
105,All,13,2,3,2,2,0,3,3,1,3,,1.0,1.0
105,All,13,2,3,1,2,1,2,2,1,2,1.0,,
105,All,14,3,3,3,2,0,3,1,0,3,,1.0,0.0
105,All,14,3,3,2,2,0,3,3,1,3,,1.0,1.0
105,All,14,3,3,1,2,1,2,2,1,2,1.0,,
105,All,15,4,4,4,2,0,3,3,1,3,,1.0,1.0
105,All,15,4,4,1,2,0,1,3,0,1,,1.0,0.0
105,All,15,4,4,2,2,0,1,3,0,1,,1.0,0.0
105,All,15,4,4,3,2,1,2,2,1,2,1.0,,
105,All,16,5,3,3,2,1,2,2,1,2,1.0,,
105,All,16,5,3,5,2,0,3,3,1,3,,1.0,1.0
105,All,16,5,3,1,2,0,1,3,0,1,,1.0,0.0
105,All,16,5,3,2,2,0,1,3,0,1,,1.0,0.0
105,All,16,5,3,4,2,1,2,2,1,2,1.0,,
105,All,17,3,4,1,2,1,2,2,1,2,1.0,,
105,All,17,3,4,3,2,0,3,1,0,3,,1.0,0.0
105,All,17,3,4,2,2,0,3,3,1,3,,1.0,1.0
105,All,18,2,4,1,2,0,1,3,0,1,,1.0,0.0
105,All,18,2,4,2,2,1,2,2,1,2,1.0,,
106,All,1,2,1,2,2,0,3,1,0,3,,1.0,0.0
106,All,1,2,1,1,3,0,1,2,0,1,,1.0,0.0
106,All,2,3,1,3,2,1,2,2,1,2,1.0,,
106,All,2,3,1,1,1,1,1,1,1,1,1.0,,
106,All,2,3,1,2,3,0,2,2,1,2,,1.0,1.0
106,All,3,3,2,3,2,0,3,1,0,3,,1.0,0.0
106,All,3,3,2,1,3,0,1,1,1,1,,1.0,1.0
106,All,3,3,2,2,1,1,1,1,1,1,1.0,,
106,All,4,4,1,1,2,0,1,1,1,1,,1.0,1.0
106,All,4,4,1,4,3,1,3,3,1,3,1.0,,
106,All,4,4,1,3,3,0,2,2,1,2,,1.0,1.0
106,All,4,4,1,2,1,1,1,1,1,1,1.0,,
106,All,5,5,1,3,2,1,2,2,1,2,1.0,,
106,All,5,5,1,5,1,0,3,2,0,3,,1.0,0.0
106,All,5,5,1,1,3,0,1,2,0,1,,1.0,0.0
106,All,5,5,1,4,1,0,3,2,0,3,,1.0,0.0
106,All,5,5,1,2,2,1,2,2,1,2,1.0,,
106,All,6,4,2,2,2,1,2,2,1,2,1.0,,
106,All,6,4,2,1,3,0,1,2,0,1,,1.0,0.0
106,All,6,4,2,4,1,0,3,2,0,3,,1.0,0.0
106,All,6,4,2,3,1,0,3,2,0,3,,1.0,0.0
106,All,7,2,2,2,3,1,3,3,1,3,1.0,,
106,All,7,2,2,1,2,1,2,2,1,2,1.0,,
106,All,8,5,2,1,2,0,1,1,1,1,,1.0,1.0
106,All,8,5,2,3,3,0,2,2,1,2,,1.0,1.0
106,All,8,5,2,5,1,0,3,1,0,3,,0.0,0.0
106,All,8,5,2,4,1,0,2,2,1,2,,1.0,1.0
106,All,8,5,2,2,1,1,1,1,1,1,1.0,,
106,All,9,6,1,6,2,0,3,1,0,3,,1.0,0.0
106,All,9,6,1,3,1,0,2,1,0,2,,0.0,0.0
106,All,9,6,1,2,1,1,1,1,1,1,1.0,,
106,All,9,6,1,4,3,0,2,1,0,2,,1.0,0.0
106,All,9,6,1,5,2,0,3,3,1,3,,1.0,1.0
106,All,9,6,1,1,3,0,1,1,1,1,,1.0,1.0
106,All,10,4,3,2,2,1,2,2,1,2,1.0,,
106,All,10,4,3,1,1,1,1,1,1,1,1.0,,
106,All,10,4,3,4,3,1,3,3,1,3,1.0,,
106,All,10,4,3,3,2,1,2,2,1,2,1.0,,
106,All,11,6,2,2,2,0,1,1,1,1,,1.0,1.0
106,All,11,6,2,6,2,0,3,3,1,3,,1.0,1.0
106,All,11,6,2,4,2,1,2,2,1,2,1.0,,
106,All,11,6,2,5,2,0,3,1,0,3,,1.0,0.0
106,All,11,6,2,3,2,1,2,2,1,2,1.0,,
106,All,11,6,2,1,3,0,1,3,0,1,,0.0,0.0
106,All,12,5,3,4,2,1,2,2,1,2,1.0,,
106,All,12,5,3,3,1,0,2,3,0,2,,1.0,0.0
106,All,12,5,3,2,3,0,1,1,1,1,,1.0,1.0
106,All,12,5,3,5,2,0,3,2,0,3,,0.0,0.0
106,All,12,5,3,1,1,1,1,1,1,1,1.0,,
106,All,13,4,4,1,2,0,1,3,0,1,,1.0,0.0
106,All,13,4,4,4,1,0,3,2,0,3,,1.0,0.0
106,All,13,4,4,2,3,0,1,1,1,1,,1.0,1.0
106,All,13,4,4,3,3,0,2,1,0,2,,1.0,0.0
106,All,14,6,3,5,2,0,3,1,0,3,,1.0,0.0
106,All,14,6,3,2,1,1,1,1,1,1,1.0,,
106,All,14,6,3,1,3,0,1,3,0,1,,0.0,0.0
106,All,14,6,3,6,3,1,3,1,0,3,0.0,,
106,All,14,6,3,3,2,1,2,2,1,2,1.0,,
106,All,14,6,3,4,2,1,2,2,1,2,1.0,,
106,All,15,3,3,2,3,1,3,3,1,3,1.0,,
106,All,15,3,3,1,2,1,2,2,1,2,1.0,,
106,All,15,3,3,3,1,0,3,2,0,3,,1.0,0.0
106,All,16,2,3,1,3,0,2,2,1,2,,1.0,1.0
106,All,16,2,3,2,2,0,3,1,0,3,,1.0,0.0
106,All,17,3,4,2,3,1,3,2,0,3,0.0,,
106,All,17,3,4,3,2,0,3,3,1,3,,1.0,1.0
106,All,17,3,4,1,1,0,2,2,1,2,,1.0,1.0
106,All,18,2,4,2,2,1,2,2,1,2,1.0,,
106,All,18,2,4,1,1,1,1,1,1,1,1.0,,
107,All,1,2,1,2,2,0,3,3,1,3,,1.0,1.0
107,All,1,2,1,1,3,0,1,1,1,1,,1.0,1.0
107,All,2,3,1,3,2,1,2,2,1,2,1.0,,
107,All,2,3,1,1,3,0,1,2,0,1,,1.0,0.0
107,All,2,3,1,2,3,0,2,1,0,2,,1.0,0.0
107,All,3,3,2,3,1,0,3,2,0,3,,1.0,0.0
107,All,3,3,2,1,2,0,1,1,1,1,,1.0,1.0
107,All,3,3,2,2,2,0,1,3,0,1,,1.0,0.0
107,All,4,4,1,1,2,0,1,1,1,1,,1.0,1.0
107,All,4,4,1,4,1,0,3,3,1,3,,1.0,1.0
107,All,4,4,1,3,3,0,2,3,0,2,,0.0,0.0
107,All,4,4,1,2,2,0,1,3,0,1,,1.0,0.0
107,All,5,5,1,3,1,0,2,2,1,2,,1.0,1.0
107,All,5,5,1,5,2,0,3,1,0,3,,1.0,0.0
107,All,5,5,1,1,3,0,1,3,0,1,,0.0,0.0
107,All,5,5,1,4,3,1,3,3,1,3,1.0,,
107,All,5,5,1,2,2,1,2,2,1,2,1.0,,
107,All,6,4,2,2,1,0,2,3,0,2,,1.0,0.0
107,All,6,4,2,1,2,0,1,1,1,1,,1.0,1.0
107,All,6,4,2,3,3,1,3,3,1,3,1.0,,
107,All,7,2,2,2,2,0,3,1,0,3,,1.0,0.0
107,All,7,2,2,1,3,0,2,1,0,2,,1.0,0.0
107,All,8,5,2,1,2,0,1,2,0,1,,0.0,0.0
107,All,8,5,2,3,1,0,2,1,0,2,,0.0,0.0
107,All,8,5,2,5,3,1,3,3,1,3,1.0,,
107,All,8,5,2,4,3,0,2,3,0,2,,0.0,0.0
107,All,8,5,2,2,1,1,1,1,1,1,1.0,,
107,All,9,6,1,6,3,1,3,3,1,3,1.0,,
107,All,9,6,1,2,1,1,1,2,0,1,0.0,,
107,All,9,6,1,4,1,0,2,1,0,2,,0.0,0.0
107,All,9,6,1,5,2,0,3,1,0,3,,1.0,0.0
107,All,9,6,1,1,3,0,1,1,1,1,,1.0,1.0
107,All,10,4,3,2,1,0,2,2,1,2,,1.0,1.0
107,All,10,4,3,1,2,0,1,1,1,1,,1.0,1.0
107,All,10,4,3,4,3,1,3,3,1,3,1.0,,
107,All,10,4,3,3,3,0,2,1,0,2,,1.0,0.0
107,All,11,6,2,2,2,0,1,1,1,1,,1.0,1.0
107,All,11,6,2,6,3,1,3,3,1,3,1.0,,
107,All,11,6,2,4,1,0,2,3,0,2,,1.0,0.0
107,All,11,6,2,5,1,0,3,3,1,3,,1.0,1.0
107,All,11,6,2,3,3,0,2,3,0,2,,0.0,0.0
107,All,11,6,2,1,2,0,1,1,1,1,,1.0,1.0
107,All,12,5,3,4,3,0,2,3,0,2,,0.0,0.0
107,All,12,5,3,3,2,1,2,2,1,2,1.0,,
107,All,12,5,3,2,3,0,1,2,0,1,,1.0,0.0
107,All,12,5,3,5,1,0,3,3,1,3,,1.0,1.0
107,All,12,5,3,1,1,1,1,3,0,1,0.0,,
107,All,13,4,4,1,2,0,1,3,0,1,,1.0,0.0
107,All,13,4,4,4,2,0,3,1,0,3,,1.0,0.0
107,All,13,4,4,2,2,0,1,3,0,1,,1.0,0.0
107,All,13,4,4,3,2,1,2,2,1,2,1.0,,
107,All,14,6,3,5,1,0,3,1,0,3,,0.0,0.0
107,All,14,6,3,2,1,1,1,1,1,1,1.0,,
107,All,14,6,3,1,3,0,1,3,0,1,,0.0,0.0
107,All,14,6,3,6,2,0,3,1,0,3,,1.0,0.0
107,All,14,6,3,3,3,0,2,1,0,2,,1.0,0.0
107,All,15,3,3,2,1,0,3,2,0,3,,1.0,0.0
107,All,15,3,3,1,2,1,2,2,1,2,1.0,,
107,All,15,3,3,3,3,1,3,3,1,3,1.0,,
107,All,16,2,3,1,2,1,2,2,1,2,1.0,,
107,All,16,2,3,2,3,1,3,3,1,3,1.0,,
107,All,17,3,4,2,1,0,3,3,1,3,,1.0,1.0
107,All,17,3,4,3,1,0,3,2,0,3,,1.0,0.0
107,All,17,3,4,1,1,0,2,2,1,2,,1.0,1.0
107,All,18,2,4,2,3,0,2,2,1,2,,1.0,1.0
107,All,18,2,4,1,1,1,1,1,1,1,1.0,,
108,All,1,2,1,2,2,0,3,1,0,3,,1.0,0.0
108,All,1,2,1,1,3,0,1,2,0,1,,1.0,0.0
108,All,2,3,1,3,3,0,2,3,0,2,,0.0,0.0
108,All,2,3,1,1,2,0,1,3,0,1,,1.0,0.0
108,All,2,3,1,2,3,0,2,1,0,2,,1.0,0.0
108,All,3,3,2,3,3,1,3,3,1,3,1.0,,
108,All,3,3,2,1,2,0,1,3,0,1,,1.0,0.0
108,All,3,3,2,2,1,1,1,1,1,1,1.0,,
108,All,4,4,1,1,2,0,1,3,0,1,,1.0,0.0
108,All,4,4,1,4,2,0,3,3,1,3,,1.0,1.0
108,All,4,4,1,3,2,1,2,3,0,2,0.0,,
108,All,4,4,1,2,2,0,1,3,0,1,,1.0,0.0
108,All,5,5,1,3,3,0,2,2,1,2,,1.0,1.0
108,All,5,5,1,5,3,1,3,3,1,3,1.0,,
108,All,5,5,1,1,3,0,1,3,0,1,,0.0,0.0
108,All,5,5,1,4,3,1,3,3,1,3,1.0,,
108,All,5,5,1,2,3,0,2,2,1,2,,1.0,1.0
108,All,6,4,2,2,3,0,2,2,1,2,,1.0,1.0
108,All,6,4,2,1,3,0,1,2,0,1,,1.0,0.0
108,All,6,4,2,4,3,1,3,3,1,3,1.0,,
108,All,6,4,2,3,3,1,3,3,1,3,1.0,,
108,All,7,2,2,2,3,1,3,3,1,3,1.0,,
108,All,7,2,2,1,2,1,2,2,1,2,1.0,,
108,All,8,5,2,1,3,0,1,2,0,1,,1.0,0.0
108,All,8,5,2,3,3,0,2,2,1,2,,1.0,1.0
108,All,8,5,2,5,3,1,3,3,1,3,1.0,,
108,All,8,5,2,4,3,0,2,2,1,2,,1.0,1.0
108,All,8,5,2,2,3,0,1,2,0,1,,1.0,0.0
108,All,9,6,1,6,3,1,3,3,1,3,1.0,,
108,All,9,6,1,3,3,0,2,2,1,2,,1.0,1.0
108,All,9,6,1,2,3,0,1,2,0,1,,1.0,0.0
108,All,9,6,1,4,3,0,2,2,1,2,,1.0,1.0
108,All,9,6,1,5,3,1,3,3,1,3,1.0,,
108,All,9,6,1,1,3,0,1,2,0,1,,1.0,0.0
108,All,10,4,3,2,3,0,2,2,1,2,,1.0,1.0
108,All,10,4,3,1,3,0,1,2,0,1,,1.0,0.0
108,All,10,4,3,4,3,1,3,3,1,3,1.0,,
108,All,10,4,3,3,3,0,2,2,1,2,,1.0,1.0
108,All,11,6,2,2,3,0,1,1,1,1,,1.0,1.0
108,All,11,6,2,6,3,1,3,3,1,3,1.0,,
108,All,11,6,2,4,3,0,2,2,1,2,,1.0,1.0
108,All,11,6,2,5,3,1,3,3,1,3,1.0,,
108,All,11,6,2,3,3,0,2,2,1,2,,1.0,1.0
108,All,11,6,2,1,3,0,1,1,1,1,,1.0,1.0
108,All,12,5,3,4,3,0,2,2,1,2,,1.0,1.0
108,All,12,5,3,3,3,0,2,2,1,2,,1.0,1.0
108,All,12,5,3,2,3,0,1,2,0,1,,1.0,0.0
108,All,12,5,3,5,3,1,3,1,0,3,0.0,,
108,All,12,5,3,1,1,1,1,1,1,1,1.0,,
108,All,13,4,4,1,1,1,1,1,1,1,1.0,,
108,All,13,4,4,4,3,1,3,3,1,3,1.0,,
108,All,13,4,4,2,2,0,1,3,0,1,,1.0,0.0
108,All,13,4,4,3,3,0,2,1,0,2,,1.0,0.0
108,All,14,6,3,5,3,1,3,3,1,3,1.0,,
108,All,14,6,3,2,3,0,1,2,0,1,,1.0,0.0
108,All,14,6,3,1,3,0,1,2,0,1,,1.0,0.0
108,All,14,6,3,6,3,1,3,2,0,3,0.0,,
108,All,14,6,3,3,3,0,2,2,1,2,,1.0,1.0
108,All,14,6,3,4,2,1,2,2,1,2,1.0,,
108,All,15,3,3,2,3,1,3,3,1,3,1.0,,
108,All,15,3,3,1,2,1,2,2,1,2,1.0,,
108,All,15,3,3,3,3,1,3,3,1,3,1.0,,
108,All,16,2,3,1,3,0,2,2,1,2,,1.0,1.0
108,All,16,2,3,2,3,1,3,3,1,3,1.0,,
108,All,17,3,4,2,3,1,3,3,1,3,1.0,,
108,All,17,3,4,3,2,0,3,2,0,3,,0.0,0.0
108,All,17,3,4,1,1,0,2,3,0,2,,1.0,0.0
108,All,18,2,4,2,2,1,2,2,1,2,1.0,,
108,All,18,2,4,1,3,0,1,2,0,1,,1.0,0.0
109,All,1,2,1,2,3,1,3,3,1,3,1.0,,
109,All,1,2,1,1,3,0,1,3,0,1,,0.0,0.0
109,All,2,3,1,3,1,0,2,1,0,2,,0.0,0.0
109,All,2,3,1,1,2,0,1,3,0,1,,1.0,0.0
109,All,2,3,1,2,2,1,2,2,1,2,1.0,,
109,All,3,3,2,3,3,1,3,3,1,3,1.0,,
109,All,3,3,2,1,2,0,1,3,0,1,,1.0,0.0
109,All,3,3,2,2,3,0,1,1,1,1,,1.0,1.0
109,All,4,4,1,4,3,1,3,3,1,3,1.0,,
109,All,4,4,1,3,3,0,2,2,1,2,,1.0,1.0
109,All,4,4,1,2,3,0,1,1,1,1,,1.0,1.0
109,All,5,5,1,3,3,0,2,3,0,2,,0.0,0.0
109,All,5,5,1,5,3,1,3,3,1,3,1.0,,
109,All,5,5,1,1,2,0,1,1,1,1,,1.0,1.0
109,All,5,5,1,4,2,0,3,3,1,3,,1.0,1.0
109,All,5,5,1,2,3,0,2,1,0,2,,1.0,0.0
109,All,6,4,2,2,3,0,2,2,1,2,,1.0,1.0
109,All,6,4,2,4,3,1,3,3,1,3,1.0,,
109,All,6,4,2,3,3,1,3,3,1,3,1.0,,
109,All,7,2,2,2,3,1,3,3,1,3,1.0,,
109,All,7,2,2,1,3,0,2,1,0,2,,1.0,0.0
109,All,8,5,2,1,3,0,1,1,1,1,,1.0,1.0
109,All,8,5,2,3,3,0,2,3,0,2,,0.0,0.0
109,All,8,5,2,5,3,1,3,3,1,3,1.0,,
109,All,8,5,2,4,3,0,2,3,0,2,,0.0,0.0
109,All,8,5,2,2,2,0,1,1,1,1,,1.0,1.0
109,All,9,6,1,6,1,0,3,2,0,3,,1.0,0.0
109,All,9,6,1,3,1,0,2,2,1,2,,1.0,1.0
109,All,9,6,1,2,1,1,1,1,1,1,1.0,,
109,All,9,6,1,4,1,0,2,2,1,2,,1.0,1.0
109,All,9,6,1,5,1,0,3,2,0,3,,1.0,0.0
109,All,9,6,1,1,1,1,1,1,1,1,1.0,,
109,All,10,4,3,2,3,0,2,1,0,2,,1.0,0.0
109,All,10,4,3,1,3,0,1,1,1,1,,1.0,1.0
109,All,10,4,3,4,3,1,3,2,0,3,0.0,,
109,All,10,4,3,3,2,1,2,3,0,2,0.0,,
109,All,11,6,2,2,3,0,1,1,1,1,,1.0,1.0
109,All,11,6,2,6,3,1,3,3,1,3,1.0,,
109,All,11,6,2,4,2,1,2,2,1,2,1.0,,
109,All,11,6,2,5,1,0,3,3,1,3,,1.0,1.0
109,All,11,6,2,3,1,0,2,2,1,2,,1.0,1.0
109,All,11,6,2,1,2,0,1,1,1,1,,1.0,1.0
109,All,12,5,3,4,3,0,2,1,0,2,,1.0,0.0
109,All,12,5,3,3,3,0,2,2,1,2,,1.0,1.0
109,All,12,5,3,2,3,0,1,1,1,1,,1.0,1.0
109,All,12,5,3,5,3,1,3,3,1,3,1.0,,
109,All,12,5,3,1,3,0,1,1,1,1,,1.0,1.0
109,All,13,4,4,1,3,0,1,1,1,1,,1.0,1.0
109,All,13,4,4,4,3,1,3,1,0,3,0.0,,
109,All,13,4,4,2,3,0,1,1,1,1,,1.0,1.0
109,All,13,4,4,3,2,1,2,2,1,2,1.0,,
109,All,14,6,3,5,3,1,3,3,1,3,1.0,,
109,All,14,6,3,2,3,0,1,2,0,1,,1.0,0.0
109,All,14,6,3,1,2,0,1,2,0,1,,0.0,0.0
109,All,14,6,3,6,2,0,3,3,1,3,,1.0,1.0
109,All,14,6,3,3,1,0,2,2,1,2,,1.0,1.0
109,All,14,6,3,4,1,0,2,1,0,2,,0.0,0.0
109,All,15,3,3,2,2,0,3,1,0,3,,1.0,0.0
109,All,15,3,3,1,3,0,2,1,0,2,,1.0,0.0
109,All,15,3,3,3,3,1,3,3,1,3,1.0,,
109,All,16,2,3,1,3,0,2,2,1,2,,1.0,1.0
109,All,16,2,3,2,2,0,3,1,0,3,,1.0,0.0
109,All,17,3,4,2,3,1,3,3,1,3,1.0,,
109,All,17,3,4,3,2,0,3,1,0,3,,1.0,0.0
109,All,17,3,4,1,2,1,2,2,1,2,1.0,,
109,All,18,2,4,2,3,0,2,2,1,2,,1.0,1.0
109,All,18,2,4,1,3,0,1,2,0,1,,1.0,0.0
110,All,1,2,1,2,3,1,3,3,1,3,1.0,,
110,All,1,2,1,1,2,0,1,1,1,1,,1.0,1.0
110,All,2,3,1,3,2,1,2,2,1,2,1.0,,
110,All,2,3,1,2,3,0,2,1,0,2,,1.0,0.0
110,All,3,3,2,1,2,0,1,3,0,1,,1.0,0.0
110,All,3,3,2,2,1,1,1,1,1,1,1.0,,
110,All,4,4,1,1,3,0,1,2,0,1,,1.0,0.0
110,All,4,4,1,4,2,0,3,1,0,3,,1.0,0.0
110,All,4,4,1,3,3,0,2,3,0,2,,0.0,0.0
110,All,4,4,1,2,1,1,1,1,1,1,1.0,,
110,All,5,5,1,3,3,0,2,1,0,2,,1.0,0.0
110,All,5,5,1,5,2,0,3,3,1,3,,1.0,1.0
110,All,5,5,1,1,2,0,1,1,1,1,,1.0,1.0
110,All,5,5,1,4,2,0,3,1,0,3,,1.0,0.0
110,All,5,5,1,2,2,1,2,2,1,2,1.0,,
110,All,6,4,2,2,2,1,2,2,1,2,1.0,,
110,All,6,4,2,1,1,1,1,3,0,1,0.0,,
110,All,6,4,2,4,3,1,3,3,1,3,1.0,,
110,All,6,4,2,3,2,0,3,1,0,3,,1.0,0.0
110,All,7,2,2,2,3,1,3,3,1,3,1.0,,
110,All,7,2,2,1,1,0,2,2,1,2,,1.0,1.0
110,All,8,5,2,1,2,0,1,3,0,1,,1.0,0.0
110,All,8,5,2,3,1,0,2,2,1,2,,1.0,1.0
110,All,8,5,2,5,1,0,3,1,0,3,,0.0,0.0
110,All,8,5,2,4,3,0,2,1,0,2,,1.0,0.0
110,All,8,5,2,2,2,0,1,2,0,1,,0.0,0.0
110,All,9,6,1,6,2,0,3,3,1,3,,1.0,1.0
110,All,9,6,1,3,1,0,2,2,1,2,,1.0,1.0
110,All,9,6,1,2,1,1,1,1,1,1,1.0,,
110,All,9,6,1,4,1,0,2,2,1,2,,1.0,1.0
110,All,9,6,1,5,1,0,3,3,1,3,,1.0,1.0
110,All,9,6,1,1,1,1,1,1,1,1,1.0,,
110,All,10,4,3,2,3,0,2,2,1,2,,1.0,1.0
110,All,10,4,3,1,3,0,1,1,1,1,,1.0,1.0
110,All,10,4,3,4,3,1,3,3,1,3,1.0,,
110,All,11,6,2,2,3,0,1,1,1,1,,1.0,1.0
110,All,11,6,2,6,3,1,3,3,1,3,1.0,,
110,All,11,6,2,4,3,0,2,2,1,2,,1.0,1.0
110,All,11,6,2,5,3,1,3,2,0,3,0.0,,
110,All,11,6,2,3,3,0,2,1,0,2,,1.0,0.0
110,All,11,6,2,1,3,0,1,1,1,1,,1.0,1.0
110,All,12,5,3,4,3,0,2,1,0,2,,1.0,0.0
110,All,12,5,3,3,3,0,2,2,1,2,,1.0,1.0
110,All,12,5,3,2,3,0,1,1,1,1,,1.0,1.0
110,All,12,5,3,5,3,1,3,3,1,3,1.0,,
110,All,12,5,3,1,3,0,1,2,0,1,,1.0,0.0
110,All,13,4,4,1,3,0,1,1,1,1,,1.0,1.0
110,All,13,4,4,4,3,1,3,3,1,3,1.0,,
110,All,13,4,4,2,2,0,1,3,0,1,,1.0,0.0
110,All,13,4,4,3,1,0,2,2,1,2,,1.0,1.0
110,All,14,6,3,5,3,1,3,1,0,3,0.0,,
110,All,14,6,3,2,3,0,1,1,1,1,,1.0,1.0
110,All,14,6,3,1,3,0,1,2,0,1,,1.0,0.0
110,All,14,6,3,6,3,1,3,2,0,3,0.0,,
110,All,14,6,3,3,3,0,2,1,0,2,,1.0,0.0
110,All,14,6,3,4,3,0,2,2,1,2,,1.0,1.0
110,All,15,3,3,2,3,1,3,3,1,3,1.0,,
110,All,15,3,3,1,2,1,2,2,1,2,1.0,,
110,All,15,3,3,3,1,0,3,2,0,3,,1.0,0.0
110,All,16,2,3,1,3,0,2,2,1,2,,1.0,1.0
110,All,16,2,3,2,3,1,3,3,1,3,1.0,,
110,All,17,3,4,2,3,1,3,3,1,3,1.0,,
110,All,17,3,4,3,3,1,3,3,1,3,1.0,,
110,All,17,3,4,1,3,0,2,2,1,2,,1.0,1.0
110,All,18,2,4,2,3,0,2,2,1,2,,1.0,1.0
110,All,18,2,4,1,3,0,1,2,0,1,,1.0,0.0
111,All,1,2,1,2,3,1,3,3,1,3,1.0,,
111,All,1,2,1,1,2,0,1,2,0,1,,0.0,0.0
111,All,2,3,1,3,3,0,2,2,1,2,,1.0,1.0
111,All,2,3,1,1,3,0,1,2,0,1,,1.0,0.0
111,All,2,3,1,2,3,0,2,2,1,2,,1.0,1.0
111,All,3,3,2,3,3,1,3,1,0,3,0.0,,
111,All,3,3,2,2,2,0,1,3,0,1,,1.0,0.0
111,All,4,4,1,1,3,0,1,2,0,1,,1.0,0.0
111,All,4,4,1,4,3,1,3,3,1,3,1.0,,
111,All,4,4,1,3,3,0,2,3,0,2,,0.0,0.0
111,All,4,4,1,2,3,0,1,2,0,1,,1.0,0.0
111,All,5,5,1,3,3,0,2,2,1,2,,1.0,1.0
111,All,5,5,1,5,3,1,3,3,1,3,1.0,,
111,All,5,5,1,1,3,0,1,3,0,1,,0.0,0.0
111,All,6,4,2,2,3,0,2,2,1,2,,1.0,1.0
111,All,6,4,2,1,3,0,1,2,0,1,,1.0,0.0
111,All,6,4,2,4,3,1,3,3,1,3,1.0,,
111,All,6,4,2,3,3,1,3,3,1,3,1.0,,
111,All,7,2,2,2,3,1,3,3,1,3,1.0,,
111,All,7,2,2,1,3,0,2,3,0,2,,0.0,0.0
111,All,8,5,2,1,3,0,1,2,0,1,,1.0,0.0
111,All,8,5,2,3,3,0,2,2,1,2,,1.0,1.0
111,All,8,5,2,5,3,1,3,3,1,3,1.0,,
111,All,8,5,2,4,3,0,2,2,1,2,,1.0,1.0
111,All,9,6,1,6,3,1,3,3,1,3,1.0,,
111,All,9,6,1,3,3,0,2,2,1,2,,1.0,1.0
111,All,9,6,1,2,3,0,1,2,0,1,,1.0,0.0
111,All,9,6,1,4,3,0,2,2,1,2,,1.0,1.0
111,All,9,6,1,5,3,1,3,3,1,3,1.0,,
111,All,9,6,1,1,3,0,1,2,0,1,,1.0,0.0
111,All,10,4,3,2,3,0,2,2,1,2,,1.0,1.0
111,All,10,4,3,1,3,0,1,2,0,1,,1.0,0.0
111,All,10,4,3,4,3,1,3,2,0,3,0.0,,
111,All,10,4,3,3,3,0,2,2,1,2,,1.0,1.0
111,All,11,6,2,6,3,1,3,2,0,3,0.0,,
111,All,11,6,2,4,3,0,2,2,1,2,,1.0,1.0
111,All,11,6,2,5,3,1,3,3,1,3,1.0,,
111,All,11,6,2,3,3,0,2,2,1,2,,1.0,1.0
111,All,11,6,2,1,2,0,1,2,0,1,,0.0,0.0
111,All,12,5,3,4,3,0,2,1,0,2,,1.0,0.0
111,All,12,5,3,3,3,0,2,2,1,2,,1.0,1.0
111,All,12,5,3,2,3,0,1,1,1,1,,1.0,1.0
111,All,12,5,3,5,3,1,3,3,1,3,1.0,,
111,All,12,5,3,1,3,0,1,3,0,1,,0.0,0.0
111,All,13,4,4,1,3,0,1,1,1,1,,1.0,1.0
111,All,13,4,4,4,3,1,3,3,1,3,1.0,,
111,All,13,4,4,2,3,0,1,2,0,1,,1.0,0.0
111,All,13,4,4,3,3,0,2,2,1,2,,1.0,1.0
111,All,14,6,3,5,3,1,3,3,1,3,1.0,,
111,All,14,6,3,2,3,0,1,2,0,1,,1.0,0.0
111,All,14,6,3,1,3,0,1,2,0,1,,1.0,0.0
111,All,14,6,3,6,3,1,3,3,1,3,1.0,,
111,All,14,6,3,3,3,0,2,2,1,2,,1.0,1.0
111,All,14,6,3,4,3,0,2,2,1,2,,1.0,1.0
111,All,15,3,3,2,3,1,3,3,1,3,1.0,,
111,All,15,3,3,1,3,0,2,2,1,2,,1.0,1.0
111,All,15,3,3,3,3,1,3,3,1,3,1.0,,
111,All,16,2,3,1,3,0,2,2,1,2,,1.0,1.0
111,All,16,2,3,2,3,1,3,3,1,3,1.0,,
111,All,17,3,4,2,3,1,3,3,1,3,1.0,,
111,All,17,3,4,3,3,1,3,3,1,3,1.0,,
111,All,17,3,4,1,3,0,2,2,1,2,,1.0,1.0
111,All,18,2,4,2,3,0,2,2,1,2,,1.0,1.0
111,All,18,2,4,1,3,0,1,2,0,1,,1.0,0.0
112,All,1,2,1,2,3,1,3,3,1,3,1.0,,
112,All,1,2,1,1,1,1,1,1,1,1,1.0,,
112,All,2,3,1,3,1,0,2,3,0,2,,1.0,0.0
112,All,2,3,1,1,1,1,1,1,1,1,1.0,,
112,All,3,3,2,3,2,0,3,3,1,3,,1.0,1.0
112,All,3,3,2,1,2,0,1,3,0,1,,1.0,0.0
112,All,3,3,2,2,2,0,1,1,1,1,,1.0,1.0
112,All,4,4,1,1,3,0,1,1,1,1,,1.0,1.0
112,All,4,4,1,4,3,1,3,3,1,3,1.0,,
112,All,4,4,1,3,2,1,2,2,1,2,1.0,,
112,All,4,4,1,2,1,1,1,1,1,1,1.0,,
112,All,5,5,1,3,2,1,2,2,1,2,1.0,,
112,All,5,5,1,5,1,0,3,1,0,3,,0.0,0.0
112,All,5,5,1,1,2,0,1,2,0,1,,0.0,0.0
112,All,5,5,1,4,3,1,3,3,1,3,1.0,,
112,All,5,5,1,2,3,0,2,3,0,2,,0.0,0.0
112,All,6,4,2,2,3,0,2,1,0,2,,1.0,0.0
112,All,6,4,2,1,3,0,1,2,0,1,,1.0,0.0
112,All,6,4,2,4,2,0,3,2,0,3,,0.0,0.0
112,All,6,4,2,3,3,1,3,3,1,3,1.0,,
112,All,7,2,2,2,2,0,3,3,1,3,,1.0,1.0
112,All,7,2,2,1,2,1,2,2,1,2,1.0,,
112,All,8,5,2,1,1,1,1,1,1,1,1.0,,
112,All,8,5,2,3,1,0,2,2,1,2,,1.0,1.0
112,All,8,5,2,5,2,0,3,3,1,3,,1.0,1.0
112,All,8,5,2,4,1,0,2,2,1,2,,1.0,1.0
112,All,8,5,2,2,1,1,1,1,1,1,1.0,,
112,All,9,6,1,6,1,0,3,1,0,3,,0.0,0.0
112,All,9,6,1,3,2,1,2,2,1,2,1.0,,
112,All,9,6,1,2,2,0,1,1,1,1,,1.0,1.0
112,All,9,6,1,4,3,0,2,1,0,2,,1.0,0.0
112,All,9,6,1,5,3,1,3,3,1,3,1.0,,
112,All,9,6,1,1,3,0,1,1,1,1,,1.0,1.0
112,All,10,4,3,2,1,0,2,2,1,2,,1.0,1.0
112,All,10,4,3,1,1,1,1,1,1,1,1.0,,
112,All,10,4,3,4,1,0,3,3,1,3,,1.0,1.0
112,All,10,4,3,3,1,0,2,3,0,2,,1.0,0.0
112,All,11,6,2,2,1,1,1,1,1,1,1.0,,
112,All,11,6,2,6,2,0,3,3,1,3,,1.0,1.0
112,All,11,6,2,4,1,0,2,2,1,2,,1.0,1.0
112,All,11,6,2,5,1,0,3,2,0,3,,1.0,0.0
112,All,11,6,2,3,1,0,2,1,0,2,,0.0,0.0
112,All,11,6,2,1,1,1,1,1,1,1,1.0,,
112,All,12,5,3,4,2,1,2,3,0,2,0.0,,
112,All,12,5,3,3,3,0,2,2,1,2,,1.0,1.0
112,All,12,5,3,2,1,1,1,1,1,1,1.0,,
112,All,12,5,3,1,3,0,1,1,1,1,,1.0,1.0
112,All,13,4,4,1,1,1,1,1,1,1,1.0,,
112,All,13,4,4,4,2,0,3,3,1,3,,1.0,1.0
112,All,13,4,4,2,2,0,1,3,0,1,,1.0,0.0
112,All,13,4,4,3,2,1,2,1,0,2,0.0,,
112,All,14,6,3,5,1,0,3,2,0,3,,1.0,0.0
112,All,14,6,3,2,1,1,1,1,1,1,1.0,,
112,All,14,6,3,1,1,1,1,1,1,1,1.0,,
112,All,14,6,3,6,1,0,3,3,1,3,,1.0,1.0
112,All,14,6,3,3,2,1,2,2,1,2,1.0,,
112,All,14,6,3,4,2,1,2,2,1,2,1.0,,
112,All,15,3,3,2,2,0,3,1,0,3,,1.0,0.0
112,All,15,3,3,1,1,0,2,2,1,2,,1.0,1.0
112,All,15,3,3,3,1,0,3,3,1,3,,1.0,1.0
112,All,16,2,3,1,1,0,2,2,1,2,,1.0,1.0
112,All,16,2,3,2,1,0,3,2,0,3,,1.0,0.0
112,All,17,3,4,2,3,1,3,3,1,3,1.0,,
112,All,17,3,4,3,1,0,3,2,0,3,,1.0,0.0
112,All,17,3,4,1,1,0,2,1,0,2,,0.0,0.0
112,All,18,2,4,2,3,0,2,2,1,2,,1.0,1.0
112,All,18,2,4,1,2,0,1,2,0,1,,0.0,0.0
113,All,1,2,1,2,3,1,3,3,1,3,1.0,,
113,All,1,2,1,1,1,1,1,3,0,1,0.0,,
113,All,2,3,1,3,1,0,2,3,0,2,,1.0,0.0
113,All,2,3,1,1,3,0,1,3,0,1,,0.0,0.0
113,All,2,3,1,2,2,1,2,2,1,2,1.0,,
113,All,3,3,2,1,2,0,1,3,0,1,,1.0,0.0
113,All,3,3,2,2,3,0,1,1,1,1,,1.0,1.0
113,All,4,4,1,1,3,0,1,3,0,1,,0.0,0.0
113,All,4,4,1,4,3,1,3,2,0,3,0.0,,
113,All,4,4,1,3,2,1,2,2,1,2,1.0,,
113,All,4,4,1,2,1,1,1,1,1,1,1.0,,
113,All,5,5,1,3,3,0,2,1,0,2,,1.0,0.0
113,All,5,5,1,5,3,1,3,3,1,3,1.0,,
113,All,5,5,1,1,2,0,1,3,0,1,,1.0,0.0
113,All,5,5,1,4,3,1,3,3,1,3,1.0,,
113,All,5,5,1,2,3,0,2,3,0,2,,0.0,0.0
113,All,6,4,2,2,3,0,2,2,1,2,,1.0,1.0
113,All,6,4,2,1,3,0,1,2,0,1,,1.0,0.0
113,All,6,4,2,4,3,1,3,3,1,3,1.0,,
113,All,6,4,2,3,3,1,3,3,1,3,1.0,,
113,All,7,2,2,2,3,1,3,3,1,3,1.0,,
113,All,7,2,2,1,3,0,2,3,0,2,,0.0,0.0
113,All,8,5,2,1,3,0,1,2,0,1,,1.0,0.0
113,All,8,5,2,3,3,0,2,2,1,2,,1.0,1.0
113,All,8,5,2,5,3,1,3,3,1,3,1.0,,
113,All,8,5,2,4,3,0,2,2,1,2,,1.0,1.0
113,All,8,5,2,2,3,0,1,2,0,1,,1.0,0.0
113,All,9,6,1,6,1,0,3,3,1,3,,1.0,1.0
113,All,9,6,1,3,1,0,2,1,0,2,,0.0,0.0
113,All,9,6,1,2,1,1,1,1,1,1,1.0,,
113,All,9,6,1,4,1,0,2,2,1,2,,1.0,1.0
113,All,9,6,1,5,1,0,3,1,0,3,,0.0,0.0
113,All,9,6,1,1,1,1,1,1,1,1,1.0,,
113,All,10,4,3,2,3,0,2,2,1,2,,1.0,1.0
113,All,10,4,3,1,3,0,1,1,1,1,,1.0,1.0
113,All,10,4,3,4,3,1,3,3,1,3,1.0,,
113,All,10,4,3,3,3,0,2,2,1,2,,1.0,1.0
113,All,11,6,2,2,3,0,1,2,0,1,,1.0,0.0
113,All,11,6,2,6,3,1,3,3,1,3,1.0,,
113,All,11,6,2,4,3,0,2,2,1,2,,1.0,1.0
113,All,11,6,2,5,3,1,3,3,1,3,1.0,,
113,All,11,6,2,3,3,0,2,3,0,2,,0.0,0.0
113,All,11,6,2,1,3,0,1,2,0,1,,1.0,0.0
113,All,12,5,3,4,3,0,2,2,1,2,,1.0,1.0
113,All,12,5,3,3,3,0,2,3,0,2,,0.0,0.0
113,All,12,5,3,2,3,0,1,3,0,1,,0.0,0.0
113,All,12,5,3,5,3,1,3,3,1,3,1.0,,
113,All,12,5,3,1,3,0,1,2,0,1,,1.0,0.0
113,All,13,4,4,1,3,0,1,2,0,1,,1.0,0.0
113,All,13,4,4,4,3,1,3,3,1,3,1.0,,
113,All,13,4,4,2,3,0,1,2,0,1,,1.0,0.0
113,All,13,4,4,3,3,0,2,2,1,2,,1.0,1.0
113,All,14,6,3,5,3,1,3,3,1,3,1.0,,
113,All,14,6,3,2,3,0,1,2,0,1,,1.0,0.0
113,All,14,6,3,1,3,0,1,1,1,1,,1.0,1.0
113,All,14,6,3,6,3,1,3,3,1,3,1.0,,
113,All,14,6,3,3,3,0,2,1,0,2,,1.0,0.0
113,All,14,6,3,4,3,0,2,2,1,2,,1.0,1.0
113,All,15,3,3,2,3,1,3,3,1,3,1.0,,
113,All,15,3,3,1,3,0,2,2,1,2,,1.0,1.0
113,All,15,3,3,3,3,1,3,3,1,3,1.0,,
113,All,16,2,3,1,3,0,2,2,1,2,,1.0,1.0
113,All,16,2,3,2,3,1,3,3,1,3,1.0,,
113,All,17,3,4,2,3,1,3,3,1,3,1.0,,
113,All,17,3,4,3,3,1,3,3,1,3,1.0,,
113,All,17,3,4,1,3,0,2,2,1,2,,1.0,1.0
113,All,18,2,4,2,3,0,2,2,1,2,,1.0,1.0
113,All,18,2,4,1,3,0,1,2,0,1,,1.0,0.0
114,All,1,2,1,2,3,1,3,1,0,3,0.0,,
114,All,1,2,1,1,2,0,1,1,1,1,,1.0,1.0
114,All,2,3,1,3,2,1,2,2,1,2,1.0,,
114,All,2,3,1,1,1,1,1,1,1,1,1.0,,
114,All,2,3,1,2,3,0,2,2,1,2,,1.0,1.0
114,All,3,3,2,3,2,0,3,2,0,3,,0.0,0.0
114,All,3,3,2,1,1,1,1,1,1,1,1.0,,
114,All,3,3,2,2,2,0,1,3,0,1,,1.0,0.0
114,All,4,4,1,1,3,0,1,1,1,1,,1.0,1.0
114,All,4,4,1,4,2,0,3,1,0,3,,1.0,0.0
114,All,4,4,1,3,3,0,2,1,0,2,,1.0,0.0
114,All,4,4,1,2,1,1,1,1,1,1,1.0,,
114,All,5,5,1,3,2,1,2,2,1,2,1.0,,
114,All,5,5,1,5,1,0,3,1,0,3,,0.0,0.0
114,All,5,5,1,1,3,0,1,3,0,1,,0.0,0.0
114,All,5,5,1,4,2,0,3,3,1,3,,1.0,1.0
114,All,5,5,1,2,3,0,2,2,1,2,,1.0,1.0
114,All,6,4,2,2,2,1,2,2,1,2,1.0,,
114,All,6,4,2,1,1,1,1,2,0,1,0.0,,
114,All,6,4,2,4,1,0,3,1,0,3,,0.0,0.0
114,All,6,4,2,3,3,1,3,3,1,3,1.0,,
114,All,7,2,2,2,3,1,3,3,1,3,1.0,,
114,All,7,2,2,1,2,1,2,3,0,2,0.0,,
114,All,8,5,2,1,3,0,1,1,1,1,,1.0,1.0
114,All,8,5,2,3,2,1,2,1,0,2,0.0,,
114,All,8,5,2,5,1,0,3,2,0,3,,1.0,0.0
114,All,8,5,2,4,3,0,2,3,0,2,,0.0,0.0
114,All,8,5,2,2,2,0,1,3,0,1,,1.0,0.0
114,All,9,6,1,6,2,0,3,2,0,3,,0.0,0.0
114,All,9,6,1,3,2,1,2,2,1,2,1.0,,
114,All,9,6,1,2,1,1,1,1,1,1,1.0,,
114,All,9,6,1,4,3,0,2,1,0,2,,1.0,0.0
114,All,9,6,1,5,2,0,3,1,0,3,,1.0,0.0
114,All,9,6,1,1,3,0,1,3,0,1,,0.0,0.0
114,All,10,4,3,2,2,1,2,2,1,2,1.0,,
114,All,10,4,3,1,1,1,1,1,1,1,1.0,,
114,All,10,4,3,4,1,0,3,3,1,3,,1.0,1.0
114,All,10,4,3,3,2,1,2,2,1,2,1.0,,
114,All,11,6,2,2,2,0,1,2,0,1,,0.0,0.0
114,All,11,6,2,6,1,0,3,3,1,3,,1.0,1.0
114,All,11,6,2,4,2,1,2,2,1,2,1.0,,
114,All,11,6,2,5,2,0,3,2,0,3,,0.0,0.0
114,All,11,6,2,3,3,0,2,1,0,2,,1.0,0.0
114,All,11,6,2,1,1,1,1,1,1,1,1.0,,
114,All,12,5,3,4,2,1,2,2,1,2,1.0,,
114,All,12,5,3,3,1,0,2,2,1,2,,1.0,1.0
114,All,12,5,3,2,3,0,1,1,1,1,,1.0,1.0
114,All,12,5,3,5,2,0,3,2,0,3,,0.0,0.0
114,All,13,4,4,1,2,0,1,2,0,1,,0.0,0.0
114,All,13,4,4,4,1,0,3,2,0,3,,1.0,0.0
114,All,13,4,4,2,2,0,1,3,0,1,,1.0,0.0
114,All,14,6,3,5,2,0,3,1,0,3,,1.0,0.0
114,All,14,6,3,2,1,1,1,1,1,1,1.0,,
114,All,14,6,3,1,1,1,1,1,1,1,1.0,,
114,All,14,6,3,6,1,0,3,1,0,3,,0.0,0.0
114,All,14,6,3,3,1,0,2,3,0,2,,1.0,0.0
114,All,14,6,3,4,2,1,2,2,1,2,1.0,,
114,All,15,3,3,2,2,0,3,2,0,3,,0.0,0.0
114,All,15,3,3,1,2,1,2,2,1,2,1.0,,
114,All,15,3,3,3,1,0,3,1,0,3,,0.0,0.0
114,All,16,2,3,1,2,1,2,2,1,2,1.0,,
114,All,16,2,3,2,2,0,3,3,1,3,,1.0,1.0
114,All,17,3,4,2,2,0,3,1,0,3,,1.0,0.0
114,All,17,3,4,3,1,0,3,3,1,3,,1.0,1.0
114,All,17,3,4,1,3,0,2,2,1,2,,1.0,1.0
114,All,18,2,4,2,2,1,2,2,1,2,1.0,,
114,All,18,2,4,1,3,0,1,2,0,1,,1.0,0.0
115,All,1,2,1,2,3,1,3,3,1,3,1.0,,
115,All,1,2,1,1,2,0,1,3,0,1,,1.0,0.0
115,All,2,3,1,3,3,0,2,2,1,2,,1.0,1.0
115,All,2,3,1,1,3,0,1,2,0,1,,1.0,0.0
115,All,2,3,1,2,3,0,2,2,1,2,,1.0,1.0
115,All,3,3,2,3,3,1,3,3,1,3,1.0,,
115,All,3,3,2,1,3,0,1,1,1,1,,1.0,1.0
115,All,3,3,2,2,3,0,1,2,0,1,,1.0,0.0
115,All,4,4,1,1,3,0,1,2,0,1,,1.0,0.0
115,All,4,4,1,4,3,1,3,3,1,3,1.0,,
115,All,4,4,1,3,2,1,2,2,1,2,1.0,,
115,All,4,4,1,2,3,0,1,3,0,1,,0.0,0.0
115,All,5,5,1,3,3,0,2,2,1,2,,1.0,1.0
115,All,5,5,1,5,3,1,3,3,1,3,1.0,,
115,All,5,5,1,1,3,0,1,1,1,1,,1.0,1.0
115,All,5,5,1,2,3,0,2,2,1,2,,1.0,1.0
115,All,6,4,2,2,3,0,2,3,0,2,,0.0,0.0
115,All,6,4,2,1,3,0,1,2,0,1,,1.0,0.0
115,All,6,4,2,4,3,1,3,3,1,3,1.0,,
115,All,6,4,2,3,3,1,3,1,0,3,0.0,,
115,All,7,2,2,2,3,1,3,3,1,3,1.0,,
115,All,7,2,2,1,3,0,2,2,1,2,,1.0,1.0
115,All,8,5,2,1,3,0,1,2,0,1,,1.0,0.0
115,All,8,5,2,3,3,0,2,2,1,2,,1.0,1.0
115,All,8,5,2,5,3,1,3,2,0,3,0.0,,
115,All,8,5,2,4,3,0,2,1,0,2,,1.0,0.0
115,All,9,6,1,6,3,1,3,3,1,3,1.0,,
115,All,9,6,1,3,3,0,2,1,0,2,,1.0,0.0
115,All,9,6,1,2,3,0,1,2,0,1,,1.0,0.0
115,All,9,6,1,4,3,0,2,2,1,2,,1.0,1.0
115,All,9,6,1,5,3,1,3,2,0,3,0.0,,
115,All,9,6,1,1,3,0,1,2,0,1,,1.0,0.0
115,All,10,4,3,2,3,0,2,2,1,2,,1.0,1.0
115,All,10,4,3,1,3,0,1,2,0,1,,1.0,0.0
115,All,10,4,3,4,3,1,3,2,0,3,0.0,,
115,All,10,4,3,3,3,0,2,3,0,2,,0.0,0.0
115,All,11,6,2,2,3,0,1,2,0,1,,1.0,0.0
115,All,11,6,2,6,3,1,3,3,1,3,1.0,,
115,All,11,6,2,4,3,0,2,3,0,2,,0.0,0.0
115,All,11,6,2,3,3,0,2,2,1,2,,1.0,1.0
115,All,11,6,2,1,3,0,1,2,0,1,,1.0,0.0
115,All,12,5,3,4,3,0,2,2,1,2,,1.0,1.0
115,All,12,5,3,3,3,0,2,2,1,2,,1.0,1.0
115,All,12,5,3,2,3,0,1,2,0,1,,1.0,0.0
115,All,12,5,3,5,3,1,3,3,1,3,1.0,,
115,All,12,5,3,1,3,0,1,2,0,1,,1.0,0.0
115,All,13,4,4,1,3,0,1,2,0,1,,1.0,0.0
115,All,13,4,4,4,3,1,3,3,1,3,1.0,,
115,All,13,4,4,2,3,0,1,2,0,1,,1.0,0.0
115,All,13,4,4,3,3,0,2,2,1,2,,1.0,1.0
115,All,14,6,3,5,3,1,3,3,1,3,1.0,,
115,All,14,6,3,2,3,0,1,2,0,1,,1.0,0.0
115,All,14,6,3,1,3,0,1,2,0,1,,1.0,0.0
115,All,14,6,3,6,3,1,3,2,0,3,0.0,,
115,All,14,6,3,3,3,0,2,1,0,2,,1.0,0.0
115,All,14,6,3,4,3,0,2,2,1,2,,1.0,1.0
115,All,15,3,3,2,3,1,3,3,1,3,1.0,,
115,All,15,3,3,1,3,0,2,2,1,2,,1.0,1.0
115,All,15,3,3,3,3,1,3,3,1,3,1.0,,
115,All,16,2,3,1,3,0,2,2,1,2,,1.0,1.0
115,All,16,2,3,2,3,1,3,3,1,3,1.0,,
115,All,17,3,4,2,3,1,3,3,1,3,1.0,,
115,All,17,3,4,3,3,1,3,3,1,3,1.0,,
115,All,17,3,4,1,3,0,2,2,1,2,,1.0,1.0
115,All,18,2,4,2,3,0,2,2,1,2,,1.0,1.0
115,All,18,2,4,1,3,0,1,2,0,1,,1.0,0.0
116,All,1,2,1,2,2,0,3,3,1,3,,1.0,1.0
116,All,1,2,1,1,3,0,1,1,1,1,,1.0,1.0
116,All,2,3,1,3,2,1,2,2,1,2,1.0,,
116,All,2,3,1,1,3,0,1,1,1,1,,1.0,1.0
116,All,2,3,1,2,1,0,2,1,0,2,,0.0,0.0
116,All,3,3,2,3,2,0,3,2,0,3,,0.0,0.0
116,All,3,3,2,1,3,0,1,1,1,1,,1.0,1.0
116,All,3,3,2,2,2,0,1,3,0,1,,1.0,0.0
116,All,4,4,1,1,2,0,1,1,1,1,,1.0,1.0
116,All,4,4,1,4,1,0,3,3,1,3,,1.0,1.0
116,All,4,4,1,3,3,0,2,3,0,2,,0.0,0.0
116,All,4,4,1,2,2,0,1,2,0,1,,0.0,0.0
116,All,5,5,1,3,2,1,2,3,0,2,0.0,,
116,All,5,5,1,5,3,1,3,3,1,3,1.0,,
116,All,5,5,1,1,1,1,1,1,1,1,1.0,,
116,All,5,5,1,2,1,0,2,1,0,2,,0.0,0.0
116,All,6,4,2,2,3,0,2,1,0,2,,1.0,0.0
116,All,6,4,2,1,1,1,1,1,1,1,1.0,,
116,All,6,4,2,4,2,0,3,2,0,3,,0.0,0.0
116,All,6,4,2,3,3,1,3,3,1,3,1.0,,
116,All,7,2,2,2,2,0,3,2,0,3,,0.0,0.0
116,All,7,2,2,1,1,0,2,2,1,2,,1.0,1.0
116,All,8,5,2,1,3,0,1,2,0,1,,1.0,0.0
116,All,8,5,2,3,2,1,2,2,1,2,1.0,,
116,All,8,5,2,5,1,0,3,1,0,3,,0.0,0.0
116,All,8,5,2,4,3,0,2,1,0,2,,1.0,0.0
116,All,8,5,2,2,2,0,1,3,0,1,,1.0,0.0
116,All,9,6,1,6,2,0,3,3,1,3,,1.0,1.0
116,All,9,6,1,3,3,0,2,2,1,2,,1.0,1.0
116,All,9,6,1,2,1,1,1,1,1,1,1.0,,
116,All,9,6,1,4,2,1,2,2,1,2,1.0,,
116,All,9,6,1,5,3,1,3,3,1,3,1.0,,
116,All,9,6,1,1,1,1,1,1,1,1,1.0,,
116,All,10,4,3,2,2,1,2,2,1,2,1.0,,
116,All,10,4,3,1,3,0,1,1,1,1,,1.0,1.0
116,All,10,4,3,4,1,0,3,3,1,3,,1.0,1.0
116,All,10,4,3,3,2,1,2,2,1,2,1.0,,
116,All,11,6,2,2,2,0,1,3,0,1,,1.0,0.0
116,All,11,6,2,6,1,0,3,2,0,3,,1.0,0.0
116,All,11,6,2,4,3,0,2,3,0,2,,0.0,0.0
116,All,11,6,2,5,3,1,3,3,1,3,1.0,,
116,All,11,6,2,3,2,1,2,1,0,2,0.0,,
116,All,11,6,2,1,1,1,1,1,1,1,1.0,,
116,All,12,5,3,4,2,1,2,2,1,2,1.0,,
116,All,12,5,3,3,1,0,2,2,1,2,,1.0,1.0
116,All,12,5,3,2,3,0,1,3,0,1,,0.0,0.0
116,All,12,5,3,5,1,0,3,2,0,3,,1.0,0.0
116,All,12,5,3,1,2,0,1,1,1,1,,1.0,1.0
116,All,13,4,4,1,3,0,1,1,1,1,,1.0,1.0
116,All,13,4,4,4,2,0,3,3,1,3,,1.0,1.0
116,All,13,4,4,2,1,1,1,2,0,1,0.0,,
116,All,13,4,4,3,3,0,2,1,0,2,,1.0,0.0
116,All,14,6,3,5,2,0,3,2,0,3,,0.0,0.0
116,All,14,6,3,2,3,0,1,1,1,1,,1.0,1.0
116,All,14,6,3,1,1,1,1,1,1,1,1.0,,
116,All,14,6,3,6,2,0,3,3,1,3,,1.0,1.0
116,All,14,6,3,3,3,0,2,3,0,2,,0.0,0.0
116,All,14,6,3,4,2,1,2,2,1,2,1.0,,
116,All,15,3,3,2,2,0,3,3,1,3,,1.0,1.0
116,All,15,3,3,1,1,0,2,2,1,2,,1.0,1.0
116,All,15,3,3,3,3,1,3,1,0,3,0.0,,
116,All,16,2,3,1,3,0,2,1,0,2,,1.0,0.0
116,All,16,2,3,2,2,0,3,3,1,3,,1.0,1.0
116,All,17,3,4,2,2,0,3,1,0,3,,1.0,0.0
116,All,17,3,4,3,1,0,3,2,0,3,,1.0,0.0
116,All,17,3,4,1,3,0,2,2,1,2,,1.0,1.0
116,All,18,2,4,2,3,0,2,3,0,2,,0.0,0.0
116,All,18,2,4,1,2,0,1,1,1,1,,1.0,1.0
117,All,2,3,1,1,1,1,1,2,0,1,0.0,,
117,All,2,3,1,2,1,0,2,2,1,2,,1.0,1.0
117,All,3,3,2,3,2,0,3,2,0,3,,0.0,0.0
117,All,3,3,2,1,1,1,1,1,1,1,1.0,,
117,All,3,3,2,2,3,0,1,1,1,1,,1.0,1.0
117,All,4,4,1,1,1,1,1,3,0,1,0.0,,
117,All,4,4,1,4,1,0,3,2,0,3,,1.0,0.0
117,All,4,4,1,2,2,0,1,1,1,1,,1.0,1.0
117,All,5,5,1,3,1,0,2,2,1,2,,1.0,1.0
117,All,5,5,1,5,2,0,3,2,0,3,,0.0,0.0
117,All,5,5,1,1,3,0,1,3,0,1,,0.0,0.0
117,All,5,5,1,4,1,0,3,1,0,3,,0.0,0.0
117,All,5,5,1,2,1,0,2,2,1,2,,1.0,1.0
117,All,6,4,2,1,1,1,1,1,1,1,1.0,,
117,All,6,4,2,4,1,0,3,1,0,3,,0.0,0.0
117,All,6,4,2,3,2,0,3,1,0,3,,1.0,0.0
117,All,7,2,2,2,1,0,3,1,0,3,,0.0,0.0
117,All,7,2,2,1,2,1,2,2,1,2,1.0,,
117,All,8,5,2,1,2,0,1,2,0,1,,0.0,0.0
117,All,8,5,2,3,3,0,2,2,1,2,,1.0,1.0
117,All,8,5,2,5,1,0,3,3,1,3,,1.0,1.0
117,All,8,5,2,4,2,1,2,3,0,2,0.0,,
117,All,8,5,2,2,2,0,1,1,1,1,,1.0,1.0
117,All,9,6,1,6,2,0,3,2,0,3,,0.0,0.0
117,All,9,6,1,3,3,0,2,3,0,2,,0.0,0.0
117,All,9,6,1,2,1,1,1,3,0,1,0.0,,
117,All,9,6,1,4,2,1,2,2,1,2,1.0,,
117,All,9,6,1,5,3,1,3,1,0,3,0.0,,
117,All,9,6,1,1,3,0,1,3,0,1,,0.0,0.0
117,All,10,4,3,2,2,1,2,2,1,2,1.0,,
117,All,10,4,3,1,1,1,1,1,1,1,1.0,,
117,All,10,4,3,4,3,1,3,1,0,3,0.0,,
117,All,10,4,3,3,1,0,2,3,0,2,,1.0,0.0
117,All,11,6,2,2,2,0,1,2,0,1,,0.0,0.0
117,All,11,6,2,6,1,0,3,2,0,3,,1.0,0.0
117,All,11,6,2,4,2,1,2,2,1,2,1.0,,
117,All,11,6,2,5,1,0,3,1,0,3,,0.0,0.0
117,All,11,6,2,3,2,1,2,2,1,2,1.0,,
117,All,11,6,2,1,3,0,1,1,1,1,,1.0,1.0
117,All,12,5,3,4,2,1,2,2,1,2,1.0,,
117,All,12,5,3,3,2,1,2,2,1,2,1.0,,
117,All,12,5,3,2,2,0,1,1,1,1,,1.0,1.0
117,All,12,5,3,5,1,0,3,2,0,3,,1.0,0.0
117,All,12,5,3,1,3,0,1,3,0,1,,0.0,0.0
117,All,13,4,4,1,2,0,1,1,1,1,,1.0,1.0
117,All,13,4,4,4,2,0,3,1,0,3,,1.0,0.0
117,All,13,4,4,2,1,1,1,1,1,1,1.0,,
117,All,13,4,4,3,3,0,2,1,0,2,,1.0,0.0
117,All,14,6,3,5,2,0,3,1,0,3,,1.0,0.0
117,All,14,6,3,2,1,1,1,3,0,1,0.0,,
117,All,14,6,3,1,1,1,1,2,0,1,0.0,,
117,All,14,6,3,6,1,0,3,1,0,3,,0.0,0.0
117,All,14,6,3,3,1,0,2,1,0,2,,0.0,0.0
117,All,14,6,3,4,1,0,2,2,1,2,,1.0,1.0
117,All,15,3,3,2,2,0,3,1,0,3,,1.0,0.0
117,All,15,3,3,1,2,1,2,2,1,2,1.0,,
117,All,15,3,3,3,2,0,3,3,1,3,,1.0,1.0
117,All,16,2,3,1,2,1,2,2,1,2,1.0,,
117,All,16,2,3,2,3,1,3,3,1,3,1.0,,
117,All,17,3,4,2,2,0,3,1,0,3,,1.0,0.0
117,All,17,3,4,3,2,0,3,3,1,3,,1.0,1.0
117,All,17,3,4,1,2,1,2,3,0,2,0.0,,
117,All,18,2,4,2,2,1,2,2,1,2,1.0,,
117,All,18,2,4,1,3,0,1,2,0,1,,1.0,0.0
118,All,1,2,1,2,3,1,3,3,1,3,1.0,,
118,All,1,2,1,1,2,0,1,3,0,1,,1.0,0.0
118,All,2,3,1,1,3,0,1,3,0,1,,0.0,0.0
118,All,2,3,1,2,2,1,2,2,1,2,1.0,,
118,All,3,3,2,3,3,1,3,3,1,3,1.0,,
118,All,3,3,2,1,2,0,1,3,0,1,,1.0,0.0
118,All,3,3,2,2,3,0,1,2,0,1,,1.0,0.0
118,All,4,4,1,1,3,0,1,2,0,1,,1.0,0.0
118,All,4,4,1,4,2,0,3,2,0,3,,0.0,0.0
118,All,4,4,1,3,3,0,2,1,0,2,,1.0,0.0
118,All,5,5,1,3,3,0,2,3,0,2,,0.0,0.0
118,All,5,5,1,5,3,1,3,2,0,3,0.0,,
118,All,5,5,1,1,3,0,1,3,0,1,,0.0,0.0
118,All,5,5,1,4,3,1,3,2,0,3,0.0,,
118,All,5,5,1,2,3,0,2,2,1,2,,1.0,1.0
118,All,6,4,2,2,3,0,2,2,1,2,,1.0,1.0
118,All,6,4,2,1,3,0,1,2,0,1,,1.0,0.0
118,All,6,4,2,4,3,1,3,3,1,3,1.0,,
118,All,6,4,2,3,3,1,3,3,1,3,1.0,,
118,All,7,2,2,2,3,1,3,3,1,3,1.0,,
118,All,7,2,2,1,3,0,2,3,0,2,,0.0,0.0
118,All,8,5,2,1,3,0,1,2,0,1,,1.0,0.0
118,All,8,5,2,3,3,0,2,3,0,2,,0.0,0.0
118,All,8,5,2,5,3,1,3,3,1,3,1.0,,
118,All,8,5,2,4,3,0,2,3,0,2,,0.0,0.0
118,All,8,5,2,2,3,0,1,2,0,1,,1.0,0.0
118,All,9,6,1,6,3,1,3,3,1,3,1.0,,
118,All,9,6,1,3,3,0,2,2,1,2,,1.0,1.0
118,All,9,6,1,2,3,0,1,2,0,1,,1.0,0.0
118,All,9,6,1,4,3,0,2,2,1,2,,1.0,1.0
118,All,9,6,1,5,3,1,3,3,1,3,1.0,,
118,All,9,6,1,1,3,0,1,3,0,1,,0.0,0.0
118,All,10,4,3,2,3,0,2,2,1,2,,1.0,1.0
118,All,10,4,3,1,3,0,1,1,1,1,,1.0,1.0
118,All,10,4,3,4,3,1,3,3,1,3,1.0,,
118,All,10,4,3,3,3,0,2,1,0,2,,1.0,0.0
118,All,11,6,2,2,3,0,1,3,0,1,,0.0,0.0
118,All,11,6,2,6,3,1,3,3,1,3,1.0,,
118,All,11,6,2,4,3,0,2,2,1,2,,1.0,1.0
118,All,11,6,2,5,3,1,3,2,0,3,0.0,,
118,All,11,6,2,3,3,0,2,3,0,2,,0.0,0.0
118,All,11,6,2,1,3,0,1,1,1,1,,1.0,1.0
118,All,12,5,3,4,3,0,2,3,0,2,,0.0,0.0
118,All,12,5,3,3,2,1,2,3,0,2,0.0,,
118,All,12,5,3,2,1,1,1,2,0,1,0.0,,
118,All,12,5,3,5,2,0,3,2,0,3,,0.0,0.0
118,All,12,5,3,1,3,0,1,3,0,1,,0.0,0.0
118,All,13,4,4,4,3,1,3,2,0,3,0.0,,
118,All,13,4,4,2,3,0,1,3,0,1,,0.0,0.0
118,All,13,4,4,3,3,0,2,2,1,2,,1.0,1.0
118,All,14,6,3,5,3,1,3,3,1,3,1.0,,
118,All,14,6,3,2,3,0,1,2,0,1,,1.0,0.0
118,All,14,6,3,1,3,0,1,2,0,1,,1.0,0.0
118,All,14,6,3,6,3,1,3,3,1,3,1.0,,
118,All,14,6,3,3,3,0,2,1,0,2,,1.0,0.0
118,All,14,6,3,4,3,0,2,2,1,2,,1.0,1.0
118,All,15,3,3,2,3,1,3,3,1,3,1.0,,
118,All,15,3,3,1,3,0,2,3,0,2,,0.0,0.0
118,All,15,3,3,3,3,1,3,3,1,3,1.0,,
118,All,16,2,3,1,3,0,2,2,1,2,,1.0,1.0
118,All,16,2,3,2,3,1,3,3,1,3,1.0,,
118,All,17,3,4,2,3,1,3,3,1,3,1.0,,
118,All,17,3,4,3,3,1,3,3,1,3,1.0,,
118,All,17,3,4,1,2,1,2,2,1,2,1.0,,
118,All,18,2,4,2,3,0,2,1,0,2,,1.0,0.0
118,All,18,2,4,1,3,0,1,2,0,1,,1.0,0.0
119,All,1,2,1,2,2,0,3,3,1,3,,1.0,1.0
119,All,1,2,1,1,1,1,1,1,1,1,1.0,,
119,All,2,3,1,3,2,1,2,2,1,2,1.0,,
119,All,2,3,1,1,3,0,1,2,0,1,,1.0,0.0
119,All,2,3,1,2,1,0,2,3,0,2,,1.0,0.0
119,All,3,3,2,3,1,0,3,3,1,3,,1.0,1.0
119,All,3,3,2,1,3,0,1,2,0,1,,1.0,0.0
119,All,3,3,2,2,2,0,1,1,1,1,,1.0,1.0
119,All,4,4,1,1,1,1,1,2,0,1,0.0,,
119,All,4,4,1,4,2,0,3,1,0,3,,1.0,0.0
119,All,4,4,1,3,3,0,2,1,0,2,,1.0,0.0
119,All,4,4,1,2,3,0,1,1,1,1,,1.0,1.0
119,All,5,5,1,3,1,0,2,3,0,2,,1.0,0.0
119,All,5,5,1,5,2,0,3,1,0,3,,1.0,0.0
119,All,5,5,1,1,3,0,1,2,0,1,,1.0,0.0
119,All,5,5,1,4,1,0,3,3,1,3,,1.0,1.0
119,All,5,5,1,2,2,1,2,2,1,2,1.0,,
119,All,6,4,2,1,3,0,1,2,0,1,,1.0,0.0
119,All,6,4,2,4,2,0,3,2,0,3,,0.0,0.0
119,All,7,2,2,2,1,0,3,3,1,3,,1.0,1.0
119,All,7,2,2,1,1,0,2,3,0,2,,1.0,0.0
119,All,8,5,2,1,3,0,1,2,0,1,,1.0,0.0
119,All,8,5,2,3,2,1,2,1,0,2,0.0,,
119,All,8,5,2,5,1,0,3,1,0,3,,0.0,0.0
119,All,8,5,2,4,2,1,2,2,1,2,1.0,,
119,All,8,5,2,2,3,0,1,3,0,1,,0.0,0.0
119,All,9,6,1,6,1,0,3,3,1,3,,1.0,1.0
119,All,9,6,1,3,2,1,2,1,0,2,0.0,,
119,All,9,6,1,2,3,0,1,2,0,1,,1.0,0.0
119,All,9,6,1,4,3,0,2,1,0,2,,1.0,0.0
119,All,9,6,1,5,2,0,3,2,0,3,,0.0,0.0
119,All,10,4,3,2,3,0,2,2,1,2,,1.0,1.0
119,All,10,4,3,1,1,1,1,2,0,1,0.0,,
119,All,10,4,3,4,2,0,3,1,0,3,,1.0,0.0
119,All,10,4,3,3,3,0,2,3,0,2,,0.0,0.0
119,All,11,6,2,2,1,1,1,2,0,1,0.0,,
119,All,11,6,2,6,2,0,3,1,0,3,,1.0,0.0
119,All,11,6,2,4,3,0,2,2,1,2,,1.0,1.0
119,All,11,6,2,5,1,0,3,3,1,3,,1.0,1.0
119,All,11,6,2,1,2,0,1,3,0,1,,1.0,0.0
119,All,12,5,3,4,2,1,2,2,1,2,1.0,,
119,All,12,5,3,3,1,0,2,2,1,2,,1.0,1.0
119,All,12,5,3,2,3,0,1,1,1,1,,1.0,1.0
119,All,12,5,3,5,2,0,3,3,1,3,,1.0,1.0
119,All,12,5,3,1,1,1,1,2,0,1,0.0,,
119,All,13,4,4,4,3,1,3,3,1,3,1.0,,
119,All,13,4,4,2,1,1,1,1,1,1,1.0,,
119,All,13,4,4,3,2,1,2,2,1,2,1.0,,
119,All,14,6,3,5,1,0,3,1,0,3,,0.0,0.0
119,All,14,6,3,2,3,0,1,1,1,1,,1.0,1.0
119,All,14,6,3,1,2,0,1,3,0,1,,1.0,0.0
119,All,14,6,3,6,3,1,3,3,1,3,1.0,,
119,All,14,6,3,3,1,0,2,3,0,2,,1.0,0.0
119,All,14,6,3,4,2,1,2,2,1,2,1.0,,
119,All,15,3,3,1,2,1,2,2,1,2,1.0,,
119,All,15,3,3,3,1,0,3,1,0,3,,0.0,0.0
119,All,16,2,3,1,2,1,2,2,1,2,1.0,,
119,All,16,2,3,2,2,0,3,1,0,3,,1.0,0.0
119,All,17,3,4,2,1,0,3,2,0,3,,1.0,0.0
119,All,17,3,4,3,3,1,3,3,1,3,1.0,,
119,All,17,3,4,1,2,1,2,3,0,2,0.0,,
119,All,18,2,4,2,1,0,2,1,0,2,,0.0,0.0
119,All,18,2,4,1,3,0,1,2,0,1,,1.0,0.0
120,All,1,2,1,2,2,0,3,2,0,3,,0.0,0.0
120,All,1,2,1,1,3,0,1,2,0,1,,1.0,0.0
120,All,2,3,1,3,2,1,2,2,1,2,1.0,,
120,All,2,3,1,1,3,0,1,3,0,1,,0.0,0.0
120,All,2,3,1,2,1,0,2,1,0,2,,0.0,0.0
120,All,3,3,2,3,3,1,3,3,1,3,1.0,,
120,All,3,3,2,1,3,0,1,3,0,1,,0.0,0.0
120,All,3,3,2,2,2,0,1,1,1,1,,1.0,1.0
120,All,4,4,1,1,1,1,1,1,1,1,1.0,,
120,All,4,4,1,4,3,1,3,1,0,3,0.0,,
120,All,4,4,1,3,2,1,2,3,0,2,0.0,,
120,All,4,4,1,2,2,0,1,2,0,1,,0.0,0.0
120,All,5,5,1,3,1,0,2,2,1,2,,1.0,1.0
120,All,5,5,1,5,3,1,3,3,1,3,1.0,,
120,All,5,5,1,1,2,0,1,1,1,1,,1.0,1.0
120,All,5,5,1,4,1,0,3,3,1,3,,1.0,1.0
120,All,5,5,1,2,3,0,2,1,0,2,,1.0,0.0
120,All,6,4,2,2,2,1,2,2,1,2,1.0,,
120,All,6,4,2,1,1,1,1,2,0,1,0.0,,
120,All,6,4,2,4,3,1,3,1,0,3,0.0,,
120,All,6,4,2,3,2,0,3,3,1,3,,1.0,1.0
120,All,7,2,2,2,1,0,3,3,1,3,,1.0,1.0
120,All,7,2,2,1,2,1,2,2,1,2,1.0,,
120,All,8,5,2,1,3,0,1,2,0,1,,1.0,0.0
120,All,8,5,2,3,2,1,2,3,0,2,0.0,,
120,All,8,5,2,5,1,0,3,3,1,3,,1.0,1.0
120,All,8,5,2,4,3,0,2,3,0,2,,0.0,0.0
120,All,8,5,2,2,1,1,1,1,1,1,1.0,,
120,All,9,6,1,6,1,0,3,2,0,3,,1.0,0.0
120,All,9,6,1,3,2,1,2,2,1,2,1.0,,
120,All,9,6,1,2,3,0,1,3,0,1,,0.0,0.0
120,All,9,6,1,4,1,0,2,2,1,2,,1.0,1.0
120,All,9,6,1,5,1,0,3,3,1,3,,1.0,1.0
120,All,9,6,1,1,2,0,1,1,1,1,,1.0,1.0
120,All,10,4,3,2,2,1,2,2,1,2,1.0,,
120,All,10,4,3,1,3,0,1,1,1,1,,1.0,1.0
120,All,10,4,3,4,1,0,3,3,1,3,,1.0,1.0
120,All,10,4,3,3,1,0,2,2,1,2,,1.0,1.0
120,All,11,6,2,2,2,0,1,2,0,1,,0.0,0.0
120,All,11,6,2,6,1,0,3,3,1,3,,1.0,1.0
120,All,11,6,2,4,3,0,2,1,0,2,,1.0,0.0
120,All,11,6,2,5,2,0,3,2,0,3,,0.0,0.0
120,All,11,6,2,3,1,0,2,3,0,2,,1.0,0.0
120,All,11,6,2,1,3,0,1,2,0,1,,1.0,0.0
120,All,12,5,3,4,3,0,2,3,0,2,,0.0,0.0
120,All,12,5,3,3,2,1,2,2,1,2,1.0,,
120,All,12,5,3,2,2,0,1,1,1,1,,1.0,1.0
120,All,12,5,3,5,2,0,3,2,0,3,,0.0,0.0
120,All,12,5,3,1,2,0,1,2,0,1,,0.0,0.0
120,All,13,4,4,1,3,0,1,3,0,1,,0.0,0.0
120,All,13,4,4,4,2,0,3,2,0,3,,0.0,0.0
120,All,13,4,4,2,1,1,1,3,0,1,0.0,,
120,All,13,4,4,3,2,1,2,1,0,2,0.0,,
120,All,14,6,3,5,2,0,3,1,0,3,,1.0,0.0
120,All,14,6,3,2,2,0,1,1,1,1,,1.0,1.0
120,All,14,6,3,1,2,0,1,1,1,1,,1.0,1.0
120,All,14,6,3,6,2,0,3,1,0,3,,1.0,0.0
120,All,14,6,3,3,2,1,2,2,1,2,1.0,,
120,All,14,6,3,4,2,1,2,2,1,2,1.0,,
120,All,15,3,3,2,2,0,3,3,1,3,,1.0,1.0
120,All,15,3,3,1,2,1,2,2,1,2,1.0,,
120,All,15,3,3,3,2,0,3,2,0,3,,0.0,0.0
120,All,16,2,3,1,3,0,2,2,1,2,,1.0,1.0
120,All,16,2,3,2,3,1,3,3,1,3,1.0,,
120,All,17,3,4,2,3,1,3,2,0,3,0.0,,
120,All,17,3,4,3,3,1,3,3,1,3,1.0,,
120,All,17,3,4,1,3,0,2,1,0,2,,1.0,0.0
120,All,18,2,4,2,3,0,2,2,1,2,,1.0,1.0
120,All,18,2,4,1,3,0,1,2,0,1,,1.0,0.0
121,All,1,2,1,2,3,1,3,1,0,3,0.0,,
121,All,1,2,1,1,3,0,1,2,0,1,,1.0,0.0
121,All,2,3,1,3,1,0,2,3,0,2,,1.0,0.0
121,All,2,3,1,1,3,0,1,1,1,1,,1.0,1.0
121,All,2,3,1,2,2,1,2,2,1,2,1.0,,
121,All,3,3,2,3,3,1,3,3,1,3,1.0,,
121,All,3,3,2,1,2,0,1,3,0,1,,1.0,0.0
121,All,3,3,2,2,1,1,1,1,1,1,1.0,,
121,All,4,4,1,1,3,0,1,2,0,1,,1.0,0.0
121,All,4,4,1,4,3,1,3,3,1,3,1.0,,
121,All,4,4,1,2,3,0,1,2,0,1,,1.0,0.0
121,All,5,5,1,3,3,0,2,1,0,2,,1.0,0.0
121,All,5,5,1,5,3,1,3,3,1,3,1.0,,
121,All,5,5,1,1,3,0,1,1,1,1,,1.0,1.0
121,All,5,5,1,4,3,1,3,3,1,3,1.0,,
121,All,5,5,1,2,2,1,2,2,1,2,1.0,,
121,All,6,4,2,2,3,0,2,2,1,2,,1.0,1.0
121,All,6,4,2,1,3,0,1,2,0,1,,1.0,0.0
121,All,6,4,2,3,3,1,3,3,1,3,1.0,,
121,All,7,2,2,2,3,1,3,3,1,3,1.0,,
121,All,7,2,2,1,2,1,2,2,1,2,1.0,,
121,All,8,5,2,1,3,0,1,2,0,1,,1.0,0.0
121,All,8,5,2,3,3,0,2,2,1,2,,1.0,1.0
121,All,8,5,2,5,3,1,3,3,1,3,1.0,,
121,All,8,5,2,4,3,0,2,2,1,2,,1.0,1.0
121,All,8,5,2,2,3,0,1,2,0,1,,1.0,0.0
121,All,9,6,1,6,3,1,3,3,1,3,1.0,,
121,All,9,6,1,3,3,0,2,2,1,2,,1.0,1.0
121,All,9,6,1,2,3,0,1,2,0,1,,1.0,0.0
121,All,9,6,1,4,3,0,2,2,1,2,,1.0,1.0
121,All,9,6,1,5,3,1,3,3,1,3,1.0,,
121,All,9,6,1,1,2,0,1,1,1,1,,1.0,1.0
121,All,10,4,3,2,3,0,2,2,1,2,,1.0,1.0
121,All,10,4,3,1,3,0,1,2,0,1,,1.0,0.0
121,All,10,4,3,4,3,1,3,2,0,3,0.0,,
121,All,10,4,3,3,3,0,2,1,0,2,,1.0,0.0
121,All,11,6,2,2,3,0,1,2,0,1,,1.0,0.0
121,All,11,6,2,6,3,1,3,3,1,3,1.0,,
121,All,11,6,2,4,3,0,2,1,0,2,,1.0,0.0
121,All,11,6,2,5,3,1,3,3,1,3,1.0,,
121,All,11,6,2,3,2,1,2,3,0,2,0.0,,
121,All,11,6,2,1,2,0,1,1,1,1,,1.0,1.0
121,All,12,5,3,4,3,0,2,2,1,2,,1.0,1.0
121,All,12,5,3,3,3,0,2,2,1,2,,1.0,1.0
121,All,12,5,3,2,3,0,1,1,1,1,,1.0,1.0
121,All,12,5,3,5,3,1,3,3,1,3,1.0,,
121,All,12,5,3,1,3,0,1,1,1,1,,1.0,1.0
121,All,13,4,4,1,3,0,1,2,0,1,,1.0,0.0
121,All,13,4,4,4,3,1,3,3,1,3,1.0,,
121,All,13,4,4,2,3,0,1,2,0,1,,1.0,0.0
121,All,13,4,4,3,3,0,2,2,1,2,,1.0,1.0
121,All,14,6,3,5,3,1,3,3,1,3,1.0,,
121,All,14,6,3,2,3,0,1,2,0,1,,1.0,0.0
121,All,14,6,3,1,3,0,1,1,1,1,,1.0,1.0
121,All,14,6,3,6,3,1,3,3,1,3,1.0,,
121,All,14,6,3,3,2,1,2,2,1,2,1.0,,
121,All,14,6,3,4,2,1,2,2,1,2,1.0,,
121,All,15,3,3,2,3,1,3,3,1,3,1.0,,
121,All,15,3,3,1,2,1,2,2,1,2,1.0,,
121,All,15,3,3,3,1,0,3,3,1,3,,1.0,1.0
121,All,16,2,3,1,3,0,2,2,1,2,,1.0,1.0
121,All,16,2,3,2,3,1,3,3,1,3,1.0,,
121,All,17,3,4,2,3,1,3,3,1,3,1.0,,
121,All,17,3,4,3,2,0,3,1,0,3,,1.0,0.0
121,All,17,3,4,1,1,0,2,2,1,2,,1.0,1.0
121,All,18,2,4,2,3,0,2,2,1,2,,1.0,1.0
121,All,18,2,4,1,3,0,1,2,0,1,,1.0,0.0
122,All,1,2,1,2,3,1,3,2,0,3,0.0,,
122,All,2,3,1,3,3,0,2,3,0,2,,0.0,0.0
122,All,2,3,1,1,2,0,1,3,0,1,,1.0,0.0
122,All,2,3,1,2,1,0,2,3,0,2,,1.0,0.0
122,All,3,3,2,3,3,1,3,3,1,3,1.0,,
122,All,3,3,2,1,3,0,1,1,1,1,,1.0,1.0
122,All,3,3,2,2,2,0,1,1,1,1,,1.0,1.0
122,All,4,4,1,1,1,1,1,1,1,1,1.0,,
122,All,4,4,1,4,3,1,3,2,0,3,0.0,,
122,All,4,4,1,3,1,0,2,3,0,2,,1.0,0.0
122,All,4,4,1,2,2,0,1,3,0,1,,1.0,0.0
122,All,5,5,1,3,3,0,2,3,0,2,,0.0,0.0
122,All,5,5,1,5,2,0,3,2,0,3,,0.0,0.0
122,All,5,5,1,1,1,1,1,1,1,1,1.0,,
122,All,5,5,1,4,1,0,3,3,1,3,,1.0,1.0
122,All,5,5,1,2,2,1,2,2,1,2,1.0,,
122,All,6,4,2,2,1,0,2,2,1,2,,1.0,1.0
122,All,6,4,2,1,3,0,1,3,0,1,,0.0,0.0
122,All,6,4,2,3,1,0,3,3,1,3,,1.0,1.0
122,All,7,2,2,2,3,1,3,3,1,3,1.0,,
122,All,7,2,2,1,2,1,2,2,1,2,1.0,,
122,All,8,5,2,1,3,0,1,2,0,1,,1.0,0.0
122,All,8,5,2,3,2,1,2,2,1,2,1.0,,
122,All,8,5,2,5,1,0,3,1,0,3,,0.0,0.0
122,All,8,5,2,4,3,0,2,2,1,2,,1.0,1.0
122,All,8,5,2,2,3,0,1,2,0,1,,1.0,0.0
122,All,9,6,1,6,2,0,3,2,0,3,,0.0,0.0
122,All,9,6,1,3,1,0,2,2,1,2,,1.0,1.0
122,All,9,6,1,2,3,0,1,2,0,1,,1.0,0.0
122,All,9,6,1,4,3,0,2,2,1,2,,1.0,1.0
122,All,9,6,1,5,3,1,3,3,1,3,1.0,,
122,All,9,6,1,1,3,0,1,1,1,1,,1.0,1.0
122,All,10,4,3,1,3,0,1,3,0,1,,0.0,0.0
122,All,10,4,3,4,3,1,3,3,1,3,1.0,,
122,All,10,4,3,3,3,0,2,3,0,2,,0.0,0.0
122,All,11,6,2,2,3,0,1,2,0,1,,1.0,0.0
122,All,11,6,2,5,2,0,3,1,0,3,,1.0,0.0
122,All,11,6,2,1,1,1,1,3,0,1,0.0,,
122,All,12,5,3,4,2,1,2,2,1,2,1.0,,
122,All,12,5,3,3,1,0,2,1,0,2,,0.0,0.0
122,All,12,5,3,2,3,0,1,2,0,1,,1.0,0.0
122,All,12,5,3,5,3,1,3,3,1,3,1.0,,
122,All,12,5,3,1,3,0,1,1,1,1,,1.0,1.0
122,All,13,4,4,1,2,0,1,3,0,1,,1.0,0.0
122,All,13,4,4,4,3,1,3,2,0,3,0.0,,
122,All,13,4,4,2,1,1,1,3,0,1,0.0,,
122,All,13,4,4,3,3,0,2,2,1,2,,1.0,1.0
122,All,14,6,3,1,3,0,1,2,0,1,,1.0,0.0
122,All,14,6,3,6,3,1,3,3,1,3,1.0,,
122,All,14,6,3,3,2,1,2,2,1,2,1.0,,
122,All,14,6,3,4,1,0,2,3,0,2,,1.0,0.0
122,All,15,3,3,2,3,1,3,3,1,3,1.0,,
122,All,15,3,3,1,2,1,2,2,1,2,1.0,,
122,All,15,3,3,3,1,0,3,3,1,3,,1.0,1.0
122,All,16,2,3,1,3,0,2,2,1,2,,1.0,1.0
122,All,16,2,3,2,3,1,3,3,1,3,1.0,,
122,All,17,3,4,2,2,0,3,1,0,3,,1.0,0.0
122,All,17,3,4,3,2,0,3,3,1,3,,1.0,1.0
122,All,17,3,4,1,2,1,2,2,1,2,1.0,,
122,All,18,2,4,2,3,0,2,1,0,2,,1.0,0.0
122,All,18,2,4,1,3,0,1,2,0,1,,1.0,0.0
123,All,1,2,1,2,1,0,3,2,0,3,,1.0,0.0
123,All,1,2,1,1,1,1,1,1,1,1,1.0,,
123,All,2,3,1,3,1,0,2,3,0,2,,1.0,0.0
123,All,2,3,1,1,1,1,1,1,1,1,1.0,,
123,All,2,3,1,2,2,1,2,2,1,2,1.0,,
123,All,3,3,2,3,1,0,3,1,0,3,,0.0,0.0
123,All,3,3,2,1,1,1,1,1,1,1,1.0,,
123,All,3,3,2,2,2,0,1,3,0,1,,1.0,0.0
123,All,4,4,1,1,3,0,1,2,0,1,,1.0,0.0
123,All,4,4,1,4,3,1,3,3,1,3,1.0,,
123,All,4,4,1,3,3,0,2,3,0,2,,0.0,0.0
123,All,4,4,1,2,3,0,1,1,1,1,,1.0,1.0
123,All,5,5,1,3,3,0,2,2,1,2,,1.0,1.0
123,All,5,5,1,5,3,1,3,3,1,3,1.0,,
123,All,5,5,1,1,3,0,1,1,1,1,,1.0,1.0
123,All,5,5,1,4,3,1,3,2,0,3,0.0,,
123,All,5,5,1,2,3,0,2,2,1,2,,1.0,1.0
123,All,6,4,2,2,3,0,2,2,1,2,,1.0,1.0
123,All,6,4,2,1,3,0,1,2,0,1,,1.0,0.0
123,All,6,4,2,4,3,1,3,3,1,3,1.0,,
123,All,6,4,2,3,3,1,3,3,1,3,1.0,,
123,All,7,2,2,2,3,1,3,3,1,3,1.0,,
123,All,7,2,2,1,2,1,2,2,1,2,1.0,,
123,All,8,5,2,1,3,0,1,2,0,1,,1.0,0.0
123,All,8,5,2,3,3,0,2,2,1,2,,1.0,1.0
123,All,8,5,2,5,3,1,3,3,1,3,1.0,,
123,All,8,5,2,4,3,0,2,2,1,2,,1.0,1.0
123,All,9,6,1,6,3,1,3,3,1,3,1.0,,
123,All,9,6,1,3,3,0,2,2,1,2,,1.0,1.0
123,All,9,6,1,2,3,0,1,2,0,1,,1.0,0.0
123,All,9,6,1,4,3,0,2,3,0,2,,0.0,0.0
123,All,9,6,1,5,3,1,3,3,1,3,1.0,,
123,All,9,6,1,1,3,0,1,2,0,1,,1.0,0.0
123,All,10,4,3,2,3,0,2,2,1,2,,1.0,1.0
123,All,10,4,3,1,3,0,1,2,0,1,,1.0,0.0
123,All,10,4,3,4,3,1,3,3,1,3,1.0,,
123,All,10,4,3,3,3,0,2,2,1,2,,1.0,1.0
123,All,11,6,2,2,3,0,1,1,1,1,,1.0,1.0
123,All,11,6,2,6,3,1,3,3,1,3,1.0,,
123,All,11,6,2,4,3,0,2,2,1,2,,1.0,1.0
123,All,11,6,2,5,3,1,3,3,1,3,1.0,,
123,All,11,6,2,3,3,0,2,2,1,2,,1.0,1.0
123,All,11,6,2,1,3,0,1,1,1,1,,1.0,1.0
123,All,12,5,3,4,3,0,2,2,1,2,,1.0,1.0
123,All,12,5,3,3,3,0,2,2,1,2,,1.0,1.0
123,All,12,5,3,2,3,0,1,2,0,1,,1.0,0.0
123,All,12,5,3,5,3,1,3,3,1,3,1.0,,
123,All,12,5,3,1,3,0,1,2,0,1,,1.0,0.0
123,All,13,4,4,1,3,0,1,2,0,1,,1.0,0.0
123,All,13,4,4,4,3,1,3,3,1,3,1.0,,
123,All,13,4,4,2,3,0,1,2,0,1,,1.0,0.0
123,All,13,4,4,3,3,0,2,2,1,2,,1.0,1.0
123,All,14,6,3,5,3,1,3,3,1,3,1.0,,
123,All,14,6,3,2,3,0,1,2,0,1,,1.0,0.0
123,All,14,6,3,1,3,0,1,1,1,1,,1.0,1.0
123,All,14,6,3,6,3,1,3,3,1,3,1.0,,
123,All,14,6,3,3,2,1,2,2,1,2,1.0,,
123,All,14,6,3,4,2,1,2,2,1,2,1.0,,
123,All,15,3,3,2,3,1,3,3,1,3,1.0,,
123,All,15,3,3,1,2,1,2,2,1,2,1.0,,
123,All,15,3,3,3,1,0,3,2,0,3,,1.0,0.0
123,All,16,2,3,1,3,0,2,1,0,2,,1.0,0.0
123,All,16,2,3,2,3,1,3,3,1,3,1.0,,
123,All,17,3,4,2,3,1,3,3,1,3,1.0,,
123,All,17,3,4,3,2,0,3,1,0,3,,1.0,0.0
123,All,17,3,4,1,2,1,2,2,1,2,1.0,,
123,All,18,2,4,2,3,0,2,2,1,2,,1.0,1.0
123,All,18,2,4,1,3,0,1,2,0,1,,1.0,0.0
124,All,1,2,1,2,3,1,3,3,1,3,1.0,,
124,All,1,2,1,1,2,0,1,1,1,1,,1.0,1.0
124,All,2,3,1,3,1,0,2,3,0,2,,1.0,0.0
124,All,2,3,1,2,3,0,2,3,0,2,,0.0,0.0
124,All,3,3,2,3,3,1,3,3,1,3,1.0,,
124,All,3,3,2,1,2,0,1,3,0,1,,1.0,0.0
124,All,3,3,2,2,2,0,1,1,1,1,,1.0,1.0
124,All,4,4,1,1,3,0,1,2,0,1,,1.0,0.0
124,All,4,4,1,4,3,1,3,2,0,3,0.0,,
124,All,4,4,1,3,3,0,2,2,1,2,,1.0,1.0
124,All,4,4,1,2,3,0,1,3,0,1,,0.0,0.0
124,All,5,5,1,3,3,0,2,2,1,2,,1.0,1.0
124,All,5,5,1,5,3,1,3,3,1,3,1.0,,
124,All,5,5,1,1,3,0,1,3,0,1,,0.0,0.0
124,All,5,5,1,4,3,1,3,3,1,3,1.0,,
124,All,5,5,1,2,2,1,2,2,1,2,1.0,,
124,All,6,4,2,2,3,0,2,2,1,2,,1.0,1.0
124,All,6,4,2,1,3,0,1,1,1,1,,1.0,1.0
124,All,6,4,2,4,3,1,3,3,1,3,1.0,,
124,All,6,4,2,3,2,0,3,2,0,3,,0.0,0.0
124,All,7,2,2,2,3,1,3,3,1,3,1.0,,
124,All,7,2,2,1,2,1,2,2,1,2,1.0,,
124,All,8,5,2,1,3,0,1,2,0,1,,1.0,0.0
124,All,8,5,2,3,3,0,2,2,1,2,,1.0,1.0
124,All,8,5,2,5,3,1,3,3,1,3,1.0,,
124,All,8,5,2,4,2,1,2,3,0,2,0.0,,
124,All,8,5,2,2,1,1,1,1,1,1,1.0,,
124,All,9,6,1,6,3,1,3,3,1,3,1.0,,
124,All,9,6,1,3,2,1,2,1,0,2,0.0,,
124,All,9,6,1,2,2,0,1,3,0,1,,1.0,0.0
124,All,9,6,1,4,3,0,2,3,0,2,,0.0,0.0
124,All,9,6,1,5,1,0,3,1,0,3,,0.0,0.0
124,All,9,6,1,1,3,0,1,1,1,1,,1.0,1.0
124,All,10,4,3,2,3,0,2,2,1,2,,1.0,1.0
124,All,10,4,3,1,3,0,1,2,0,1,,1.0,0.0
124,All,10,4,3,4,3,1,3,2,0,3,0.0,,
124,All,10,4,3,3,3,0,2,3,0,2,,0.0,0.0
124,All,11,6,2,2,3,0,1,2,0,1,,1.0,0.0
124,All,11,6,2,6,3,1,3,3,1,3,1.0,,
124,All,11,6,2,4,3,0,2,2,1,2,,1.0,1.0
124,All,11,6,2,5,3,1,3,3,1,3,1.0,,
124,All,11,6,2,1,3,0,1,2,0,1,,1.0,0.0
124,All,12,5,3,4,3,0,2,1,0,2,,1.0,0.0
124,All,12,5,3,3,3,0,2,2,1,2,,1.0,1.0
124,All,12,5,3,2,3,0,1,1,1,1,,1.0,1.0
124,All,12,5,3,5,3,1,3,3,1,3,1.0,,
124,All,12,5,3,1,2,0,1,2,0,1,,0.0,0.0
124,All,13,4,4,1,3,0,1,1,1,1,,1.0,1.0
124,All,13,4,4,4,3,1,3,3,1,3,1.0,,
124,All,13,4,4,2,3,0,1,2,0,1,,1.0,0.0
124,All,13,4,4,3,3,0,2,2,1,2,,1.0,1.0
124,All,14,6,3,5,3,1,3,3,1,3,1.0,,
124,All,14,6,3,2,3,0,1,1,1,1,,1.0,1.0
124,All,14,6,3,1,2,0,1,3,0,1,,1.0,0.0
124,All,14,6,3,6,2,0,3,1,0,3,,1.0,0.0
124,All,14,6,3,3,3,0,2,1,0,2,,1.0,0.0
124,All,14,6,3,4,3,0,2,2,1,2,,1.0,1.0
124,All,15,3,3,2,3,1,3,3,1,3,1.0,,
124,All,15,3,3,1,2,1,2,2,1,2,1.0,,
124,All,15,3,3,3,1,0,3,3,1,3,,1.0,1.0
124,All,16,2,3,1,3,0,2,1,0,2,,1.0,0.0
124,All,16,2,3,2,3,1,3,3,1,3,1.0,,
124,All,17,3,4,2,3,1,3,3,1,3,1.0,,
124,All,17,3,4,3,2,0,3,1,0,3,,1.0,0.0
124,All,17,3,4,1,2,1,2,2,1,2,1.0,,
124,All,18,2,4,2,3,0,2,2,1,2,,1.0,1.0
124,All,18,2,4,1,3,0,1,2,0,1,,1.0,0.0
125,All,1,2,1,1,2,0,1,2,0,1,,0.0,0.0
125,All,1,2,1,2,1,0,3,3,1,3,,1.0,1.0
125,All,2,3,1,2,2,1,2,1,0,2,0.0,,
125,All,2,3,1,3,3,0,2,2,1,2,,1.0,1.0
125,All,3,6,1,6,2,0,3,1,0,3,,1.0,0.0
125,All,3,6,1,3,3,0,2,2,1,2,,1.0,1.0
125,All,3,6,1,4,1,0,2,1,0,2,,0.0,0.0
125,All,3,6,1,1,2,0,1,3,0,1,,1.0,0.0
125,All,3,6,1,2,1,1,1,1,1,1,1.0,,
125,All,3,6,1,5,1,0,3,1,0,3,,0.0,0.0
125,All,4,4,1,1,2,0,1,1,1,1,,1.0,1.0
125,All,4,4,1,3,1,0,3,1,0,3,,0.0,0.0
125,All,4,4,1,4,3,1,3,3,1,3,1.0,,
125,All,4,4,1,2,1,0,2,2,1,2,,1.0,1.0
125,All,5,2,2,1,2,1,2,1,0,2,0.0,,
125,All,5,2,2,2,1,0,3,2,0,3,,1.0,0.0
125,All,6,5,1,3,1,0,2,1,0,2,,0.0,0.0
125,All,6,5,1,1,3,0,1,1,1,1,,1.0,1.0
125,All,6,5,1,4,2,0,3,1,0,3,,1.0,0.0
125,All,6,5,1,2,1,0,2,3,0,2,,1.0,0.0
125,All,7,3,2,2,1,1,1,1,1,1,1.0,,
125,All,7,3,2,1,3,0,1,1,1,1,,1.0,1.0
125,All,7,3,2,3,2,0,3,3,1,3,,1.0,1.0
125,All,8,4,2,2,1,1,1,2,0,1,0.0,,
125,All,8,4,2,3,3,0,2,1,0,2,,1.0,0.0
125,All,8,4,2,1,2,0,1,3,0,1,,1.0,0.0
125,All,9,5,2,3,2,1,2,1,0,2,0.0,,
125,All,9,5,2,1,1,1,1,2,0,1,0.0,,
125,All,9,5,2,2,3,0,1,2,0,1,,1.0,0.0
125,All,9,5,2,4,2,1,2,1,0,2,0.0,,
125,All,9,5,2,5,1,0,3,2,0,3,,1.0,0.0
125,All,10,4,3,2,2,0,1,2,0,1,,0.0,0.0
125,All,10,4,3,3,1,0,2,1,0,2,,0.0,0.0
125,All,10,4,3,1,3,0,1,2,0,1,,1.0,0.0
125,All,10,4,3,4,1,0,3,3,1,3,,1.0,1.0
125,All,11,6,2,4,1,0,2,2,1,2,,1.0,1.0
125,All,11,6,2,1,2,0,1,1,1,1,,1.0,1.0
125,All,11,6,2,5,1,0,3,1,0,3,,0.0,0.0
125,All,11,6,2,6,3,1,3,2,0,3,0.0,,
125,All,11,6,2,2,2,0,1,3,0,1,,1.0,0.0
125,All,11,6,2,3,1,0,2,1,0,2,,0.0,0.0
125,All,12,4,4,2,2,1,2,2,1,2,1.0,,
125,All,12,4,4,4,1,0,3,1,0,3,,0.0,0.0
125,All,12,4,4,1,3,0,1,3,0,1,,0.0,0.0
125,All,12,4,4,3,1,0,2,3,0,2,,1.0,0.0
125,All,13,3,3,1,2,1,2,3,0,2,0.0,,
125,All,13,3,3,2,1,0,3,1,0,3,,0.0,0.0
125,All,13,3,3,3,3,1,3,2,0,3,0.0,,
125,All,14,3,4,2,1,0,3,2,0,3,,1.0,0.0
125,All,14,3,4,3,3,1,3,1,0,3,0.0,,
125,All,14,3,4,1,2,1,2,3,0,2,0.0,,
125,All,15,5,3,3,3,0,2,3,0,2,,0.0,0.0
125,All,15,5,3,1,1,1,1,1,1,1,1.0,,
125,All,15,5,3,2,2,0,1,3,0,1,,1.0,0.0
125,All,15,5,3,4,3,0,2,2,1,2,,1.0,1.0
125,All,15,5,3,5,2,0,3,1,0,3,,1.0,0.0
125,All,16,6,3,1,1,1,1,2,0,1,0.0,,
125,All,16,6,3,5,3,1,3,1,0,3,0.0,,
125,All,16,6,3,2,2,0,1,2,0,1,,0.0,0.0
125,All,16,6,3,6,1,0,3,3,1,3,,1.0,1.0
125,All,17,2,3,2,2,0,3,1,0,3,,1.0,0.0
125,All,17,2,3,1,3,0,2,2,1,2,,1.0,1.0
125,All,18,2,4,2,2,1,2,2,1,2,1.0,,
125,All,18,2,4,1,3,0,1,1,1,1,,1.0,1.0
126,All,1,2,1,1,2,0,1,1,1,1,,1.0,1.0
126,All,1,2,1,2,2,0,3,1,0,3,,1.0,0.0
126,All,2,3,1,2,3,0,2,3,0,2,,0.0,0.0
126,All,2,3,1,3,2,1,2,1,0,2,0.0,,
126,All,3,6,1,6,2,0,3,1,0,3,,1.0,0.0
126,All,3,6,1,3,2,1,2,2,1,2,1.0,,
126,All,3,6,1,4,2,1,2,2,1,2,1.0,,
126,All,3,6,1,1,2,0,1,1,1,1,,1.0,1.0
126,All,3,6,1,2,2,0,1,1,1,1,,1.0,1.0
126,All,3,6,1,5,2,0,3,1,0,3,,1.0,0.0
126,All,4,4,1,1,2,0,1,1,1,1,,1.0,1.0
126,All,4,4,1,3,2,0,3,3,1,3,,1.0,1.0
126,All,4,4,1,4,2,0,3,1,0,3,,1.0,0.0
126,All,4,4,1,2,2,1,2,2,1,2,1.0,,
126,All,5,2,2,1,2,1,2,2,1,2,1.0,,
126,All,5,2,2,2,3,1,3,3,1,3,1.0,,
126,All,6,5,1,5,1,0,3,3,1,3,,1.0,1.0
126,All,6,5,1,3,1,0,2,3,0,2,,1.0,0.0
126,All,6,5,1,1,1,1,1,1,1,1,1.0,,
126,All,6,5,1,4,1,0,3,3,1,3,,1.0,1.0
126,All,6,5,1,2,1,0,2,2,1,2,,1.0,1.0
126,All,7,3,2,2,2,0,1,1,1,1,,1.0,1.0
126,All,7,3,2,1,1,1,1,1,1,1,1.0,,
126,All,7,3,2,3,3,1,3,3,1,3,1.0,,
126,All,8,4,2,2,2,0,1,3,0,1,,1.0,0.0
126,All,8,4,2,3,2,1,2,2,1,2,1.0,,
126,All,8,4,2,1,2,0,1,1,1,1,,1.0,1.0
126,All,8,4,2,4,2,0,3,1,0,3,,1.0,0.0
126,All,9,5,2,3,2,1,2,2,1,2,1.0,,
126,All,9,5,2,1,1,1,1,1,1,1,1.0,,
126,All,9,5,2,2,3,0,1,2,0,1,,1.0,0.0
126,All,9,5,2,4,1,0,2,3,0,2,,1.0,0.0
126,All,9,5,2,5,3,1,3,3,1,3,1.0,,
126,All,10,4,3,2,2,0,1,3,0,1,,1.0,0.0
126,All,10,4,3,3,2,1,2,2,1,2,1.0,,
126,All,10,4,3,1,2,0,1,1,1,1,,1.0,1.0
126,All,10,4,3,4,2,0,3,3,1,3,,1.0,1.0
126,All,11,6,2,4,2,1,2,2,1,2,1.0,,
126,All,11,6,2,1,1,1,1,1,1,1,1.0,,
126,All,11,6,2,5,3,1,3,3,1,3,1.0,,
126,All,11,6,2,2,2,0,1,2,0,1,,0.0,0.0
126,All,11,6,2,3,1,0,2,3,0,2,,1.0,0.0
126,All,12,4,4,2,2,1,2,2,1,2,1.0,,
126,All,12,4,4,4,1,0,3,1,0,3,,0.0,0.0
126,All,12,4,4,1,1,1,1,1,1,1,1.0,,
126,All,12,4,4,3,3,0,2,1,0,2,,1.0,0.0
126,All,13,3,3,1,2,1,2,2,1,2,1.0,,
126,All,13,3,3,2,1,0,3,3,1,3,,1.0,1.0
126,All,13,3,3,3,3,1,3,3,1,3,1.0,,
126,All,14,3,4,2,2,0,3,1,0,3,,1.0,0.0
126,All,14,3,4,3,2,0,3,1,0,3,,1.0,0.0
126,All,14,3,4,1,2,1,2,2,1,2,1.0,,
126,All,15,5,3,3,2,1,2,2,1,2,1.0,,
126,All,15,5,3,1,2,0,1,1,1,1,,1.0,1.0
126,All,15,5,3,2,2,0,1,3,0,1,,1.0,0.0
126,All,15,5,3,4,2,1,2,2,1,2,1.0,,
126,All,15,5,3,5,2,0,3,1,0,3,,1.0,0.0
126,All,16,6,3,1,2,0,1,2,0,1,,0.0,0.0
126,All,16,6,3,5,2,0,3,1,0,3,,1.0,0.0
126,All,16,6,3,2,2,0,1,1,1,1,,1.0,1.0
126,All,16,6,3,6,2,0,3,1,0,3,,1.0,0.0
126,All,16,6,3,4,2,1,2,2,1,2,1.0,,
126,All,16,6,3,3,2,1,2,2,1,2,1.0,,
126,All,17,2,3,2,3,1,3,3,1,3,1.0,,
126,All,17,2,3,1,2,1,2,2,1,2,1.0,,
126,All,18,2,4,2,2,1,2,2,1,2,1.0,,
126,All,18,2,4,1,1,1,1,1,1,1,1.0,,
127,All,1,2,1,1,3,0,1,2,0,1,,1.0,0.0
127,All,1,2,1,2,2,0,3,1,0,3,,1.0,0.0
127,All,2,3,1,2,3,0,2,3,0,2,,0.0,0.0
127,All,2,3,1,1,2,0,1,1,1,1,,1.0,1.0
127,All,2,3,1,3,2,1,2,2,1,2,1.0,,
127,All,3,6,1,6,3,1,3,2,0,3,0.0,,
127,All,3,6,1,3,1,0,2,2,1,2,,1.0,1.0
127,All,3,6,1,4,2,1,2,3,0,2,0.0,,
127,All,3,6,1,1,1,1,1,2,0,1,0.0,,
127,All,3,6,1,2,1,1,1,3,0,1,0.0,,
127,All,3,6,1,5,3,1,3,1,0,3,0.0,,
127,All,4,4,1,1,3,0,1,3,0,1,,0.0,0.0
127,All,4,4,1,3,3,1,3,3,1,3,1.0,,
127,All,4,4,1,4,2,0,3,1,0,3,,1.0,0.0
127,All,4,4,1,2,1,0,2,1,0,2,,0.0,0.0
127,All,5,2,2,1,2,1,2,2,1,2,1.0,,
127,All,5,2,2,2,1,0,3,3,1,3,,1.0,1.0
127,All,6,5,1,5,2,0,3,2,0,3,,0.0,0.0
127,All,6,5,1,3,2,1,2,2,1,2,1.0,,
127,All,6,5,1,1,2,0,1,1,1,1,,1.0,1.0
127,All,6,5,1,4,2,0,3,3,1,3,,1.0,1.0
127,All,6,5,1,2,2,1,2,2,1,2,1.0,,
127,All,7,3,2,2,2,0,1,1,1,1,,1.0,1.0
127,All,7,3,2,1,2,0,1,1,1,1,,1.0,1.0
127,All,7,3,2,3,2,0,3,1,0,3,,1.0,0.0
127,All,8,4,2,2,2,0,1,1,1,1,,1.0,1.0
127,All,8,4,2,3,2,1,2,1,0,2,0.0,,
127,All,8,4,2,1,2,0,1,1,1,1,,1.0,1.0
127,All,8,4,2,4,2,0,3,1,0,3,,1.0,0.0
127,All,9,5,2,3,2,1,2,2,1,2,1.0,,
127,All,9,5,2,1,2,0,1,2,0,1,,0.0,0.0
127,All,9,5,2,2,2,0,1,1,1,1,,1.0,1.0
127,All,9,5,2,4,2,1,2,2,1,2,1.0,,
127,All,9,5,2,5,2,0,3,1,0,3,,1.0,0.0
127,All,10,4,3,2,2,0,1,1,1,1,,1.0,1.0
127,All,10,4,3,3,2,1,2,2,1,2,1.0,,
127,All,10,4,3,4,2,0,3,1,0,3,,1.0,0.0
127,All,11,6,2,4,2,1,2,2,1,2,1.0,,
127,All,11,6,2,1,2,0,1,1,1,1,,1.0,1.0
127,All,11,6,2,5,2,0,3,3,1,3,,1.0,1.0
127,All,11,6,2,6,2,0,3,3,1,3,,1.0,1.0
127,All,11,6,2,2,2,0,1,1,1,1,,1.0,1.0
127,All,11,6,2,3,2,1,2,3,0,2,0.0,,
127,All,12,4,4,2,2,1,2,2,1,2,1.0,,
127,All,12,4,4,4,2,0,3,1,0,3,,1.0,0.0
127,All,12,4,4,1,2,0,1,1,1,1,,1.0,1.0
127,All,12,4,4,3,2,1,2,2,1,2,1.0,,
127,All,13,3,3,1,2,1,2,2,1,2,1.0,,
127,All,13,3,3,2,2,0,3,1,0,3,,1.0,0.0
127,All,13,3,3,3,2,0,3,2,0,3,,0.0,0.0
127,All,14,3,4,2,2,0,3,1,0,3,,1.0,0.0
127,All,14,3,4,3,2,0,3,1,0,3,,1.0,0.0
127,All,14,3,4,1,2,1,2,2,1,2,1.0,,
127,All,15,5,3,3,2,1,2,2,1,2,1.0,,
127,All,15,5,3,1,2,0,1,1,1,1,,1.0,1.0
127,All,15,5,3,2,2,0,1,1,1,1,,1.0,1.0
127,All,15,5,3,4,2,1,2,2,1,2,1.0,,
127,All,15,5,3,5,2,0,3,2,0,3,,0.0,0.0
127,All,16,6,3,1,2,0,1,1,1,1,,1.0,1.0
127,All,16,6,3,5,2,0,3,1,0,3,,1.0,0.0
127,All,16,6,3,2,2,0,1,1,1,1,,1.0,1.0
127,All,16,6,3,6,2,0,3,2,0,3,,0.0,0.0
127,All,16,6,3,4,2,1,2,2,1,2,1.0,,
127,All,16,6,3,3,2,1,2,2,1,2,1.0,,
127,All,17,2,3,2,2,0,3,1,0,3,,1.0,0.0
127,All,17,2,3,1,2,1,2,2,1,2,1.0,,
127,All,18,2,4,2,2,1,2,2,1,2,1.0,,
127,All,18,2,4,1,1,1,1,1,1,1,1.0,,
128,All,1,2,1,1,2,0,1,2,0,1,,0.0,0.0
128,All,1,2,1,2,1,0,3,3,1,3,,1.0,1.0
128,All,2,3,1,2,1,0,2,1,0,2,,0.0,0.0
128,All,2,3,1,1,3,0,1,2,0,1,,1.0,0.0
128,All,2,3,1,3,1,0,2,3,0,2,,1.0,0.0
128,All,3,6,1,3,1,0,2,1,0,2,,0.0,0.0
128,All,3,6,1,4,3,0,2,1,0,2,,1.0,0.0
128,All,3,6,1,1,2,0,1,1,1,1,,1.0,1.0
128,All,3,6,1,2,1,1,1,1,1,1,1.0,,
128,All,4,4,1,1,2,0,1,1,1,1,,1.0,1.0
128,All,4,4,1,3,2,0,3,3,1,3,,1.0,1.0
128,All,4,4,1,4,2,0,3,1,0,3,,1.0,0.0
128,All,5,2,2,1,1,0,2,2,1,2,,1.0,1.0
128,All,5,2,2,2,1,0,3,3,1,3,,1.0,1.0
128,All,6,5,1,5,2,0,3,1,0,3,,1.0,0.0
128,All,6,5,1,3,2,1,2,2,1,2,1.0,,
128,All,6,5,1,1,2,0,1,1,1,1,,1.0,1.0
128,All,6,5,1,2,2,1,2,2,1,2,1.0,,
128,All,7,3,2,2,1,1,1,2,0,1,0.0,,
128,All,7,3,2,1,2,0,1,2,0,1,,0.0,0.0
128,All,7,3,2,3,2,0,3,2,0,3,,0.0,0.0
128,All,8,4,2,2,1,1,1,1,1,1,1.0,,
128,All,8,4,2,3,3,0,2,1,0,2,,1.0,0.0
128,All,8,4,2,4,1,0,3,1,0,3,,0.0,0.0
128,All,9,5,2,1,3,0,1,2,0,1,,1.0,0.0
128,All,9,5,2,2,3,0,1,1,1,1,,1.0,1.0
128,All,9,5,2,4,3,0,2,1,0,2,,1.0,0.0
128,All,9,5,2,5,3,1,3,3,1,3,1.0,,
128,All,10,4,3,2,2,0,1,1,1,1,,1.0,1.0
128,All,10,4,3,3,2,1,2,2,1,2,1.0,,
128,All,10,4,3,1,2,0,1,1,1,1,,1.0,1.0
128,All,10,4,3,4,2,0,3,3,1,3,,1.0,1.0
128,All,11,6,2,4,2,1,2,2,1,2,1.0,,
128,All,11,6,2,1,1,1,1,2,0,1,0.0,,
128,All,11,6,2,5,3,1,3,1,0,3,0.0,,
128,All,11,6,2,2,3,0,1,3,0,1,,0.0,0.0
128,All,11,6,2,3,3,0,2,1,0,2,,1.0,0.0
128,All,12,4,4,2,2,1,2,2,1,2,1.0,,
128,All,12,4,4,4,2,0,3,1,0,3,,1.0,0.0
128,All,12,4,4,1,2,0,1,1,1,1,,1.0,1.0
128,All,12,4,4,3,2,1,2,2,1,2,1.0,,
128,All,13,3,3,1,2,1,2,2,1,2,1.0,,
128,All,13,3,3,2,1,0,3,2,0,3,,1.0,0.0
128,All,13,3,3,3,2,0,3,2,0,3,,0.0,0.0
128,All,14,3,4,2,1,0,3,2,0,3,,1.0,0.0
128,All,14,3,4,3,1,0,3,3,1,3,,1.0,1.0
128,All,14,3,4,1,1,0,2,2,1,2,,1.0,1.0
128,All,15,5,3,3,2,1,2,1,0,2,0.0,,
128,All,15,5,3,1,2,0,1,1,1,1,,1.0,1.0
128,All,15,5,3,2,2,0,1,1,1,1,,1.0,1.0
128,All,15,5,3,4,2,1,2,2,1,2,1.0,,
128,All,15,5,3,5,2,0,3,2,0,3,,0.0,0.0
128,All,16,6,3,5,2,0,3,1,0,3,,1.0,0.0
128,All,16,6,3,6,2,0,3,1,0,3,,1.0,0.0
128,All,16,6,3,4,2,1,2,2,1,2,1.0,,
128,All,16,6,3,3,2,1,2,2,1,2,1.0,,
128,All,17,2,3,2,2,0,3,1,0,3,,1.0,0.0
128,All,18,2,4,2,3,0,2,2,1,2,,1.0,1.0
128,All,18,2,4,1,1,1,1,1,1,1,1.0,,
129,All,1,2,1,1,3,0,1,1,1,1,,1.0,1.0
129,All,1,2,1,2,1,0,3,3,1,3,,1.0,1.0
129,All,2,3,1,2,2,1,2,1,0,2,0.0,,
129,All,2,3,1,1,1,1,1,2,0,1,0.0,,
129,All,2,3,1,3,3,0,2,2,1,2,,1.0,1.0
129,All,3,6,1,6,2,0,3,1,0,3,,1.0,0.0
129,All,3,6,1,3,1,0,2,1,0,2,,0.0,0.0
129,All,3,6,1,4,2,1,2,2,1,2,1.0,,
129,All,3,6,1,1,2,0,1,3,0,1,,1.0,0.0
129,All,3,6,1,2,3,0,1,3,0,1,,0.0,0.0
129,All,3,6,1,5,2,0,3,3,1,3,,1.0,1.0
129,All,4,4,1,1,2,0,1,3,0,1,,1.0,0.0
129,All,4,4,1,3,3,1,3,3,1,3,1.0,,
129,All,4,4,1,4,1,0,3,1,0,3,,0.0,0.0
129,All,4,4,1,2,3,0,2,3,0,2,,0.0,0.0
129,All,5,2,2,1,2,1,2,2,1,2,1.0,,
129,All,5,2,2,2,3,1,3,3,1,3,1.0,,
129,All,6,5,1,5,2,0,3,3,1,3,,1.0,1.0
129,All,6,5,1,3,3,0,2,2,1,2,,1.0,1.0
129,All,6,5,1,1,1,1,1,1,1,1,1.0,,
129,All,6,5,1,4,2,0,3,1,0,3,,1.0,0.0
129,All,6,5,1,2,3,0,2,1,0,2,,1.0,0.0
129,All,7,3,2,2,2,0,1,3,0,1,,1.0,0.0
129,All,7,3,2,1,1,1,1,1,1,1,1.0,,
129,All,7,3,2,3,3,1,3,3,1,3,1.0,,
129,All,8,4,2,2,3,0,1,1,1,1,,1.0,1.0
129,All,8,4,2,3,1,0,2,1,0,2,,0.0,0.0
129,All,8,4,2,1,2,0,1,2,0,1,,0.0,0.0
129,All,8,4,2,4,1,0,3,3,1,3,,1.0,1.0
129,All,9,5,2,3,3,0,2,2,1,2,,1.0,1.0
129,All,9,5,2,1,3,0,1,2,0,1,,1.0,0.0
129,All,9,5,2,2,3,0,1,3,0,1,,0.0,0.0
129,All,9,5,2,4,2,1,2,2,1,2,1.0,,
129,All,9,5,2,5,1,0,3,3,1,3,,1.0,1.0
129,All,10,4,3,2,3,0,1,1,1,1,,1.0,1.0
129,All,10,4,3,3,1,0,2,3,0,2,,1.0,0.0
129,All,10,4,3,1,2,0,1,3,0,1,,1.0,0.0
129,All,10,4,3,4,3,1,3,3,1,3,1.0,,
129,All,11,6,2,4,2,1,2,2,1,2,1.0,,
129,All,11,6,2,1,2,0,1,2,0,1,,0.0,0.0
129,All,11,6,2,5,3,1,3,3,1,3,1.0,,
129,All,11,6,2,6,3,1,3,3,1,3,1.0,,
129,All,11,6,2,2,1,1,1,1,1,1,1.0,,
129,All,11,6,2,3,1,0,2,2,1,2,,1.0,1.0
129,All,12,4,4,2,2,1,2,2,1,2,1.0,,
129,All,12,4,4,4,1,0,3,2,0,3,,1.0,0.0
129,All,12,4,4,1,3,0,1,1,1,1,,1.0,1.0
129,All,12,4,4,3,3,0,2,2,1,2,,1.0,1.0
129,All,13,3,3,1,3,0,2,2,1,2,,1.0,1.0
129,All,13,3,3,2,1,0,3,1,0,3,,0.0,0.0
129,All,13,3,3,3,2,0,3,1,0,3,,1.0,0.0
129,All,14,3,4,2,3,1,3,3,1,3,1.0,,
129,All,14,3,4,3,2,0,3,1,0,3,,1.0,0.0
129,All,14,3,4,1,2,1,2,2,1,2,1.0,,
129,All,15,5,3,3,3,0,2,1,0,2,,1.0,0.0
129,All,15,5,3,1,3,0,1,2,0,1,,1.0,0.0
129,All,15,5,3,2,3,0,1,2,0,1,,1.0,0.0
129,All,15,5,3,4,3,0,2,2,1,2,,1.0,1.0
129,All,15,5,3,5,1,0,3,3,1,3,,1.0,1.0
129,All,16,6,3,1,1,1,1,1,1,1,1.0,,
129,All,16,6,3,5,3,1,3,1,0,3,0.0,,
129,All,16,6,3,2,3,0,1,3,0,1,,0.0,0.0
129,All,16,6,3,6,3,1,3,3,1,3,1.0,,
129,All,16,6,3,4,2,1,2,2,1,2,1.0,,
129,All,16,6,3,3,3,0,2,2,1,2,,1.0,1.0
129,All,17,2,3,2,3,1,3,3,1,3,1.0,,
129,All,17,2,3,1,2,1,2,2,1,2,1.0,,
129,All,18,2,4,2,3,0,2,1,0,2,,1.0,0.0
129,All,18,2,4,1,2,0,1,1,1,1,,1.0,1.0
130,All,1,2,1,1,2,0,1,3,0,1,,1.0,0.0
130,All,1,2,1,2,2,0,3,1,0,3,,1.0,0.0
130,All,2,3,1,2,2,1,2,2,1,2,1.0,,
130,All,2,3,1,1,1,1,1,1,1,1,1.0,,
130,All,2,3,1,3,3,0,2,1,0,2,,1.0,0.0
130,All,3,6,1,6,2,0,3,3,1,3,,1.0,1.0
130,All,3,6,1,4,1,0,2,2,1,2,,1.0,1.0
130,All,3,6,1,1,3,0,1,2,0,1,,1.0,0.0
130,All,3,6,1,2,2,0,1,1,1,1,,1.0,1.0
130,All,3,6,1,5,1,0,3,1,0,3,,0.0,0.0
130,All,4,4,1,1,2,0,1,1,1,1,,1.0,1.0
130,All,4,4,1,3,2,0,3,1,0,3,,1.0,0.0
130,All,4,4,1,4,2,0,3,1,0,3,,1.0,0.0
130,All,4,4,1,2,2,1,2,2,1,2,1.0,,
130,All,5,2,2,1,2,1,2,2,1,2,1.0,,
130,All,5,2,2,2,3,1,3,3,1,3,1.0,,
130,All,6,5,1,5,1,0,3,2,0,3,,1.0,0.0
130,All,6,5,1,3,2,1,2,2,1,2,1.0,,
130,All,6,5,1,1,3,0,1,3,0,1,,0.0,0.0
130,All,6,5,1,4,1,0,3,2,0,3,,1.0,0.0
130,All,6,5,1,2,1,0,2,1,0,2,,0.0,0.0
130,All,7,3,2,2,3,0,1,3,0,1,,0.0,0.0
130,All,7,3,2,1,1,1,1,1,1,1,1.0,,
130,All,7,3,2,3,2,0,3,3,1,3,,1.0,1.0
130,All,8,4,2,2,2,0,1,3,0,1,,1.0,0.0
130,All,8,4,2,3,2,1,2,1,0,2,0.0,,
130,All,8,4,2,1,2,0,1,3,0,1,,1.0,0.0
130,All,8,4,2,4,2,0,3,1,0,3,,1.0,0.0
130,All,9,5,2,3,1,0,2,3,0,2,,1.0,0.0
130,All,9,5,2,1,2,0,1,1,1,1,,1.0,1.0
130,All,9,5,2,2,3,0,1,2,0,1,,1.0,0.0
130,All,9,5,2,4,1,0,2,3,0,2,,1.0,0.0
130,All,9,5,2,5,2,0,3,1,0,3,,1.0,0.0
130,All,10,4,3,2,1,1,1,1,1,1,1.0,,
130,All,10,4,3,3,2,1,2,2,1,2,1.0,,
130,All,10,4,3,1,3,0,1,1,1,1,,1.0,1.0
130,All,10,4,3,4,1,0,3,1,0,3,,0.0,0.0
130,All,11,6,2,4,1,0,2,3,0,2,,1.0,0.0
130,All,11,6,2,1,1,1,1,1,1,1,1.0,,
130,All,11,6,2,5,3,1,3,3,1,3,1.0,,
130,All,11,6,2,6,2,0,3,3,1,3,,1.0,1.0
130,All,11,6,2,2,2,0,1,3,0,1,,1.0,0.0
130,All,11,6,2,3,2,1,2,2,1,2,1.0,,
130,All,12,4,4,2,3,0,2,1,0,2,,1.0,0.0
130,All,12,4,4,4,1,0,3,3,1,3,,1.0,1.0
130,All,12,4,4,1,2,0,1,1,1,1,,1.0,1.0
130,All,12,4,4,3,2,1,2,2,1,2,1.0,,
130,All,13,3,3,1,1,0,2,2,1,2,,1.0,1.0
130,All,13,3,3,2,1,0,3,2,0,3,,1.0,0.0
130,All,13,3,3,3,1,0,3,3,1,3,,1.0,1.0
130,All,14,3,4,2,1,0,3,2,0,3,,1.0,0.0
130,All,14,3,4,3,1,0,3,3,1,3,,1.0,1.0
130,All,14,3,4,1,1,0,2,3,0,2,,1.0,0.0
130,All,15,5,3,3,1,0,2,1,0,2,,0.0,0.0
130,All,15,5,3,1,1,1,1,1,1,1,1.0,,
130,All,15,5,3,2,1,1,1,1,1,1,1.0,,
130,All,15,5,3,4,3,0,2,2,1,2,,1.0,1.0
130,All,15,5,3,5,3,1,3,3,1,3,1.0,,
130,All,16,6,3,1,1,1,1,1,1,1,1.0,,
130,All,16,6,3,5,3,1,3,3,1,3,1.0,,
130,All,16,6,3,2,2,0,1,1,1,1,,1.0,1.0
130,All,16,6,3,6,2,0,3,2,0,3,,0.0,0.0
130,All,16,6,3,4,2,1,2,2,1,2,1.0,,
130,All,16,6,3,3,1,0,2,3,0,2,,1.0,0.0
130,All,17,2,3,2,3,1,3,3,1,3,1.0,,
130,All,17,2,3,1,2,1,2,2,1,2,1.0,,
130,All,18,2,4,2,3,0,2,2,1,2,,1.0,1.0
130,All,18,2,4,1,2,0,1,1,1,1,,1.0,1.0
