subject,block,condition,set_size,n_trials,n_stimuli,min_iteration,max_iteration,accuracy,stimuli_match_setsize,block_order,set_size_exposure,n_blocks_total,normalized_block_position
3093,1,1.0,6,90,6,1,15,0.5,True,1,1,13,0.0
3093,2,1.0,5,75,5,1,15,0.7333333333333333,True,2,1,13,0.08333333333333333
3093,3,1.0,2,18,2,1,9,1.0,True,3,1,13,0.16666666666666666
3093,4,1.0,4,60,4,1,15,0.5833333333333334,True,4,1,13,0.25
3093,5,1.0,2,30,2,1,15,0.9666666666666667,True,5,2,13,0.3333333333333333
3093,6,1.0,3,27,3,1,9,0.9629629629629629,True,6,1,13,0.4166666666666667
3093,7,1.0,2,18,2,1,9,0.7222222222222222,True,7,3,13,0.5
3093,8,1.0,5,75,5,1,15,0.7066666666666667,True,8,2,13,0.5833333333333334
3093,9,1.0,6,90,6,1,15,0.6555555555555556,True,9,2,13,0.6666666666666666
3093,10,1.0,5,75,5,1,15,0.76,True,10,3,13,0.75
3093,11,1.0,2,30,2,1,15,0.9,True,11,4,13,0.8333333333333334
3093,12,1.0,4,60,4,1,15,0.7166666666666667,True,12,2,13,0.9166666666666666
3093,13,1.0,3,45,3,1,15,0.8888888888888888,True,13,2,13,1.0
3960,1,1.0,6,90,6,1,15,0.5222222222222223,True,1,1,13,0.0
3960,2,1.0,2,30,2,1,15,0.9666666666666667,True,2,1,13,0.08333333333333333
3960,3,1.0,2,30,2,1,15,0.9333333333333333,True,3,2,13,0.16666666666666666
3960,4,1.0,2,30,2,1,15,0.8666666666666667,True,4,3,13,0.25
3960,5,1.0,3,45,3,1,15,0.8666666666666667,True,5,1,13,0.3333333333333333
3960,6,1.0,4,60,4,1,15,0.7833333333333333,True,6,1,13,0.4166666666666667
3960,7,1.0,5,75,5,1,15,0.68,True,7,1,13,0.5
3960,8,1.0,6,90,6,1,15,0.7666666666666667,True,8,2,13,0.5833333333333334
3960,9,1.0,5,50,5,1,11,0.66,True,9,2,13,0.6666666666666666
3960,10,1.0,2,18,2,1,9,0.9444444444444444,True,10,4,13,0.75
3960,11,1.0,3,45,3,1,15,0.4222222222222222,True,11,2,13,0.8333333333333334
3960,12,1.0,4,60,4,1,15,0.55,True,12,2,13,0.9166666666666666
3960,13,1.0,5,57,5,1,12,0.6140350877192983,True,13,3,13,1.0
8673,1,1.0,2,18,2,1,9,0.8888888888888888,True,1,1,13,0.0
8673,2,1.0,2,18,2,1,9,0.8333333333333334,True,2,2,13,0.08333333333333333
8673,3,1.0,6,54,6,1,9,0.8703703703703703,True,3,1,13,0.16666666666666666
8673,4,1.0,5,45,5,1,9,0.8222222222222222,True,4,1,13,0.25
8673,5,1.0,3,27,3,1,9,0.8148148148148148,True,5,1,13,0.3333333333333333
8673,6,1.0,2,18,2,1,9,0.7222222222222222,True,6,3,13,0.4166666666666667
8673,7,1.0,4,36,4,1,9,0.7777777777777778,True,7,1,13,0.5
8673,8,1.0,6,54,6,1,9,0.8148148148148148,True,8,2,13,0.5833333333333334
8673,9,1.0,5,75,5,1,15,0.76,True,9,2,13,0.6666666666666666
8673,10,1.0,2,18,2,1,9,0.9444444444444444,True,10,4,13,0.75
8673,11,1.0,5,45,5,1,9,0.6666666666666666,True,11,3,13,0.8333333333333334
8673,12,1.0,3,27,3,1,9,0.8888888888888888,True,12,2,13,0.9166666666666666
8673,13,1.0,4,58,4,1,15,0.6896551724137931,True,13,2,13,1.0
11430,1,1.0,2,18,2,1,9,0.8888888888888888,True,1,1,13,0.0
11430,2,1.0,5,45,5,1,9,0.7777777777777778,True,2,1,13,0.08333333333333333
11430,3,1.0,2,18,2,1,9,0.8333333333333334,True,3,2,13,0.16666666666666666
11430,4,1.0,2,18,2,1,9,0.7777777777777778,True,4,3,13,0.25
11430,5,1.0,6,76,6,1,13,0.8157894736842105,True,5,1,13,0.3333333333333333
11430,6,1.0,4,36,4,1,9,0.6388888888888888,True,6,1,13,0.4166666666666667
11430,7,1.0,3,27,3,1,9,0.8888888888888888,True,7,1,13,0.5
11430,8,1.0,6,90,6,1,15,0.8333333333333334,True,8,2,13,0.5833333333333334
11430,9,1.0,5,54,5,1,12,0.7222222222222222,True,9,2,13,0.6666666666666666
11430,10,1.0,2,18,2,1,9,0.8888888888888888,True,10,4,13,0.75
11430,11,1.0,5,45,5,1,9,0.8222222222222222,True,11,3,13,0.8333333333333334
11430,12,1.0,4,51,4,1,13,0.6274509803921569,True,12,2,13,0.9166666666666666
11430,13,1.0,3,27,3,1,9,0.9259259259259259,True,13,2,13,1.0
11586,1,1.0,2,18,2,1,9,0.9444444444444444,True,1,1,13,0.0
11586,2,1.0,6,90,6,1,15,0.5,True,2,1,13,0.08333333333333333
11586,3,1.0,2,30,2,1,15,0.8333333333333334,True,3,2,13,0.16666666666666666
11586,4,1.0,5,75,5,1,15,0.6133333333333333,True,4,1,13,0.25
11586,5,1.0,3,27,3,1,9,0.8518518518518519,True,5,1,13,0.3333333333333333
11586,6,1.0,4,36,4,1,9,0.75,True,6,1,13,0.4166666666666667
11586,7,1.0,2,18,2,1,9,0.8333333333333334,True,7,3,13,0.5
11586,8,1.0,6,81,6,1,15,0.691358024691358,True,8,2,13,0.5833333333333334
11586,9,1.0,5,45,5,1,9,0.8222222222222222,True,9,2,13,0.6666666666666666
11586,10,1.0,2,18,2,1,9,0.8333333333333334,True,10,4,13,0.75
11586,11,1.0,5,75,5,1,15,0.56,True,11,3,13,0.8333333333333334
11586,12,1.0,3,45,3,1,15,0.7777777777777778,True,12,2,13,0.9166666666666666
11586,13,1.0,4,60,4,1,15,0.9166666666666666,True,13,2,13,1.0
13410,1,1.0,2,18,2,1,9,0.8333333333333334,True,1,1,13,0.0
13410,2,1.0,3,27,3,1,9,0.5925925925925926,True,2,1,13,0.08333333333333333
13410,3,1.0,2,18,2,1,9,0.9444444444444444,True,3,2,13,0.16666666666666666
13410,4,1.0,4,36,4,1,9,0.7777777777777778,True,4,1,13,0.25
13410,5,1.0,2,24,2,1,12,0.625,True,5,3,13,0.3333333333333333
13410,6,1.0,6,90,6,1,15,0.7,True,6,1,13,0.4166666666666667
13410,7,1.0,5,72,5,1,15,0.7638888888888888,True,7,1,13,0.5
13410,8,1.0,6,72,6,1,13,0.7916666666666666,True,8,2,13,0.5833333333333334
13410,9,1.0,5,71,5,1,15,0.5774647887323944,True,9,2,13,0.6666666666666666
13410,10,1.0,2,19,2,1,10,0.7894736842105263,True,10,4,13,0.75
13410,11,1.0,3,27,3,1,9,0.8148148148148148,True,11,2,13,0.8333333333333334
13410,12,1.0,4,36,4,1,9,0.8055555555555556,True,12,2,13,0.9166666666666666
13410,13,1.0,5,45,5,1,9,0.8888888888888888,True,13,3,13,1.0
16841,1,1.0,2,18,2,1,9,0.9444444444444444,True,1,1,13,0.0
16841,2,1.0,2,18,2,1,9,0.8888888888888888,True,2,2,13,0.08333333333333333
16841,3,1.0,6,90,6,1,15,0.6222222222222222,True,3,1,13,0.16666666666666666
16841,4,1.0,3,45,3,1,15,0.6666666666666666,True,4,1,13,0.25
16841,5,1.0,2,30,2,1,15,0.8666666666666667,True,5,3,13,0.3333333333333333
16841,6,1.0,5,75,5,1,15,0.6666666666666666,True,6,1,13,0.4166666666666667
16841,7,1.0,4,57,4,1,15,0.6140350877192983,True,7,1,13,0.5
16841,8,1.0,5,66,5,1,14,0.7424242424242424,True,8,2,13,0.5833333333333334
16841,9,1.0,6,90,6,1,15,0.6666666666666666,True,9,2,13,0.6666666666666666
16841,10,1.0,2,30,2,1,15,0.9333333333333333,True,10,4,13,0.75
16841,11,1.0,3,45,3,1,15,0.8888888888888888,True,11,2,13,0.8333333333333334
16841,12,1.0,5,75,5,1,15,0.84,True,12,3,13,0.9166666666666666
16841,13,1.0,4,60,4,1,15,0.8833333333333333,True,13,2,13,1.0
18966,1,1.0,2,18,2,1,9,0.9444444444444444,True,1,1,13,0.0
18966,2,1.0,4,60,4,1,15,0.16666666666666666,True,2,1,13,0.08333333333333333
18966,3,1.0,6,90,6,1,15,0.5555555555555556,True,3,1,13,0.16666666666666666
18966,4,1.0,5,75,5,1,15,0.68,True,4,1,13,0.25
18966,5,1.0,3,45,3,1,15,0.9555555555555556,True,5,1,13,0.3333333333333333
18966,6,1.0,2,30,2,1,15,0.9666666666666667,True,6,2,13,0.4166666666666667
18966,7,1.0,2,30,2,1,15,0.6333333333333333,True,7,3,13,0.5
18966,8,1.0,6,56,6,1,10,0.625,True,8,2,13,0.5833333333333334
18966,9,1.0,5,75,5,1,15,0.6933333333333334,True,9,2,13,0.6666666666666666
18966,10,1.0,2,18,2,1,9,0.7222222222222222,True,10,4,13,0.75
18966,11,1.0,4,44,4,1,12,0.6818181818181818,True,11,2,13,0.8333333333333334
18966,12,1.0,5,75,5,1,15,0.48,True,12,3,13,0.9166666666666666
18966,13,1.0,3,45,3,1,15,0.8,True,13,2,13,1.0
21407,1,1.0,2,18,2,1,9,0.9444444444444444,True,1,1,13,0.0
21407,2,1.0,2,18,2,1,9,0.8333333333333334,True,2,2,13,0.08333333333333333
21407,3,1.0,3,27,3,1,9,0.7777777777777778,True,3,1,13,0.16666666666666666
21407,4,1.0,6,90,6,1,15,0.6,True,4,1,13,0.25
21407,5,1.0,2,30,2,1,15,0.8666666666666667,True,5,3,13,0.3333333333333333
21407,6,1.0,5,75,5,1,15,0.8,True,6,1,13,0.4166666666666667
21407,7,1.0,4,60,4,1,15,0.8833333333333333,True,7,1,13,0.5
21407,8,1.0,5,75,5,1,15,0.7333333333333333,True,8,2,13,0.5833333333333334
21407,9,1.0,6,54,6,1,9,0.7592592592592593,True,9,2,13,0.6666666666666666
21407,10,1.0,2,18,2,1,9,0.7777777777777778,True,10,4,13,0.75
21407,11,1.0,3,27,3,1,9,0.9259259259259259,True,11,2,13,0.8333333333333334
21407,12,1.0,5,46,5,1,10,0.7608695652173914,True,12,3,13,0.9166666666666666
21407,13,1.0,4,36,4,1,9,0.8611111111111112,True,13,2,13,1.0
22026,1,1.0,4,57,4,1,15,0.6491228070175439,True,1,1,13,0.0
22026,2,1.0,5,72,5,1,15,0.5833333333333334,True,2,1,13,0.08333333333333333
22026,3,1.0,2,18,2,1,9,0.8333333333333334,True,3,1,13,0.16666666666666666
22026,4,1.0,3,27,3,1,9,0.8518518518518519,True,4,1,13,0.25
22026,5,1.0,6,90,6,1,15,0.5,True,5,1,13,0.3333333333333333
22026,6,1.0,2,30,2,1,15,0.8666666666666667,True,6,2,13,0.4166666666666667
22026,7,1.0,2,30,2,1,15,0.6666666666666666,True,7,3,13,0.5
22026,8,1.0,5,45,5,1,9,0.7555555555555555,True,8,2,13,0.5833333333333334
22026,9,1.0,6,74,6,1,13,0.7027027027027027,True,9,2,13,0.6666666666666666
22026,10,1.0,4,36,4,1,9,0.7777777777777778,True,10,2,13,0.75
22026,11,1.0,5,75,5,1,15,0.68,True,11,3,13,0.8333333333333334
22026,12,1.0,2,30,2,1,15,0.8333333333333334,True,12,4,13,0.9166666666666666
22026,13,1.0,3,45,3,1,15,0.6222222222222222,True,13,2,13,1.0
23387,1,1.0,2,18,2,1,9,1.0,True,1,1,13,0.0
23387,2,1.0,6,90,6,1,15,0.45555555555555555,True,2,1,13,0.08333333333333333
23387,3,1.0,3,45,3,1,15,0.8444444444444444,True,3,1,13,0.16666666666666666
23387,4,1.0,2,30,2,1,15,0.8333333333333334,True,4,2,13,0.25
23387,5,1.0,4,60,4,1,15,0.8833333333333333,True,5,1,13,0.3333333333333333
23387,6,1.0,2,30,2,1,15,0.9333333333333333,True,6,3,13,0.4166666666666667
23387,7,1.0,5,75,5,1,15,0.7866666666666666,True,7,1,13,0.5
23387,8,1.0,6,66,6,1,12,0.8181818181818182,True,8,2,13,0.5833333333333334
23387,9,1.0,5,53,5,1,11,0.6981132075471698,True,9,2,13,0.6666666666666666
23387,10,1.0,2,20,2,1,10,0.65,True,10,4,13,0.75
23387,11,1.0,3,27,3,1,9,0.9259259259259259,True,11,2,13,0.8333333333333334
23387,12,1.0,4,36,4,1,9,0.8055555555555556,True,12,2,13,0.9166666666666666
23387,13,1.0,5,45,5,1,9,0.8666666666666667,True,13,3,13,1.0
24197,1,1.0,6,64,6,1,11,0.75,True,1,1,13,0.0
24197,2,1.0,2,21,2,1,11,0.9047619047619048,True,2,1,13,0.08333333333333333
24197,3,1.0,3,33,3,1,12,0.7878787878787878,True,3,1,13,0.16666666666666666
24197,4,1.0,2,18,2,1,9,0.8333333333333334,True,4,2,13,0.25
24197,5,1.0,5,64,5,1,14,0.625,True,5,1,13,0.3333333333333333
24197,6,1.0,4,36,4,1,9,0.8333333333333334,True,6,1,13,0.4166666666666667
24197,7,1.0,2,18,2,1,9,0.8333333333333334,True,7,3,13,0.5
24197,8,1.0,5,46,5,1,10,0.717391304347826,True,8,2,13,0.5833333333333334
24197,9,1.0,6,65,6,1,11,0.7076923076923077,True,9,2,13,0.6666666666666666
24197,10,1.0,2,18,2,1,9,0.9444444444444444,True,10,4,13,0.75
24197,11,1.0,3,27,3,1,9,0.8518518518518519,True,11,2,13,0.8333333333333334
24197,12,1.0,5,50,5,1,11,0.72,True,12,3,13,0.9166666666666666
24197,13,1.0,4,36,4,1,9,0.7222222222222222,True,13,2,13,1.0
30543,1,1.0,6,90,6,1,15,0.4666666666666667,True,1,1,13,0.0
30543,2,1.0,3,45,3,1,15,0.5111111111111111,True,2,1,13,0.08333333333333333
30543,3,1.0,5,67,5,1,14,0.6268656716417911,True,3,1,13,0.16666666666666666
30543,4,1.0,2,18,2,1,9,0.8333333333333334,True,4,1,13,0.25
30543,5,1.0,2,18,2,1,9,0.7777777777777778,True,5,2,13,0.3333333333333333
30543,6,1.0,2,21,2,1,11,0.7619047619047619,True,6,3,13,0.4166666666666667
30543,7,1.0,4,60,4,1,15,0.2833333333333333,True,7,1,13,0.5
30543,8,1.0,5,75,5,1,15,0.64,True,8,2,13,0.5833333333333334
30543,9,1.0,6,90,6,1,15,0.4444444444444444,True,9,2,13,0.6666666666666666
30543,10,1.0,3,45,3,1,15,0.6444444444444445,True,10,2,13,0.75
30543,11,1.0,5,75,5,1,15,0.6266666666666667,True,11,3,13,0.8333333333333334
30543,12,1.0,2,30,2,1,15,0.9,True,12,4,13,0.9166666666666666
30543,13,1.0,4,60,4,1,15,0.8833333333333333,True,13,2,13,1.0
31274,1,1.0,2,18,2,1,9,0.8888888888888888,True,1,1,13,0.0
31274,2,1.0,3,35,3,1,13,0.6285714285714286,True,2,1,13,0.08333333333333333
31274,3,1.0,2,18,2,1,9,0.7777777777777778,True,3,2,13,0.16666666666666666
31274,4,1.0,6,77,6,1,13,0.7532467532467533,True,4,1,13,0.25
31274,5,1.0,2,18,2,1,9,0.9444444444444444,True,5,3,13,0.3333333333333333
31274,6,1.0,5,75,5,1,15,0.38666666666666666,True,6,1,13,0.4166666666666667
31274,7,1.0,4,60,4,1,15,0.6666666666666666,True,7,1,13,0.5
31274,8,1.0,6,66,6,1,12,0.7727272727272727,True,8,2,13,0.5833333333333334
31274,9,1.0,5,45,5,1,9,0.6666666666666666,True,9,2,13,0.6666666666666666
31274,10,1.0,2,18,2,1,9,0.8888888888888888,True,10,4,13,0.75
31274,11,1.0,3,27,3,1,9,0.9259259259259259,True,11,2,13,0.8333333333333334
31274,12,1.0,5,75,5,1,15,0.6,True,12,3,13,0.9166666666666666
31274,13,1.0,4,36,4,1,9,0.6666666666666666,True,13,2,13,1.0
31307,1,1.0,2,18,2,1,9,0.8333333333333334,True,1,1,13,0.0
31307,2,1.0,2,18,2,1,9,0.8888888888888888,True,2,2,13,0.08333333333333333
31307,3,1.0,3,27,3,1,9,0.6296296296296297,True,3,1,13,0.16666666666666666
31307,4,1.0,6,90,6,1,15,0.6222222222222222,True,4,1,13,0.25
31307,5,1.0,4,60,4,1,15,0.8333333333333334,True,5,1,13,0.3333333333333333
31307,6,1.0,5,75,5,1,15,0.7866666666666666,True,6,1,13,0.4166666666666667
31307,7,1.0,2,30,2,1,15,0.8666666666666667,True,7,3,13,0.5
31307,8,1.0,6,90,6,1,15,0.6444444444444445,True,8,2,13,0.5833333333333334
31307,9,1.0,5,75,5,1,15,0.76,True,9,2,13,0.6666666666666666
31307,10,1.0,2,30,2,1,15,0.8666666666666667,True,10,4,13,0.75
31307,11,1.0,3,45,3,1,15,0.8888888888888888,True,11,2,13,0.8333333333333334
31307,12,1.0,4,60,4,1,15,0.8333333333333334,True,12,2,13,0.9166666666666666
31307,13,1.0,5,75,5,1,15,0.84,True,13,3,13,1.0
31678,1,1.0,3,45,3,1,15,0.4,True,1,1,13,0.0
31678,2,1.0,2,30,2,1,15,0.4,True,2,1,13,0.08333333333333333
31678,3,1.0,5,75,5,1,15,0.30666666666666664,True,3,1,13,0.16666666666666666
31678,4,1.0,4,60,4,1,15,0.43333333333333335,True,4,1,13,0.25
31678,5,1.0,2,30,2,1,15,0.7,True,5,2,13,0.3333333333333333
31678,6,1.0,6,90,6,1,15,0.2777777777777778,True,6,1,13,0.4166666666666667
31678,7,1.0,2,30,2,1,15,0.8666666666666667,True,7,3,13,0.5
31678,8,1.0,5,75,5,1,15,0.3333333333333333,True,8,2,13,0.5833333333333334
31678,9,1.0,6,90,6,1,15,0.3111111111111111,True,9,2,13,0.6666666666666666
31678,10,1.0,3,45,3,1,15,0.4666666666666667,True,10,2,13,0.75
31678,11,1.0,2,30,2,1,15,0.3,True,11,4,13,0.8333333333333334
31678,12,1.0,5,75,5,1,15,0.3466666666666667,True,12,3,13,0.9166666666666666
31678,13,1.0,4,60,4,1,15,0.38333333333333336,True,13,2,13,1.0
50207,1,1.0,3,29,3,1,10,0.8275862068965517,True,1,1,13,0.0
50207,2,1.0,2,18,2,1,9,0.8888888888888888,True,2,1,13,0.08333333333333333
50207,3,1.0,6,90,6,1,15,0.6555555555555556,True,3,1,13,0.16666666666666666
50207,4,1.0,2,30,2,1,15,0.9,True,4,2,13,0.25
50207,5,1.0,5,75,5,1,15,0.6,True,5,1,13,0.3333333333333333
50207,6,1.0,2,30,2,1,15,0.9666666666666667,True,6,3,13,0.4166666666666667
50207,7,1.0,4,36,4,1,9,0.8888888888888888,True,7,1,13,0.5
50207,8,1.0,6,54,6,1,9,0.7962962962962963,True,8,2,13,0.5833333333333334
50207,9,1.0,5,65,5,1,13,0.7076923076923077,True,9,2,13,0.6666666666666666
50207,10,1.0,3,27,3,1,9,0.7037037037037037,True,10,2,13,0.75
50207,11,1.0,2,18,2,1,9,0.8333333333333334,True,11,4,13,0.8333333333333334
50207,12,1.0,5,56,5,1,12,0.75,True,12,3,13,0.9166666666666666
50207,13,1.0,4,38,4,1,10,0.8157894736842105,True,13,2,13,1.0
52424,1,1.0,2,18,2,1,9,0.9444444444444444,True,1,1,13,0.0
52424,2,1.0,4,60,4,1,15,0.48333333333333334,True,2,1,13,0.08333333333333333
52424,3,1.0,5,75,5,1,15,0.38666666666666666,True,3,1,13,0.16666666666666666
52424,4,1.0,3,45,3,1,15,0.4222222222222222,True,4,1,13,0.25
52424,5,1.0,2,30,2,1,15,0.8,True,5,2,13,0.3333333333333333
52424,6,1.0,2,30,2,1,15,0.8333333333333334,True,6,3,13,0.4166666666666667
52424,7,1.0,6,90,6,1,15,0.2777777777777778,True,7,1,13,0.5
52424,8,1.0,6,90,6,1,15,0.4111111111111111,True,8,2,13,0.5833333333333334
52424,9,1.0,5,75,5,1,15,0.3333333333333333,True,9,2,13,0.6666666666666666
52424,10,1.0,2,18,2,1,9,0.6666666666666666,True,10,4,13,0.75
52424,11,1.0,4,60,4,1,15,0.45,True,11,2,13,0.8333333333333334
52424,12,1.0,5,75,5,1,15,0.18666666666666668,True,12,3,13,0.9166666666666666
52424,13,1.0,3,45,3,1,15,0.8,True,13,2,13,1.0
56507,1,1.0,3,27,3,1,9,0.8518518518518519,True,1,1,13,0.0
56507,2,1.0,2,18,2,1,9,0.9444444444444444,True,2,1,13,0.08333333333333333
56507,3,1.0,2,18,2,1,9,0.8333333333333334,True,3,2,13,0.16666666666666666
56507,4,1.0,2,18,2,1,9,0.5,True,4,3,13,0.25
56507,5,1.0,6,62,6,1,11,0.7096774193548387,True,5,1,13,0.3333333333333333
56507,6,1.0,4,44,4,1,11,0.5227272727272727,True,6,1,13,0.4166666666666667
56507,7,1.0,5,45,5,1,9,0.7555555555555555,True,7,1,13,0.5
56507,8,1.0,6,90,6,1,15,0.4222222222222222,True,8,2,13,0.5833333333333334
56507,9,1.0,5,57,5,1,12,0.7192982456140351,True,9,2,13,0.6666666666666666
56507,10,1.0,3,27,3,1,9,0.7777777777777778,True,10,2,13,0.75
56507,11,1.0,2,18,2,1,9,0.8333333333333334,True,11,4,13,0.8333333333333334
56507,12,1.0,4,51,4,1,14,0.7450980392156863,True,12,2,13,0.9166666666666666
56507,13,1.0,5,52,5,1,11,0.9038461538461539,True,13,3,13,1.0
56970,1,1.0,2,18,2,1,9,0.8333333333333334,True,1,1,13,0.0
56970,2,1.0,6,90,6,1,15,0.5111111111111111,True,2,1,13,0.08333333333333333
56970,3,1.0,3,45,3,1,15,0.8888888888888888,True,3,1,13,0.16666666666666666
56970,4,1.0,2,30,2,1,15,0.9666666666666667,True,4,2,13,0.25
56970,5,1.0,4,60,4,1,15,0.7333333333333333,True,5,1,13,0.3333333333333333
56970,6,1.0,5,75,5,1,15,0.7733333333333333,True,6,1,13,0.4166666666666667
56970,7,1.0,2,30,2,1,15,0.9333333333333333,True,7,3,13,0.5
56970,8,1.0,6,90,6,1,15,0.7111111111111111,True,8,2,13,0.5833333333333334
56970,9,1.0,5,48,5,1,11,0.7708333333333334,True,9,2,13,0.6666666666666666
56970,10,1.0,2,18,2,1,9,0.8888888888888888,True,10,4,13,0.75
56970,11,1.0,3,34,3,1,12,0.7647058823529411,True,11,2,13,0.8333333333333334
56970,12,1.0,4,39,4,1,10,0.717948717948718,True,12,2,13,0.9166666666666666
56970,13,1.0,5,50,5,1,11,0.7,True,13,3,13,1.0
57060,1,1.0,3,41,3,1,14,0.5609756097560976,True,1,1,13,0.0
57060,2,1.0,4,41,4,1,11,0.7317073170731707,True,2,1,13,0.08333333333333333
57060,3,1.0,2,18,2,1,9,0.9444444444444444,True,3,1,13,0.16666666666666666
57060,4,1.0,2,18,2,1,9,1.0,True,4,2,13,0.25
57060,5,1.0,2,18,2,1,9,0.7222222222222222,True,5,3,13,0.3333333333333333
57060,6,1.0,5,45,5,1,9,0.6888888888888889,True,6,1,13,0.4166666666666667
57060,7,1.0,6,72,6,1,13,0.7916666666666666,True,7,1,13,0.5
57060,8,1.0,6,90,6,1,15,0.6333333333333333,True,8,2,13,0.5833333333333334
57060,9,1.0,5,65,5,1,14,0.6615384615384615,True,9,2,13,0.6666666666666666
57060,10,1.0,3,45,3,1,15,0.37777777777777777,True,10,2,13,0.75
57060,11,1.0,4,36,4,1,9,0.9444444444444444,True,11,2,13,0.8333333333333334
57060,12,1.0,2,18,2,1,9,0.8333333333333334,True,12,4,13,0.9166666666666666
57060,13,1.0,5,51,5,1,11,0.7058823529411765,True,13,3,13,1.0
57385,1,1.0,3,27,3,1,9,0.7037037037037037,True,1,1,13,0.0
57385,2,1.0,2,18,2,1,9,0.8333333333333334,True,2,1,13,0.08333333333333333
57385,3,1.0,5,45,5,1,9,0.7777777777777778,True,3,1,13,0.16666666666666666
57385,4,1.0,2,18,2,1,9,0.9444444444444444,True,4,2,13,0.25
57385,5,1.0,4,36,4,1,9,0.9444444444444444,True,5,1,13,0.3333333333333333
57385,6,1.0,2,18,2,1,9,0.9444444444444444,True,6,3,13,0.4166666666666667
57385,7,1.0,6,90,6,1,15,0.7333333333333333,True,7,1,13,0.5
57385,8,1.0,5,75,5,1,15,0.9333333333333333,True,8,2,13,0.5833333333333334
57385,9,1.0,6,90,6,1,15,0.6888888888888889,True,9,2,13,0.6666666666666666
57385,10,1.0,3,45,3,1,15,0.9111111111111111,True,10,2,13,0.75
57385,11,1.0,2,30,2,1,15,0.8333333333333334,True,11,4,13,0.8333333333333334
57385,12,1.0,5,45,5,1,9,0.9111111111111111,True,12,3,13,0.9166666666666666
57385,13,1.0,4,36,4,1,9,0.6944444444444444,True,13,2,13,1.0
58296,1,0.0,3,27,3,1,9,0.9629629629629629,True,1,1,13,0.0
58296,2,0.0,2,18,2,1,9,0.9444444444444444,True,2,1,13,0.08333333333333333
58296,3,0.0,2,18,2,1,9,0.8888888888888888,True,3,2,13,0.16666666666666666
58296,4,0.0,2,18,2,1,9,0.8888888888888888,True,4,3,13,0.25
58296,5,0.0,6,56,6,1,10,0.8928571428571429,True,5,1,13,0.3333333333333333
58296,6,0.0,4,36,4,1,9,0.7222222222222222,True,6,1,13,0.4166666666666667
58296,7,0.0,5,63,5,1,14,0.7619047619047619,True,7,1,13,0.5
58296,8,0.0,6,54,6,1,9,0.8703703703703703,True,8,2,13,0.5833333333333334
58296,9,0.0,5,71,5,1,15,0.7605633802816901,True,9,2,13,0.6666666666666666
58296,10,0.0,3,27,3,1,9,0.9629629629629629,True,10,2,13,0.75
58296,11,0.0,2,18,2,1,9,0.7222222222222222,True,11,4,13,0.8333333333333334
58296,12,0.0,4,60,4,1,15,0.5833333333333334,True,12,2,13,0.9166666666666666
58296,13,0.0,5,48,5,1,11,0.7083333333333334,True,13,3,13,1.0
58803,1,1.0,4,60,4,1,15,0.55,True,1,1,13,0.0
58803,2,1.0,3,45,3,1,15,0.9111111111111111,True,2,1,13,0.08333333333333333
58803,3,1.0,2,30,2,1,15,0.8,True,3,1,13,0.16666666666666666
58803,4,1.0,5,45,5,1,9,0.8,True,4,1,13,0.25
58803,5,1.0,6,88,6,1,15,0.6136363636363636,True,5,1,13,0.3333333333333333
58803,6,1.0,2,30,2,1,15,0.3,True,6,2,13,0.4166666666666667
58803,7,1.0,2,23,2,1,12,0.6086956521739131,True,7,3,13,0.5
58803,8,1.0,5,75,5,1,15,0.32,True,8,2,13,0.5833333333333334
58803,9,1.0,6,90,6,1,15,0.5333333333333333,True,9,2,13,0.6666666666666666
58803,10,1.0,4,60,4,1,15,0.6666666666666666,True,10,2,13,0.75
58803,11,1.0,3,45,3,1,15,0.7111111111111111,True,11,2,13,0.8333333333333334
58803,12,1.0,2,30,2,1,15,1.0,True,12,4,13,0.9166666666666666
58803,13,1.0,5,75,5,1,15,0.6666666666666666,True,13,3,13,1.0
59398,1,1.0,5,66,5,1,14,0.6666666666666666,True,1,1,13,0.0
59398,2,1.0,6,90,6,1,15,0.4777777777777778,True,2,1,13,0.08333333333333333
59398,3,1.0,2,30,2,1,15,0.9666666666666667,True,3,1,13,0.16666666666666666
59398,4,1.0,3,45,3,1,15,0.8666666666666667,True,4,1,13,0.25
59398,5,1.0,4,60,4,1,15,0.8,True,5,1,13,0.3333333333333333
59398,6,1.0,2,30,2,1,15,0.9666666666666667,True,6,2,13,0.4166666666666667
59398,7,1.0,2,30,2,1,15,0.9333333333333333,True,7,3,13,0.5
59398,8,1.0,5,75,5,1,15,0.72,True,8,2,13,0.5833333333333334
59398,9,1.0,6,79,6,1,14,0.7848101265822784,True,9,2,13,0.6666666666666666
59398,10,1.0,5,45,5,1,9,0.7333333333333333,True,10,3,13,0.75
59398,11,1.0,2,18,2,1,9,0.6666666666666666,True,11,4,13,0.8333333333333334
59398,12,1.0,3,30,3,1,11,0.5666666666666667,True,12,2,13,0.9166666666666666
59398,13,1.0,4,40,4,1,11,0.625,True,13,2,13,1.0
59422,1,0.0,2,18,2,1,9,0.8333333333333334,True,1,1,13,0.0
59422,2,0.0,5,45,5,1,9,0.7555555555555555,True,2,1,13,0.08333333333333333
59422,3,0.0,2,18,2,1,9,0.8333333333333334,True,3,2,13,0.16666666666666666
59422,4,0.0,2,18,2,1,9,0.9444444444444444,True,4,3,13,0.25
59422,5,0.0,6,54,6,1,9,0.9074074074074074,True,5,1,13,0.3333333333333333
59422,6,0.0,4,36,4,1,9,0.8055555555555556,True,6,1,13,0.4166666666666667
59422,7,0.0,3,27,3,1,9,0.8148148148148148,True,7,1,13,0.5
59422,8,0.0,6,77,6,1,14,0.8051948051948052,True,8,2,13,0.5833333333333334
59422,9,0.0,5,45,5,1,9,0.8888888888888888,True,9,2,13,0.6666666666666666
59422,10,0.0,2,18,2,1,9,1.0,True,10,4,13,0.75
59422,11,0.0,5,45,5,1,9,0.8,True,11,3,13,0.8333333333333334
59422,12,0.0,4,36,4,1,9,0.75,True,12,2,13,0.9166666666666666
59422,13,0.0,3,27,3,1,9,1.0,True,13,2,13,1.0
59771,1,0.0,4,36,4,1,9,0.8055555555555556,True,1,1,13,0.0
59771,2,0.0,3,27,3,1,9,0.8888888888888888,True,2,1,13,0.08333333333333333
59771,3,0.0,2,18,2,1,9,0.9444444444444444,True,3,1,13,0.16666666666666666
59771,4,0.0,2,18,2,1,9,0.8888888888888888,True,4,2,13,0.25
59771,5,0.0,6,63,6,1,11,0.6984126984126984,True,5,1,13,0.3333333333333333
59771,6,0.0,5,47,5,1,10,0.6595744680851063,True,6,1,13,0.4166666666666667
59771,7,0.0,2,18,2,1,9,0.8888888888888888,True,7,3,13,0.5
59771,8,0.0,5,60,5,1,12,0.75,True,8,2,13,0.5833333333333334
59771,9,0.0,6,60,6,1,11,0.7166666666666667,True,9,2,13,0.6666666666666666
59771,10,0.0,4,36,4,1,9,0.8888888888888888,True,10,2,13,0.75
59771,11,0.0,3,27,3,1,9,0.8518518518518519,True,11,2,13,0.8333333333333334
59771,12,0.0,2,18,2,1,9,0.9444444444444444,True,12,4,13,0.9166666666666666
59771,13,0.0,5,45,5,1,9,0.8666666666666667,True,13,3,13,1.0
59916,1,1.0,4,59,4,1,15,0.5423728813559322,True,1,1,13,0.0
59916,2,1.0,5,75,5,1,15,0.30666666666666664,True,2,1,13,0.08333333333333333
59916,3,1.0,2,30,2,1,15,0.8666666666666667,True,3,1,13,0.16666666666666666
59916,4,1.0,2,30,2,1,15,0.9,True,4,2,13,0.25
59916,5,1.0,3,45,3,1,15,0.4888888888888889,True,5,1,13,0.3333333333333333
59916,6,1.0,6,90,6,1,15,0.3333333333333333,True,6,1,13,0.4166666666666667
59916,7,1.0,2,30,2,1,15,0.9,True,7,3,13,0.5
59916,8,1.0,5,75,5,1,15,0.5866666666666667,True,8,2,13,0.5833333333333334
59916,9,1.0,6,90,6,1,15,0.3,True,9,2,13,0.6666666666666666
59916,10,1.0,4,60,4,1,15,0.8166666666666667,True,10,2,13,0.75
59916,11,1.0,5,75,5,1,15,0.26666666666666666,True,11,3,13,0.8333333333333334
59916,12,1.0,2,30,2,1,15,0.8,True,12,4,13,0.9166666666666666
59916,13,1.0,3,45,3,1,15,0.6666666666666666,True,13,2,13,1.0
61108,1,1.0,3,45,3,1,15,0.6444444444444445,True,1,1,13,0.0
61108,2,1.0,2,30,2,1,15,0.5,True,2,1,13,0.08333333333333333
61108,3,1.0,4,49,4,1,13,0.5918367346938775,True,3,1,13,0.16666666666666666
61108,4,1.0,5,75,5,1,15,0.49333333333333335,True,4,1,13,0.25
61108,5,1.0,2,30,2,1,15,0.6666666666666666,True,5,2,13,0.3333333333333333
61108,6,1.0,6,90,6,1,15,0.5333333333333333,True,6,1,13,0.4166666666666667
61108,7,1.0,2,30,2,1,15,0.8666666666666667,True,7,3,13,0.5
61108,8,1.0,6,54,6,1,9,0.8148148148148148,True,8,2,13,0.5833333333333334
61108,9,1.0,5,74,5,1,15,0.7432432432432432,True,9,2,13,0.6666666666666666
61108,10,1.0,3,27,3,1,9,0.8518518518518519,True,10,2,13,0.75
61108,11,1.0,2,18,2,1,9,0.8333333333333334,True,11,4,13,0.8333333333333334
61108,12,1.0,4,42,4,1,11,0.6666666666666666,True,12,2,13,0.9166666666666666
61108,13,1.0,5,66,5,1,14,0.7878787878787878,True,13,3,13,1.0
61604,1,1.0,2,19,2,1,10,0.7894736842105263,True,1,1,13,0.0
61604,2,1.0,5,45,5,1,9,0.8444444444444444,True,2,1,13,0.08333333333333333
61604,3,1.0,4,36,4,1,9,0.75,True,3,1,13,0.16666666666666666
61604,4,1.0,6,88,6,1,15,0.7840909090909091,True,4,1,13,0.25
61604,5,1.0,3,27,3,1,9,1.0,True,5,1,13,0.3333333333333333
61604,6,1.0,2,18,2,1,9,0.9444444444444444,True,6,2,13,0.4166666666666667
61604,7,1.0,2,18,2,1,9,0.7222222222222222,True,7,3,13,0.5
61604,8,1.0,5,45,5,1,9,0.8666666666666667,True,8,2,13,0.5833333333333334
61604,9,1.0,6,54,6,1,9,0.8333333333333334,True,9,2,13,0.6666666666666666
61604,10,1.0,2,18,2,1,9,0.9444444444444444,True,10,4,13,0.75
61604,11,1.0,5,48,5,1,10,0.7708333333333334,True,11,3,13,0.8333333333333334
61604,12,1.0,4,36,4,1,9,0.7222222222222222,True,12,2,13,0.9166666666666666
61604,13,1.0,3,27,3,1,9,0.8888888888888888,True,13,2,13,1.0
62008,1,1.0,5,53,5,1,11,0.7924528301886793,True,1,1,13,0.0
62008,2,1.0,3,27,3,1,9,0.8888888888888888,True,2,1,13,0.08333333333333333
62008,3,1.0,2,18,2,1,9,0.8888888888888888,True,3,1,13,0.16666666666666666
62008,4,1.0,2,18,2,1,9,0.9444444444444444,True,4,2,13,0.25
62008,5,1.0,6,54,6,1,9,0.8518518518518519,True,5,1,13,0.3333333333333333
62008,6,1.0,4,50,4,1,13,0.84,True,6,1,13,0.4166666666666667
62008,7,1.0,2,18,2,1,9,0.9444444444444444,True,7,3,13,0.5
62008,8,1.0,5,45,5,1,9,0.8,True,8,2,13,0.5833333333333334
62008,9,1.0,6,58,6,1,11,0.7931034482758621,True,9,2,13,0.6666666666666666
62008,10,1.0,5,67,5,1,14,0.8507462686567164,True,10,3,13,0.75
62008,11,1.0,3,27,3,1,9,0.8148148148148148,True,11,2,13,0.8333333333333334
62008,12,1.0,2,18,2,1,9,0.8333333333333334,True,12,4,13,0.9166666666666666
62008,13,1.0,4,50,4,1,14,0.6,True,13,2,13,1.0
62054,1,0.0,2,18,2,1,9,0.8888888888888888,True,1,1,13,0.0
62054,2,0.0,4,36,4,1,9,0.8611111111111112,True,2,1,13,0.08333333333333333
62054,3,0.0,3,27,3,1,9,0.7777777777777778,True,3,1,13,0.16666666666666666
62054,4,0.0,5,45,5,1,9,0.8,True,4,1,13,0.25
62054,5,0.0,2,18,2,1,9,0.8888888888888888,True,5,2,13,0.3333333333333333
62054,6,0.0,2,18,2,1,9,0.8888888888888888,True,6,3,13,0.4166666666666667
62054,7,0.0,6,54,6,1,9,0.8148148148148148,True,7,1,13,0.5
62054,8,0.0,5,45,5,1,9,0.9111111111111111,True,8,2,13,0.5833333333333334
62054,9,0.0,6,54,6,1,9,0.8888888888888888,True,9,2,13,0.6666666666666666
62054,10,0.0,2,18,2,1,9,0.8888888888888888,True,10,4,13,0.75
62054,11,0.0,4,36,4,1,9,0.8888888888888888,True,11,2,13,0.8333333333333334
62054,12,0.0,3,27,3,1,9,0.7777777777777778,True,12,2,13,0.9166666666666666
62054,13,0.0,5,59,5,1,13,0.8135593220338984,True,13,3,13,1.0
62425,1,1.0,6,54,6,1,9,0.8888888888888888,True,1,1,13,0.0
62425,2,1.0,2,18,2,1,9,0.9444444444444444,True,2,1,13,0.08333333333333333
62425,3,1.0,3,27,3,1,9,0.6666666666666666,True,3,1,13,0.16666666666666666
62425,4,1.0,4,36,4,1,9,0.9166666666666666,True,4,1,13,0.25
62425,5,1.0,2,18,2,1,9,0.9444444444444444,True,5,2,13,0.3333333333333333
62425,6,1.0,5,61,5,1,13,0.7213114754098361,True,6,1,13,0.4166666666666667
62425,7,1.0,2,18,2,1,9,0.8888888888888888,True,7,3,13,0.5
62425,8,1.0,6,54,6,1,9,0.7592592592592593,True,8,2,13,0.5833333333333334
62425,9,1.0,5,45,5,1,9,0.7555555555555555,True,9,2,13,0.6666666666666666
62425,10,1.0,2,18,2,1,9,0.8333333333333334,True,10,4,13,0.75
62425,11,1.0,3,27,3,1,9,0.9259259259259259,True,11,2,13,0.8333333333333334
62425,12,1.0,4,36,4,1,9,0.9722222222222222,True,12,2,13,0.9166666666666666
62425,13,1.0,5,73,5,1,15,0.6438356164383562,True,13,3,13,1.0
63213,1,1.0,2,18,2,1,9,0.9444444444444444,True,1,1,13,0.0
63213,2,1.0,5,45,5,1,9,0.7777777777777778,True,2,1,13,0.08333333333333333
63213,3,1.0,6,90,6,1,15,0.6222222222222222,True,3,1,13,0.16666666666666666
63213,4,1.0,3,27,3,1,9,0.7777777777777778,True,4,1,13,0.25
63213,5,1.0,2,18,2,1,9,0.8333333333333334,True,5,2,13,0.3333333333333333
63213,6,1.0,2,18,2,1,9,0.9444444444444444,True,6,3,13,0.4166666666666667
63213,7,1.0,4,36,4,1,9,0.75,True,7,1,13,0.5
63213,8,1.0,5,54,5,1,11,0.7222222222222222,True,8,2,13,0.5833333333333334
63213,9,1.0,6,54,6,1,9,0.8888888888888888,True,9,2,13,0.6666666666666666
63213,10,1.0,2,18,2,1,9,0.8333333333333334,True,10,4,13,0.75
63213,11,1.0,5,46,5,1,10,0.7391304347826086,True,11,3,13,0.8333333333333334
63213,12,1.0,3,27,3,1,9,0.8888888888888888,True,12,2,13,0.9166666666666666
63213,13,1.0,4,36,4,1,9,0.9444444444444444,True,13,2,13,1.0
63472,1,0.0,2,18,2,1,9,0.8333333333333334,True,1,1,13,0.0
63472,2,0.0,3,27,3,1,9,0.9259259259259259,True,2,1,13,0.08333333333333333
63472,3,0.0,2,18,2,1,9,0.9444444444444444,True,3,2,13,0.16666666666666666
63472,4,0.0,6,64,6,1,11,0.75,True,4,1,13,0.25
63472,5,0.0,2,18,2,1,9,0.9444444444444444,True,5,3,13,0.3333333333333333
63472,6,0.0,5,45,5,1,9,0.8666666666666667,True,6,1,13,0.4166666666666667
63472,7,0.0,4,36,4,1,9,0.8888888888888888,True,7,1,13,0.5
63472,8,0.0,6,54,6,1,9,0.7777777777777778,True,8,2,13,0.5833333333333334
63472,9,0.0,5,45,5,1,9,0.7777777777777778,True,9,2,13,0.6666666666666666
63472,10,0.0,2,18,2,1,9,0.8888888888888888,True,10,4,13,0.75
63472,11,0.0,3,27,3,1,9,0.8518518518518519,True,11,2,13,0.8333333333333334
63472,12,0.0,5,45,5,1,9,0.7555555555555555,True,12,3,13,0.9166666666666666
63472,13,0.0,4,36,4,1,9,0.8333333333333334,True,13,2,13,1.0
63808,1,0.0,6,54,6,1,9,0.8888888888888888,True,1,1,13,0.0
63808,2,0.0,2,18,2,1,9,1.0,True,2,1,13,0.08333333333333333
63808,3,0.0,2,18,2,1,9,0.9444444444444444,True,3,2,13,0.16666666666666666
63808,4,0.0,5,45,5,1,9,0.8666666666666667,True,4,1,13,0.25
63808,5,0.0,3,27,3,1,9,0.8888888888888888,True,5,1,13,0.3333333333333333
63808,6,0.0,4,36,4,1,9,0.7777777777777778,True,6,1,13,0.4166666666666667
63808,7,0.0,2,18,2,1,9,0.7777777777777778,True,7,3,13,0.5
63808,8,0.0,6,85,6,1,15,0.8,True,8,2,13,0.5833333333333334
63808,9,0.0,5,52,5,1,11,0.6923076923076923,True,9,2,13,0.6666666666666666
63808,10,0.0,2,18,2,1,9,0.8888888888888888,True,10,4,13,0.75
63808,11,0.0,5,45,5,1,9,0.8666666666666667,True,11,3,13,0.8333333333333334
63808,12,0.0,3,27,3,1,9,0.8888888888888888,True,12,2,13,0.9166666666666666
63808,13,0.0,4,36,4,1,9,0.7222222222222222,True,13,2,13,1.0
64102,1,1.0,3,27,3,1,9,0.7407407407407407,True,1,1,13,0.0
64102,2,1.0,4,36,4,1,9,0.7777777777777778,True,2,1,13,0.08333333333333333
64102,3,1.0,6,79,6,1,14,0.6708860759493671,True,3,1,13,0.16666666666666666
64102,4,1.0,2,18,2,1,9,0.8333333333333334,True,4,1,13,0.25
64102,5,1.0,2,18,2,1,9,0.8333333333333334,True,5,2,13,0.3333333333333333
64102,6,1.0,5,45,5,1,9,0.9333333333333333,True,6,1,13,0.4166666666666667
64102,7,1.0,2,18,2,1,9,1.0,True,7,3,13,0.5
64102,8,1.0,6,54,6,1,9,0.9444444444444444,True,8,2,13,0.5833333333333334
64102,9,1.0,5,45,5,1,9,0.8444444444444444,True,9,2,13,0.6666666666666666
64102,10,1.0,3,27,3,1,9,1.0,True,10,2,13,0.75
64102,11,1.0,4,36,4,1,9,0.9166666666666666,True,11,2,13,0.8333333333333334
64102,12,1.0,2,18,2,1,9,0.8888888888888888,True,12,4,13,0.9166666666666666
64102,13,1.0,5,45,5,1,9,0.8666666666666667,True,13,3,13,1.0
65046,1,0.0,6,62,6,1,11,0.6774193548387096,True,1,1,13,0.0
65046,2,0.0,2,18,2,1,9,0.8333333333333334,True,2,1,13,0.08333333333333333
65046,3,0.0,2,18,2,1,9,1.0,True,3,2,13,0.16666666666666666
65046,4,0.0,2,18,2,1,9,0.8888888888888888,True,4,3,13,0.25
65046,5,0.0,3,27,3,1,9,0.9259259259259259,True,5,1,13,0.3333333333333333
65046,6,0.0,4,36,4,1,9,0.7222222222222222,True,6,1,13,0.4166666666666667
65046,7,0.0,5,45,5,1,9,0.9111111111111111,True,7,1,13,0.5
65046,8,0.0,6,54,6,1,9,0.8518518518518519,True,8,2,13,0.5833333333333334
65046,9,0.0,5,45,5,1,9,0.8,True,9,2,13,0.6666666666666666
65046,10,0.0,2,18,2,1,9,0.8888888888888888,True,10,4,13,0.75
65046,11,0.0,3,27,3,1,9,0.9259259259259259,True,11,2,13,0.8333333333333334
65046,12,0.0,4,36,4,1,9,0.9166666666666666,True,12,2,13,0.9166666666666666
65046,13,0.0,5,45,5,1,9,0.8888888888888888,True,13,3,13,1.0
65788,1,0.0,3,27,3,1,9,0.9259259259259259,True,1,1,13,0.0
65788,2,0.0,2,18,2,1,9,0.8333333333333334,True,2,1,13,0.08333333333333333
65788,3,0.0,4,36,4,1,9,0.8055555555555556,True,3,1,13,0.16666666666666666
65788,4,0.0,6,54,6,1,9,0.7962962962962963,True,4,1,13,0.25
65788,5,0.0,2,18,2,1,9,0.9444444444444444,True,5,2,13,0.3333333333333333
65788,6,0.0,2,18,2,1,9,0.8333333333333334,True,6,3,13,0.4166666666666667
65788,7,0.0,5,45,5,1,9,0.8444444444444444,True,7,1,13,0.5
65788,8,0.0,5,45,5,1,9,0.8888888888888888,True,8,2,13,0.5833333333333334
65788,9,0.0,6,73,6,1,13,0.863013698630137,True,9,2,13,0.6666666666666666
65788,10,0.0,3,27,3,1,9,0.7777777777777778,True,10,2,13,0.75
65788,11,0.0,2,18,2,1,9,0.8888888888888888,True,11,4,13,0.8333333333333334
65788,12,0.0,4,36,4,1,9,0.9166666666666666,True,12,2,13,0.9166666666666666
65788,13,0.0,5,47,5,1,10,0.6170212765957447,True,13,3,13,1.0
68051,1,0.0,4,36,4,1,9,0.8333333333333334,True,1,1,13,0.0
68051,2,0.0,5,45,5,1,9,0.8222222222222222,True,2,1,13,0.08333333333333333
68051,3,0.0,2,18,2,1,9,1.0,True,3,1,13,0.16666666666666666
68051,4,0.0,3,27,3,1,9,0.8888888888888888,True,4,1,13,0.25
68051,5,0.0,6,90,6,1,15,0.7666666666666667,True,5,1,13,0.3333333333333333
68051,6,0.0,2,30,2,1,15,0.9,True,6,2,13,0.4166666666666667
68051,7,0.0,2,30,2,1,15,0.9666666666666667,True,7,3,13,0.5
68051,8,0.0,5,75,5,1,15,0.8933333333333333,True,8,2,13,0.5833333333333334
68051,9,0.0,6,54,6,1,9,0.9259259259259259,True,9,2,13,0.6666666666666666
68051,10,0.0,4,36,4,1,9,0.8888888888888888,True,10,2,13,0.75
68051,11,0.0,5,45,5,1,9,0.6666666666666666,True,11,3,13,0.8333333333333334
68051,12,0.0,2,18,2,1,9,0.8333333333333334,True,12,4,13,0.9166666666666666
68051,13,0.0,3,27,3,1,9,0.9259259259259259,True,13,2,13,1.0
69355,1,1.0,2,18,2,1,9,0.8888888888888888,True,1,1,13,0.0
69355,2,1.0,3,27,3,1,9,0.9629629629629629,True,2,1,13,0.08333333333333333
69355,3,1.0,2,26,2,1,13,0.46153846153846156,True,3,2,13,0.16666666666666666
69355,4,1.0,4,42,4,1,11,0.5,True,4,1,13,0.25
69355,5,1.0,2,18,2,1,9,0.7222222222222222,True,5,3,13,0.3333333333333333
69355,6,1.0,5,63,5,1,13,0.6666666666666666,True,6,1,13,0.4166666666666667
69355,7,1.0,6,90,6,1,15,0.6111111111111112,True,7,1,13,0.5
69355,8,1.0,5,53,5,1,11,0.7358490566037735,True,8,2,13,0.5833333333333334
69355,9,1.0,6,83,6,1,15,0.8072289156626506,True,9,2,13,0.6666666666666666
69355,10,1.0,2,18,2,1,9,1.0,True,10,4,13,0.75
69355,11,1.0,3,28,3,1,10,0.6785714285714286,True,11,2,13,0.8333333333333334
69355,12,1.0,4,36,4,1,9,0.7222222222222222,True,12,2,13,0.9166666666666666
69355,13,1.0,5,45,5,1,9,0.8,True,13,3,13,1.0
69851,1,0.0,3,27,3,1,9,0.8888888888888888,True,1,1,13,0.0
69851,2,0.0,4,60,4,1,15,0.43333333333333335,True,2,1,13,0.08333333333333333
69851,3,0.0,6,90,6,1,15,0.6444444444444445,True,3,1,13,0.16666666666666666
69851,4,0.0,2,30,2,1,15,0.9,True,4,1,13,0.25
69851,5,0.0,2,30,2,1,15,0.8666666666666667,True,5,2,13,0.3333333333333333
69851,6,0.0,5,45,5,1,9,0.8444444444444444,True,6,1,13,0.4166666666666667
69851,7,0.0,2,18,2,1,9,0.9444444444444444,True,7,3,13,0.5
69851,8,0.0,6,74,6,1,13,0.8378378378378378,True,8,2,13,0.5833333333333334
69851,9,0.0,5,45,5,1,9,0.9111111111111111,True,9,2,13,0.6666666666666666
69851,10,0.0,3,27,3,1,9,0.9259259259259259,True,10,2,13,0.75
69851,11,0.0,4,36,4,1,9,0.8333333333333334,True,11,2,13,0.8333333333333334
69851,12,0.0,2,18,2,1,9,0.9444444444444444,True,12,4,13,0.9166666666666666
69851,13,0.0,5,45,5,1,9,0.8888888888888888,True,13,3,13,1.0
70165,1,1.0,2,18,2,1,9,0.4444444444444444,True,1,1,13,0.0
70165,2,1.0,4,60,4,1,15,0.4166666666666667,True,2,1,13,0.08333333333333333
70165,3,1.0,3,45,3,1,15,0.8444444444444444,True,3,1,13,0.16666666666666666
70165,4,1.0,5,75,5,1,15,0.5066666666666667,True,4,1,13,0.25
70165,5,1.0,2,30,2,1,15,0.6333333333333333,True,5,2,13,0.3333333333333333
70165,6,1.0,2,30,2,1,15,0.9,True,6,3,13,0.4166666666666667
70165,7,1.0,6,90,6,1,15,0.35555555555555557,True,7,1,13,0.5
70165,8,1.0,5,75,5,1,15,0.36,True,8,2,13,0.5833333333333334
70165,9,1.0,6,90,6,1,15,0.3,True,9,2,13,0.6666666666666666
70165,10,1.0,2,30,2,1,15,0.8,True,10,4,13,0.75
70165,11,1.0,4,60,4,1,15,0.43333333333333335,True,11,2,13,0.8333333333333334
70165,12,1.0,3,45,3,1,15,0.6222222222222222,True,12,2,13,0.9166666666666666
70165,13,1.0,5,75,5,1,15,0.29333333333333333,True,13,3,13,1.0
70345,1,1.0,3,33,3,1,11,0.8484848484848485,True,1,1,13,0.0
70345,2,1.0,6,71,6,1,13,0.5633802816901409,True,2,1,13,0.08333333333333333
70345,3,1.0,2,18,2,1,9,0.3333333333333333,True,3,1,13,0.16666666666666666
70345,4,1.0,4,60,4,1,15,0.7833333333333333,True,4,1,13,0.25
70345,5,1.0,2,18,2,1,9,1.0,True,5,2,13,0.3333333333333333
70345,6,1.0,2,18,2,1,9,0.8888888888888888,True,6,3,13,0.4166666666666667
70345,7,1.0,5,75,5,1,15,0.6,True,7,1,13,0.5
70345,8,1.0,6,90,6,1,15,0.6444444444444445,True,8,2,13,0.5833333333333334
70345,9,1.0,5,62,5,1,13,0.5645161290322581,True,9,2,13,0.6666666666666666
70345,10,1.0,3,45,3,1,15,0.6888888888888889,True,10,2,13,0.75
70345,11,1.0,2,30,2,1,15,0.9,True,11,4,13,0.8333333333333334
70345,12,1.0,4,36,4,1,9,0.8055555555555556,True,12,2,13,0.9166666666666666
70345,13,1.0,5,48,5,1,11,0.5625,True,13,3,13,1.0
70457,1,0.0,3,27,3,1,9,0.9629629629629629,True,1,1,13,0.0
70457,2,0.0,2,18,2,1,9,1.0,True,2,1,13,0.08333333333333333
70457,3,0.0,4,60,4,1,15,0.6166666666666667,True,3,1,13,0.16666666666666666
70457,4,0.0,5,55,5,1,12,0.7454545454545455,True,4,1,13,0.25
70457,5,0.0,2,18,2,1,9,0.9444444444444444,True,5,2,13,0.3333333333333333
70457,6,0.0,6,90,6,1,15,0.7,True,6,1,13,0.4166666666666667
70457,7,0.0,2,30,2,1,15,1.0,True,7,3,13,0.5
70457,8,0.0,6,90,6,1,15,0.7888888888888889,True,8,2,13,0.5833333333333334
70457,9,0.0,5,45,5,1,9,0.7777777777777778,True,9,2,13,0.6666666666666666
70457,10,0.0,3,27,3,1,9,0.8148148148148148,True,10,2,13,0.75
70457,11,0.0,2,18,2,1,9,0.8888888888888888,True,11,4,13,0.8333333333333334
70457,12,0.0,4,47,4,1,12,0.7872340425531915,True,12,2,13,0.9166666666666666
70457,13,0.0,5,66,5,1,14,0.7121212121212122,True,13,3,13,1.0
70536,1,1.0,5,75,5,1,15,0.4666666666666667,True,1,1,13,0.0
70536,2,1.0,2,18,2,1,9,0.7777777777777778,True,2,1,13,0.08333333333333333
70536,3,1.0,4,36,4,1,9,0.8333333333333334,True,3,1,13,0.16666666666666666
70536,4,1.0,6,54,6,1,9,0.7407407407407407,True,4,1,13,0.25
70536,5,1.0,2,18,2,1,9,0.8888888888888888,True,5,2,13,0.3333333333333333
70536,6,1.0,2,18,2,1,9,0.9444444444444444,True,6,3,13,0.4166666666666667
70536,7,1.0,3,29,3,1,11,0.8620689655172413,True,7,1,13,0.5
70536,8,1.0,5,52,5,1,11,0.6730769230769231,True,8,2,13,0.5833333333333334
70536,9,1.0,6,54,6,1,9,0.6666666666666666,True,9,2,13,0.6666666666666666
70536,10,1.0,5,45,5,1,9,0.8,True,10,3,13,0.75
70536,11,1.0,2,18,2,1,9,0.8333333333333334,True,11,4,13,0.8333333333333334
70536,12,1.0,4,48,4,1,13,0.875,True,12,2,13,0.9166666666666666
70536,13,1.0,3,27,3,1,9,1.0,True,13,2,13,1.0
70626,1,0.0,2,18,2,1,9,0.9444444444444444,True,1,1,13,0.0
70626,2,0.0,2,18,2,1,9,0.9444444444444444,True,2,2,13,0.08333333333333333
70626,3,0.0,3,27,3,1,9,0.9259259259259259,True,3,1,13,0.16666666666666666
70626,4,0.0,6,90,6,1,15,0.6222222222222222,True,4,1,13,0.25
70626,5,0.0,2,30,2,1,15,0.9,True,5,3,13,0.3333333333333333
70626,6,0.0,5,75,5,1,15,0.5333333333333333,True,6,1,13,0.4166666666666667
70626,7,0.0,4,36,4,1,9,0.8333333333333334,True,7,1,13,0.5
70626,8,0.0,5,45,5,1,9,0.7555555555555555,True,8,2,13,0.5833333333333334
70626,9,0.0,6,54,6,1,9,0.7037037037037037,True,9,2,13,0.6666666666666666
70626,10,0.0,2,18,2,1,9,0.7777777777777778,True,10,4,13,0.75
70626,11,0.0,3,27,3,1,9,0.8888888888888888,True,11,2,13,0.8333333333333334
70626,12,0.0,5,45,5,1,9,0.8,True,12,3,13,0.9166666666666666
70626,13,0.0,4,36,4,1,9,0.8055555555555556,True,13,2,13,1.0
71223,1,0.0,6,54,6,1,9,0.8518518518518519,True,1,1,13,0.0
71223,2,0.0,2,18,2,1,9,0.9444444444444444,True,2,1,13,0.08333333333333333
71223,3,0.0,3,27,3,1,9,0.9259259259259259,True,3,1,13,0.16666666666666666
71223,4,0.0,2,18,2,1,9,0.7222222222222222,True,4,2,13,0.25
71223,5,0.0,5,45,5,1,9,0.8,True,5,1,13,0.3333333333333333
71223,6,0.0,4,36,4,1,9,0.9166666666666666,True,6,1,13,0.4166666666666667
71223,7,0.0,2,18,2,1,9,1.0,True,7,3,13,0.5
71223,8,0.0,5,46,5,1,10,0.7608695652173914,True,8,2,13,0.5833333333333334
71223,9,0.0,6,65,6,1,11,0.8923076923076924,True,9,2,13,0.6666666666666666
71223,10,0.0,2,18,2,1,9,0.8333333333333334,True,10,4,13,0.75
71223,11,0.0,3,27,3,1,9,0.8888888888888888,True,11,2,13,0.8333333333333334
71223,12,0.0,5,57,5,1,12,0.7192982456140351,True,12,3,13,0.9166666666666666
71223,13,0.0,4,36,4,1,9,0.75,True,13,2,13,1.0
71594,1,1.0,6,90,6,1,15,0.6,True,1,1,13,0.0
71594,2,1.0,2,30,2,1,15,0.8666666666666667,True,2,1,13,0.08333333333333333
71594,3,1.0,2,30,2,1,15,1.0,True,3,2,13,0.16666666666666666
71594,4,1.0,3,45,3,1,15,0.9333333333333333,True,4,1,13,0.25
71594,5,1.0,5,75,5,1,15,0.88,True,5,1,13,0.3333333333333333
71594,6,1.0,4,60,4,1,15,0.85,True,6,1,13,0.4166666666666667
71594,7,1.0,2,30,2,1,15,1.0,True,7,3,13,0.5
71594,8,1.0,6,77,6,1,13,0.6753246753246753,True,8,2,13,0.5833333333333334
71594,9,1.0,5,46,5,1,10,0.8478260869565217,True,9,2,13,0.6666666666666666
71594,10,1.0,2,18,2,1,9,0.7777777777777778,True,10,4,13,0.75
71594,11,1.0,3,27,3,1,9,0.7777777777777778,True,11,2,13,0.8333333333333334
71594,12,1.0,5,64,5,1,13,0.796875,True,12,3,13,0.9166666666666666
71594,13,1.0,4,36,4,1,9,0.75,True,13,2,13,1.0
71998,1,0.0,2,18,2,1,9,0.8333333333333334,True,1,1,13,0.0
71998,2,0.0,2,18,2,1,9,0.8333333333333334,True,2,2,13,0.08333333333333333
71998,3,0.0,6,81,6,1,14,0.7407407407407407,True,3,1,13,0.16666666666666666
71998,4,0.0,3,27,3,1,9,0.8888888888888888,True,4,1,13,0.25
71998,5,0.0,2,18,2,1,9,0.9444444444444444,True,5,3,13,0.3333333333333333
71998,6,0.0,5,48,5,1,10,0.6875,True,6,1,13,0.4166666666666667
71998,7,0.0,4,36,4,1,9,0.8333333333333334,True,7,1,13,0.5
71998,8,0.0,5,45,5,1,9,0.7555555555555555,True,8,2,13,0.5833333333333334
71998,9,0.0,6,54,6,1,9,0.8333333333333334,True,9,2,13,0.6666666666666666
71998,10,0.0,2,18,2,1,9,0.8888888888888888,True,10,4,13,0.75
71998,11,0.0,3,27,3,1,9,0.8888888888888888,True,11,2,13,0.8333333333333334
71998,12,0.0,5,52,5,1,11,0.7692307692307693,True,12,3,13,0.9166666666666666
71998,13,0.0,4,36,4,1,9,0.9166666666666666,True,13,2,13,1.0
72088,1,1.0,5,75,5,1,15,0.4533333333333333,True,1,1,13,0.0
72088,2,1.0,4,36,4,1,9,0.8333333333333334,True,2,1,13,0.08333333333333333
72088,3,1.0,6,90,6,1,15,0.5777777777777777,True,3,1,13,0.16666666666666666
72088,4,1.0,3,27,3,1,9,0.9629629629629629,True,4,1,13,0.25
72088,5,1.0,2,18,2,1,9,0.8333333333333334,True,5,1,13,0.3333333333333333
72088,6,1.0,2,18,2,1,9,0.8888888888888888,True,6,2,13,0.4166666666666667
72088,7,1.0,2,18,2,1,9,0.8888888888888888,True,7,3,13,0.5
72088,8,1.0,5,75,5,1,15,0.5466666666666666,True,8,2,13,0.5833333333333334
72088,9,1.0,6,89,6,1,15,0.5730337078651685,True,9,2,13,0.6666666666666666
72088,10,1.0,5,53,5,1,11,0.6226415094339622,True,10,3,13,0.75
72088,11,1.0,4,60,4,1,15,0.6666666666666666,True,11,2,13,0.8333333333333334
72088,12,1.0,3,32,3,1,11,0.6875,True,12,2,13,0.9166666666666666
72088,13,1.0,2,18,2,1,9,0.9444444444444444,True,13,4,13,1.0
73091,1,0.0,2,19,2,1,10,0.8421052631578947,True,1,1,13,0.0
73091,2,0.0,6,68,6,1,12,0.7205882352941176,True,2,1,13,0.08333333333333333
73091,3,0.0,3,27,3,1,9,0.8888888888888888,True,3,1,13,0.16666666666666666
73091,4,0.0,2,18,2,1,9,0.7777777777777778,True,4,2,13,0.25
73091,5,0.0,4,36,4,1,9,0.8611111111111112,True,5,1,13,0.3333333333333333
73091,6,0.0,2,18,2,1,9,0.9444444444444444,True,6,3,13,0.4166666666666667
73091,7,0.0,5,45,5,1,9,0.7111111111111111,True,7,1,13,0.5
73091,8,0.0,6,54,6,1,9,0.9444444444444444,True,8,2,13,0.5833333333333334
73091,9,0.0,5,45,5,1,9,0.8222222222222222,True,9,2,13,0.6666666666666666
73091,10,0.0,2,18,2,1,9,0.8333333333333334,True,10,4,13,0.75
73091,11,0.0,3,27,3,1,9,0.9629629629629629,True,11,2,13,0.8333333333333334
73091,12,0.0,4,49,4,1,13,0.6326530612244898,True,12,2,13,0.9166666666666666
73091,13,0.0,5,45,5,1,9,0.8666666666666667,True,13,3,13,1.0
73394,1,1.0,3,36,3,1,12,0.5277777777777778,True,1,1,13,0.0
73394,2,1.0,6,84,6,1,15,0.8095238095238095,True,2,1,13,0.08333333333333333
73394,3,1.0,2,18,2,1,9,0.9444444444444444,True,3,1,13,0.16666666666666666
73394,4,1.0,2,18,2,1,9,0.8888888888888888,True,4,2,13,0.25
73394,5,1.0,2,18,2,1,9,0.7777777777777778,True,5,3,13,0.3333333333333333
73394,6,1.0,4,36,4,1,9,0.9444444444444444,True,6,1,13,0.4166666666666667
73394,7,1.0,5,45,5,1,9,0.7333333333333333,True,7,1,13,0.5
73394,8,1.0,6,54,6,1,9,0.8888888888888888,True,8,2,13,0.5833333333333334
73394,9,1.0,5,45,5,1,9,0.8666666666666667,True,9,2,13,0.6666666666666666
73394,10,1.0,3,27,3,1,9,0.6296296296296297,True,10,2,13,0.75
73394,11,1.0,2,18,2,1,9,0.8333333333333334,True,11,4,13,0.8333333333333334
73394,12,1.0,4,36,4,1,9,0.9722222222222222,True,12,2,13,0.9166666666666666
73394,13,1.0,5,75,5,1,15,0.5733333333333334,True,13,3,13,1.0
73991,1,1.0,5,75,5,1,15,0.68,True,1,1,13,0.0
73991,2,1.0,2,18,2,1,9,0.9444444444444444,True,2,1,13,0.08333333333333333
73991,3,1.0,2,18,2,1,9,0.8888888888888888,True,3,2,13,0.16666666666666666
73991,4,1.0,4,36,4,1,9,0.8333333333333334,True,4,1,13,0.25
73991,5,1.0,2,18,2,1,9,0.9444444444444444,True,5,3,13,0.3333333333333333
73991,6,1.0,3,32,3,1,11,0.625,True,6,1,13,0.4166666666666667
73991,7,1.0,6,90,6,1,15,0.4666666666666667,True,7,1,13,0.5
73991,8,1.0,5,75,5,1,15,0.68,True,8,2,13,0.5833333333333334
73991,9,1.0,6,90,6,1,15,0.5777777777777777,True,9,2,13,0.6666666666666666
73991,10,1.0,5,48,5,1,10,0.7291666666666666,True,10,3,13,0.75
73991,11,1.0,2,18,2,1,9,0.8333333333333334,True,11,4,13,0.8333333333333334
73991,12,1.0,4,49,4,1,13,0.7755102040816326,True,12,2,13,0.9166666666666666
73991,13,1.0,3,27,3,1,9,0.8518518518518519,True,13,2,13,1.0
75115,1,1.0,5,46,5,1,10,0.717391304347826,True,1,1,13,0.0
75115,2,1.0,3,27,3,1,9,0.8148148148148148,True,2,1,13,0.08333333333333333
75115,3,1.0,4,36,4,1,9,0.8888888888888888,True,3,1,13,0.16666666666666666
75115,4,1.0,2,18,2,1,9,0.8888888888888888,True,4,1,13,0.25
75115,5,1.0,2,18,2,1,9,0.8888888888888888,True,5,2,13,0.3333333333333333
75115,6,1.0,2,18,2,1,9,0.7777777777777778,True,6,3,13,0.4166666666666667
75115,7,1.0,6,64,6,1,12,0.828125,True,7,1,13,0.5
75115,8,1.0,5,46,5,1,10,0.8043478260869565,True,8,2,13,0.5833333333333334
75115,9,1.0,6,54,6,1,9,0.8888888888888888,True,9,2,13,0.6666666666666666
75115,10,1.0,5,75,5,1,15,0.8666666666666667,True,10,3,13,0.75
75115,11,1.0,3,45,3,1,15,0.9111111111111111,True,11,2,13,0.8333333333333334
75115,12,1.0,4,60,4,1,15,0.8666666666666667,True,12,2,13,0.9166666666666666
75115,13,1.0,2,30,2,1,15,0.8666666666666667,True,13,4,13,1.0
75521,1,1.0,3,29,3,1,10,0.6206896551724138,True,1,1,13,0.0
75521,2,1.0,2,18,2,1,9,0.8888888888888888,True,2,1,13,0.08333333333333333
75521,3,1.0,4,36,4,1,9,0.6111111111111112,True,3,1,13,0.16666666666666666
75521,4,1.0,2,18,2,1,9,0.8333333333333334,True,4,2,13,0.25
75521,5,1.0,5,45,5,1,9,0.6888888888888889,True,5,1,13,0.3333333333333333
75521,6,1.0,6,90,6,1,15,0.7111111111111111,True,6,1,13,0.4166666666666667
75521,7,1.0,2,18,2,1,9,0.6666666666666666,True,7,3,13,0.5
75521,8,1.0,5,45,5,1,9,0.8,True,8,2,13,0.5833333333333334
75521,9,1.0,6,68,6,1,12,0.7058823529411765,True,9,2,13,0.6666666666666666
75521,10,1.0,3,27,3,1,9,0.6296296296296297,True,10,2,13,0.75
75521,11,1.0,2,18,2,1,9,0.7777777777777778,True,11,4,13,0.8333333333333334
75521,12,1.0,4,36,4,1,9,0.6111111111111112,True,12,2,13,0.9166666666666666
75521,13,1.0,5,45,5,1,9,0.8444444444444444,True,13,3,13,1.0
78671,1,1.0,2,18,2,1,9,0.8888888888888888,True,1,1,13,0.0
78671,2,1.0,3,27,3,1,9,0.9629629629629629,True,2,1,13,0.08333333333333333
78671,3,1.0,6,54,6,1,9,0.7407407407407407,True,3,1,13,0.16666666666666666
78671,4,1.0,2,18,2,1,9,0.7777777777777778,True,4,2,13,0.25
78671,5,1.0,2,18,2,1,9,1.0,True,5,3,13,0.3333333333333333
78671,6,1.0,5,48,5,1,10,0.8125,True,6,1,13,0.4166666666666667
78671,7,1.0,4,36,4,1,9,0.8055555555555556,True,7,1,13,0.5
78671,8,1.0,6,54,6,1,9,0.8703703703703703,True,8,2,13,0.5833333333333334
78671,9,1.0,5,45,5,1,9,0.8222222222222222,True,9,2,13,0.6666666666666666
78671,10,1.0,2,18,2,1,9,0.7222222222222222,True,10,4,13,0.75
78671,11,1.0,3,27,3,1,9,0.7777777777777778,True,11,2,13,0.8333333333333334
78671,12,1.0,5,45,5,1,9,0.7333333333333333,True,12,3,13,0.9166666666666666
78671,13,1.0,4,36,4,1,9,0.8333333333333334,True,13,2,13,1.0
79367,1,1.0,2,18,2,1,9,0.7777777777777778,True,1,1,13,0.0
79367,2,1.0,4,43,4,1,11,0.7209302325581395,True,2,1,13,0.08333333333333333
79367,3,1.0,3,29,3,1,10,0.4827586206896552,True,3,1,13,0.16666666666666666
79367,4,1.0,5,48,5,1,10,0.625,True,4,1,13,0.25
79367,5,1.0,2,18,2,1,9,0.8333333333333334,True,5,2,13,0.3333333333333333
79367,6,1.0,2,18,2,1,9,0.8333333333333334,True,6,3,13,0.4166666666666667
79367,7,1.0,6,90,6,1,15,0.7333333333333333,True,7,1,13,0.5
79367,8,1.0,6,54,6,1,9,0.8333333333333334,True,8,2,13,0.5833333333333334
79367,9,1.0,5,45,5,1,9,0.8666666666666667,True,9,2,13,0.6666666666666666
79367,10,1.0,2,18,2,1,9,0.7777777777777778,True,10,4,13,0.75
79367,11,1.0,4,45,4,1,12,0.8444444444444444,True,11,2,13,0.8333333333333334
79367,12,1.0,3,27,3,1,9,0.6666666666666666,True,12,2,13,0.9166666666666666
79367,13,1.0,5,45,5,1,9,0.8,True,13,3,13,1.0
79727,1,1.0,3,27,3,1,9,0.8888888888888888,True,1,1,13,0.0
79727,2,1.0,2,18,2,1,9,0.5555555555555556,True,2,1,13,0.08333333333333333
79727,3,1.0,4,60,4,1,15,0.2,True,3,1,13,0.16666666666666666
79727,4,1.0,6,90,6,1,15,0.4,True,4,1,13,0.25
79727,5,1.0,2,30,2,1,15,0.9333333333333333,True,5,2,13,0.3333333333333333
79727,6,1.0,2,30,2,1,15,0.9333333333333333,True,6,3,13,0.4166666666666667
79727,7,1.0,5,75,5,1,15,0.4,True,7,1,13,0.5
79727,8,1.0,5,75,5,1,15,0.8266666666666667,True,8,2,13,0.5833333333333334
79727,9,1.0,6,64,6,1,11,0.65625,True,9,2,13,0.6666666666666666
79727,10,1.0,3,27,3,1,9,0.7777777777777778,True,10,2,13,0.75
79727,11,1.0,2,18,2,1,9,0.9444444444444444,True,11,4,13,0.8333333333333334
79727,12,1.0,4,36,4,1,9,0.6944444444444444,True,12,2,13,0.9166666666666666
79727,13,1.0,5,75,5,1,15,0.5066666666666667,True,13,3,13,1.0
79907,1,1.0,2,18,2,1,9,0.9444444444444444,True,1,1,13,0.0
79907,2,1.0,2,18,2,1,9,0.7777777777777778,True,2,2,13,0.08333333333333333
79907,3,1.0,3,27,3,1,9,0.7037037037037037,True,3,1,13,0.16666666666666666
79907,4,1.0,5,75,5,1,15,0.5733333333333334,True,4,1,13,0.25
79907,5,1.0,6,68,6,1,12,0.8970588235294118,True,5,1,13,0.3333333333333333
79907,6,1.0,4,48,4,1,12,0.5625,True,6,1,13,0.4166666666666667
79907,7,1.0,2,18,2,1,9,0.8333333333333334,True,7,3,13,0.5
79907,8,1.0,5,71,5,1,15,0.6056338028169014,True,8,2,13,0.5833333333333334
79907,9,1.0,6,81,6,1,15,0.7283950617283951,True,9,2,13,0.6666666666666666
79907,10,1.0,2,18,2,1,9,0.8333333333333334,True,10,4,13,0.75
79907,11,1.0,3,27,3,1,9,0.8518518518518519,True,11,2,13,0.8333333333333334
79907,12,1.0,5,63,5,1,13,0.6666666666666666,True,12,3,13,0.9166666666666666
79907,13,1.0,4,36,4,1,9,0.6666666666666666,True,13,2,13,1.0
80256,1,1.0,4,36,4,1,9,0.8888888888888888,True,1,1,13,0.0
80256,2,1.0,3,27,3,1,9,1.0,True,2,1,13,0.08333333333333333
80256,3,1.0,2,18,2,1,9,0.8888888888888888,True,3,1,13,0.16666666666666666
80256,4,1.0,2,18,2,1,9,0.9444444444444444,True,4,2,13,0.25
80256,5,1.0,6,54,6,1,9,0.9074074074074074,True,5,1,13,0.3333333333333333
80256,6,1.0,5,45,5,1,9,0.8444444444444444,True,6,1,13,0.4166666666666667
80256,7,1.0,2,18,2,1,9,0.8333333333333334,True,7,3,13,0.5
80256,8,1.0,5,50,5,1,11,0.9,True,8,2,13,0.5833333333333334
80256,9,1.0,6,54,6,1,9,0.8703703703703703,True,9,2,13,0.6666666666666666
80256,10,1.0,4,36,4,1,9,0.8888888888888888,True,10,2,13,0.75
80256,11,1.0,3,27,3,1,9,0.8148148148148148,True,11,2,13,0.8333333333333334
80256,12,1.0,2,18,2,1,9,1.0,True,12,4,13,0.9166666666666666
80256,13,1.0,5,45,5,1,9,0.8222222222222222,True,13,3,13,1.0
80627,1,1.0,6,54,6,1,9,0.9074074074074074,True,1,1,13,0.0
80627,2,1.0,2,18,2,1,9,0.8888888888888888,True,2,1,13,0.08333333333333333
80627,3,1.0,2,18,2,1,9,0.8888888888888888,True,3,2,13,0.16666666666666666
80627,4,1.0,5,45,5,1,9,0.8444444444444444,True,4,1,13,0.25
80627,5,1.0,3,45,3,1,15,0.8,True,5,1,13,0.3333333333333333
80627,6,1.0,4,36,4,1,9,0.8611111111111112,True,6,1,13,0.4166666666666667
80627,7,1.0,2,18,2,1,9,1.0,True,7,3,13,0.5
80627,8,1.0,6,90,6,1,15,0.5555555555555556,True,8,2,13,0.5833333333333334
80627,9,1.0,5,55,5,1,12,0.8363636363636363,True,9,2,13,0.6666666666666666
80627,10,1.0,2,18,2,1,9,0.9444444444444444,True,10,4,13,0.75
80627,11,1.0,5,45,5,1,9,0.7111111111111111,True,11,3,13,0.8333333333333334
80627,12,1.0,3,27,3,1,9,0.8518518518518519,True,12,2,13,0.9166666666666666
80627,13,1.0,4,36,4,1,9,0.8333333333333334,True,13,2,13,1.0
80695,1,0.0,2,18,2,1,9,0.8888888888888888,True,1,1,13,0.0
80695,2,0.0,2,18,2,1,9,0.8888888888888888,True,2,2,13,0.08333333333333333
80695,3,0.0,6,68,6,1,12,0.7794117647058824,True,3,1,13,0.16666666666666666
80695,4,0.0,5,51,5,1,11,0.6666666666666666,True,4,1,13,0.25
80695,5,0.0,3,27,3,1,9,0.7407407407407407,True,5,1,13,0.3333333333333333
80695,6,0.0,2,18,2,1,9,0.9444444444444444,True,6,3,13,0.4166666666666667
80695,7,0.0,4,36,4,1,9,0.8888888888888888,True,7,1,13,0.5
80695,8,0.0,6,54,6,1,9,0.7037037037037037,True,8,2,13,0.5833333333333334
80695,9,0.0,5,45,5,1,9,0.6444444444444445,True,9,2,13,0.6666666666666666
80695,10,0.0,2,18,2,1,9,0.8888888888888888,True,10,4,13,0.75
80695,11,0.0,5,75,5,1,15,0.72,True,11,3,13,0.8333333333333334
80695,12,0.0,3,45,3,1,15,0.8444444444444444,True,12,2,13,0.9166666666666666
80695,13,0.0,4,60,4,1,15,0.8166666666666667,True,13,2,13,1.0
80763,1,0.0,5,63,5,1,13,0.6666666666666666,True,1,1,13,0.0
80763,2,0.0,2,18,2,1,9,0.8333333333333334,True,2,1,13,0.08333333333333333
80763,3,0.0,2,18,2,1,9,0.8888888888888888,True,3,2,13,0.16666666666666666
80763,4,0.0,4,36,4,1,9,0.8333333333333334,True,4,1,13,0.25
80763,5,0.0,2,18,2,1,9,0.8888888888888888,True,5,3,13,0.3333333333333333
80763,6,0.0,3,27,3,1,9,0.8888888888888888,True,6,1,13,0.4166666666666667
80763,7,0.0,6,88,6,1,15,0.7386363636363636,True,7,1,13,0.5
80763,8,0.0,5,59,5,1,13,0.7627118644067796,True,8,2,13,0.5833333333333334
80763,9,0.0,6,55,6,1,10,0.6727272727272727,True,9,2,13,0.6666666666666666
80763,10,0.0,5,75,5,1,15,0.52,True,10,3,13,0.75
80763,11,0.0,2,30,2,1,15,0.9333333333333333,True,11,4,13,0.8333333333333334
80763,12,0.0,4,36,4,1,9,0.6388888888888888,True,12,2,13,0.9166666666666666
80763,13,0.0,3,28,3,1,10,0.8214285714285714,True,13,2,13,1.0
81426,1,0.0,4,36,4,1,9,0.8611111111111112,True,1,1,13,0.0
81426,2,0.0,3,27,3,1,9,0.9259259259259259,True,2,1,13,0.08333333333333333
81426,3,0.0,5,75,5,1,15,0.7733333333333333,True,3,1,13,0.16666666666666666
81426,4,0.0,2,18,2,1,9,0.9444444444444444,True,4,1,13,0.25
81426,5,0.0,6,54,6,1,9,0.7777777777777778,True,5,1,13,0.3333333333333333
81426,6,0.0,2,18,2,1,9,0.5,True,6,2,13,0.4166666666666667
81426,7,0.0,2,18,2,1,9,0.7777777777777778,True,7,3,13,0.5
81426,8,0.0,6,54,6,1,9,0.8148148148148148,True,8,2,13,0.5833333333333334
81426,9,0.0,5,69,5,1,15,0.6811594202898551,True,9,2,13,0.6666666666666666
81426,10,0.0,4,44,4,1,11,0.7272727272727273,True,10,2,13,0.75
81426,11,0.0,3,27,3,1,9,0.8518518518518519,True,11,2,13,0.8333333333333334
81426,12,0.0,5,45,5,1,9,0.7777777777777778,True,12,3,13,0.9166666666666666
81426,13,0.0,2,24,2,1,13,0.8333333333333334,True,13,4,13,1.0
81450,1,0.0,4,36,4,1,9,0.7777777777777778,True,1,1,13,0.0
81450,2,0.0,3,27,3,1,9,0.9259259259259259,True,2,1,13,0.08333333333333333
81450,3,0.0,2,18,2,1,9,1.0,True,3,1,13,0.16666666666666666
81450,4,0.0,5,45,5,1,9,0.9333333333333333,True,4,1,13,0.25
81450,5,0.0,6,54,6,1,9,0.8148148148148148,True,5,1,13,0.3333333333333333
81450,6,0.0,2,18,2,1,9,0.8333333333333334,True,6,2,13,0.4166666666666667
81450,7,0.0,2,18,2,1,9,0.8888888888888888,True,7,3,13,0.5
81450,8,0.0,5,45,5,1,9,0.7777777777777778,True,8,2,13,0.5833333333333334
81450,9,0.0,6,54,6,1,9,0.8703703703703703,True,9,2,13,0.6666666666666666
81450,10,0.0,4,36,4,1,9,0.8055555555555556,True,10,2,13,0.75
81450,11,0.0,3,27,3,1,9,0.9259259259259259,True,11,2,13,0.8333333333333334
81450,12,0.0,2,18,2,1,9,0.8333333333333334,True,12,4,13,0.9166666666666666
81450,13,0.0,5,45,5,1,9,0.9111111111111111,True,13,3,13,1.0
81472,1,0.0,3,27,3,1,9,0.9259259259259259,True,1,1,13,0.0
81472,2,0.0,2,18,2,1,9,0.8888888888888888,True,2,1,13,0.08333333333333333
81472,3,0.0,5,50,5,1,11,0.82,True,3,1,13,0.16666666666666666
81472,4,0.0,4,36,4,1,9,0.7777777777777778,True,4,1,13,0.25
81472,5,0.0,2,18,2,1,9,0.8888888888888888,True,5,2,13,0.3333333333333333
81472,6,0.0,6,79,6,1,14,0.6962025316455697,True,6,1,13,0.4166666666666667
81472,7,0.0,2,18,2,1,9,0.8333333333333334,True,7,3,13,0.5
81472,8,0.0,5,45,5,1,9,0.8888888888888888,True,8,2,13,0.5833333333333334
81472,9,0.0,6,66,6,1,12,0.7424242424242424,True,9,2,13,0.6666666666666666
81472,10,0.0,3,27,3,1,9,0.9259259259259259,True,10,2,13,0.75
81472,11,0.0,2,18,2,1,9,0.8888888888888888,True,11,4,13,0.8333333333333334
81472,12,0.0,5,52,5,1,11,0.7115384615384616,True,12,3,13,0.9166666666666666
81472,13,0.0,4,38,4,1,10,0.7368421052631579,True,13,2,13,1.0
81483,1,0.0,2,20,2,1,10,0.6,True,1,1,13,0.0
81483,2,0.0,4,48,4,1,13,0.7708333333333334,True,2,1,13,0.08333333333333333
81483,3,0.0,5,45,5,1,9,0.7333333333333333,True,3,1,13,0.16666666666666666
81483,4,0.0,3,27,3,1,9,0.7037037037037037,True,4,1,13,0.25
81483,5,0.0,2,18,2,1,9,0.8888888888888888,True,5,2,13,0.3333333333333333
81483,6,0.0,2,18,2,1,9,0.8888888888888888,True,6,3,13,0.4166666666666667
81483,7,0.0,6,86,6,1,15,0.813953488372093,True,7,1,13,0.5
81483,8,0.0,6,83,6,1,15,0.5301204819277109,True,8,2,13,0.5833333333333334
81483,9,0.0,5,45,5,1,9,0.8888888888888888,True,9,2,13,0.6666666666666666
81483,10,0.0,2,18,2,1,9,1.0,True,10,4,13,0.75
81483,11,0.0,4,36,4,1,9,0.8888888888888888,True,11,2,13,0.8333333333333334
81483,12,0.0,5,45,5,1,9,0.9333333333333333,True,12,3,13,0.9166666666666666
81483,13,0.0,3,27,3,1,9,0.8148148148148148,True,13,2,13,1.0
81527,1,0.0,3,27,3,1,9,1.0,True,1,1,13,0.0
81527,2,0.0,6,57,6,1,10,0.8245614035087719,True,2,1,13,0.08333333333333333
81527,3,0.0,2,18,2,1,9,0.8333333333333334,True,3,1,13,0.16666666666666666
81527,4,0.0,4,36,4,1,9,0.8611111111111112,True,4,1,13,0.25
81527,5,0.0,2,18,2,1,9,0.9444444444444444,True,5,2,13,0.3333333333333333
81527,6,0.0,2,18,2,1,9,0.8333333333333334,True,6,3,13,0.4166666666666667
81527,7,0.0,5,45,5,1,9,0.8222222222222222,True,7,1,13,0.5
81527,8,0.0,6,88,6,1,15,0.7727272727272727,True,8,2,13,0.5833333333333334
81527,9,0.0,5,45,5,1,9,0.8222222222222222,True,9,2,13,0.6666666666666666
81527,10,0.0,3,27,3,1,9,0.8518518518518519,True,10,2,13,0.75
81527,11,0.0,2,18,2,1,9,0.9444444444444444,True,11,4,13,0.8333333333333334
81527,12,0.0,4,36,4,1,9,0.8333333333333334,True,12,2,13,0.9166666666666666
81527,13,0.0,5,45,5,1,9,0.8,True,13,3,13,1.0
81538,1,0.0,2,18,2,1,9,0.8888888888888888,True,1,1,13,0.0
81538,2,0.0,6,54,6,1,9,0.6851851851851852,True,2,1,13,0.08333333333333333
81538,3,0.0,2,18,2,1,9,0.8888888888888888,True,3,2,13,0.16666666666666666
81538,4,0.0,5,45,5,1,9,0.8222222222222222,True,4,1,13,0.25
81538,5,0.0,3,27,3,1,9,0.8518518518518519,True,5,1,13,0.3333333333333333
81538,6,0.0,4,56,4,1,15,0.6964285714285714,True,6,1,13,0.4166666666666667
81538,7,0.0,2,18,2,1,9,0.8333333333333334,True,7,3,13,0.5
81538,8,0.0,6,69,6,1,13,0.9130434782608695,True,8,2,13,0.5833333333333334
81538,9,0.0,5,45,5,1,9,0.8666666666666667,True,9,2,13,0.6666666666666666
81538,10,0.0,2,18,2,1,9,0.9444444444444444,True,10,4,13,0.75
81538,11,0.0,5,45,5,1,9,0.7555555555555555,True,11,3,13,0.8333333333333334
81538,12,0.0,3,28,3,1,10,0.75,True,12,2,13,0.9166666666666666
81538,13,0.0,4,36,4,1,9,0.7222222222222222,True,13,2,13,1.0
81540,1,0.0,6,90,6,1,15,0.6777777777777778,True,1,1,13,0.0
81540,2,0.0,5,45,5,1,9,0.8222222222222222,True,2,1,13,0.08333333333333333
81540,3,0.0,2,18,2,1,9,1.0,True,3,1,13,0.16666666666666666
81540,4,0.0,4,36,4,1,9,0.8055555555555556,True,4,1,13,0.25
81540,5,0.0,2,18,2,1,9,0.9444444444444444,True,5,2,13,0.3333333333333333
81540,6,0.0,3,27,3,1,9,1.0,True,6,1,13,0.4166666666666667
81540,7,0.0,2,18,2,1,9,0.8333333333333334,True,7,3,13,0.5
81540,8,0.0,5,75,5,1,15,0.6666666666666666,True,8,2,13,0.5833333333333334
81540,9,0.0,6,54,6,1,9,0.7037037037037037,True,9,2,13,0.6666666666666666
81540,10,0.0,5,45,5,1,9,0.8888888888888888,True,10,3,13,0.75
81540,11,0.0,2,18,2,1,9,0.8333333333333334,True,11,4,13,0.8333333333333334
81540,12,0.0,4,36,4,1,9,0.8055555555555556,True,12,2,13,0.9166666666666666
81540,13,0.0,3,27,3,1,9,0.9629629629629629,True,13,2,13,1.0
81551,1,1.0,3,43,3,1,15,0.5348837209302325,True,1,1,13,0.0
81551,2,1.0,2,18,2,1,9,0.8888888888888888,True,2,1,13,0.08333333333333333
81551,3,1.0,2,18,2,1,9,0.8333333333333334,True,3,2,13,0.16666666666666666
81551,4,1.0,6,54,6,1,9,0.7407407407407407,True,4,1,13,0.25
81551,5,1.0,4,36,4,1,9,0.8888888888888888,True,5,1,13,0.3333333333333333
81551,6,1.0,2,18,2,1,9,0.8333333333333334,True,6,3,13,0.4166666666666667
81551,7,1.0,5,45,5,1,9,0.6444444444444445,True,7,1,13,0.5
81551,8,1.0,6,68,6,1,12,0.7794117647058824,True,8,2,13,0.5833333333333334
81551,9,1.0,5,48,5,1,11,0.6666666666666666,True,9,2,13,0.6666666666666666
81551,10,1.0,3,27,3,1,9,0.8888888888888888,True,10,2,13,0.75
81551,11,1.0,2,18,2,1,9,0.8888888888888888,True,11,4,13,0.8333333333333334
81551,12,1.0,4,60,4,1,15,0.6,True,12,2,13,0.9166666666666666
81551,13,1.0,5,67,5,1,14,0.6417910447761194,True,13,3,13,1.0
81663,1,0.0,5,70,5,1,15,0.6571428571428571,True,1,1,13,0.0
81663,2,0.0,4,36,4,1,9,0.8888888888888888,True,2,1,13,0.08333333333333333
81663,3,0.0,6,77,6,1,14,0.8051948051948052,True,3,1,13,0.16666666666666666
81663,4,0.0,3,27,3,1,9,0.6296296296296297,True,4,1,13,0.25
81663,5,0.0,2,18,2,1,9,0.8888888888888888,True,5,1,13,0.3333333333333333
81663,6,0.0,2,18,2,1,9,0.8333333333333334,True,6,2,13,0.4166666666666667
81663,7,0.0,2,18,2,1,9,0.9444444444444444,True,7,3,13,0.5
81663,8,0.0,5,45,5,1,9,0.8222222222222222,True,8,2,13,0.5833333333333334
81663,9,0.0,6,90,6,1,15,0.7222222222222222,True,9,2,13,0.6666666666666666
81663,10,0.0,5,75,5,1,15,0.6,True,10,3,13,0.75
81663,11,0.0,4,60,4,1,15,0.7666666666666667,True,11,2,13,0.8333333333333334
81663,12,0.0,3,27,3,1,9,0.8148148148148148,True,12,2,13,0.9166666666666666
81663,13,0.0,2,18,2,1,9,0.9444444444444444,True,13,4,13,1.0
81685,1,0.0,2,18,2,1,9,1.0,True,1,1,13,0.0
81685,2,0.0,3,27,3,1,9,0.9629629629629629,True,2,1,13,0.08333333333333333
81685,3,0.0,2,18,2,1,9,0.8333333333333334,True,3,2,13,0.16666666666666666
81685,4,0.0,4,36,4,1,9,0.7777777777777778,True,4,1,13,0.25
81685,5,0.0,2,18,2,1,9,0.8333333333333334,True,5,3,13,0.3333333333333333
81685,6,0.0,5,63,5,1,13,0.7619047619047619,True,6,1,13,0.4166666666666667
81685,7,0.0,6,86,6,1,15,0.8604651162790697,True,7,1,13,0.5
81685,8,0.0,5,45,5,1,9,0.8444444444444444,True,8,2,13,0.5833333333333334
81685,9,0.0,6,54,6,1,9,0.8518518518518519,True,9,2,13,0.6666666666666666
81685,10,0.0,2,18,2,1,9,0.8888888888888888,True,10,4,13,0.75
81685,11,0.0,3,27,3,1,9,0.8148148148148148,True,11,2,13,0.8333333333333334
81685,12,0.0,4,36,4,1,9,0.8611111111111112,True,12,2,13,0.9166666666666666
81685,13,0.0,5,52,5,1,11,0.7884615384615384,True,13,3,13,1.0
81988,1,0.0,2,18,2,1,9,0.8333333333333334,True,1,1,13,0.0
81988,2,0.0,6,54,6,1,9,0.8148148148148148,True,2,1,13,0.08333333333333333
81988,3,0.0,3,27,3,1,9,0.9259259259259259,True,3,1,13,0.16666666666666666
81988,4,0.0,2,18,2,1,9,1.0,True,4,2,13,0.25
81988,5,0.0,4,36,4,1,9,0.9722222222222222,True,5,1,13,0.3333333333333333
81988,6,0.0,5,45,5,1,9,0.8222222222222222,True,6,1,13,0.4166666666666667
81988,7,0.0,2,18,2,1,9,0.8888888888888888,True,7,3,13,0.5
81988,8,0.0,6,54,6,1,9,0.7592592592592593,True,8,2,13,0.5833333333333334
81988,9,0.0,5,45,5,1,9,0.8666666666666667,True,9,2,13,0.6666666666666666
81988,10,0.0,2,18,2,1,9,0.9444444444444444,True,10,4,13,0.75
81988,11,0.0,3,27,3,1,9,0.9259259259259259,True,11,2,13,0.8333333333333334
81988,12,0.0,4,36,4,1,9,0.8333333333333334,True,12,2,13,0.9166666666666666
81988,13,0.0,5,45,5,1,9,0.8222222222222222,True,13,3,13,1.0
81990,1,0.0,2,18,2,1,9,0.9444444444444444,True,1,1,13,0.0
81990,2,0.0,5,45,5,1,9,0.5777777777777777,True,2,1,13,0.08333333333333333
81990,3,0.0,6,69,6,1,12,0.6376811594202898,True,3,1,13,0.16666666666666666
81990,4,0.0,3,27,3,1,9,1.0,True,4,1,13,0.25
81990,5,0.0,2,18,2,1,9,1.0,True,5,2,13,0.3333333333333333
81990,6,0.0,2,18,2,1,9,0.9444444444444444,True,6,3,13,0.4166666666666667
81990,7,0.0,4,36,4,1,9,0.8888888888888888,True,7,1,13,0.5
81990,8,0.0,5,45,5,1,9,0.9555555555555556,True,8,2,13,0.5833333333333334
81990,9,0.0,6,63,6,1,11,0.8095238095238095,True,9,2,13,0.6666666666666666
81990,10,0.0,2,18,2,1,9,0.9444444444444444,True,10,4,13,0.75
81990,11,0.0,5,45,5,1,9,0.8666666666666667,True,11,3,13,0.8333333333333334
81990,12,0.0,3,27,3,1,9,0.8518518518518519,True,12,2,13,0.9166666666666666
81990,13,0.0,4,36,4,1,9,0.9444444444444444,True,13,2,13,1.0
82012,1,0.0,2,18,2,1,9,0.9444444444444444,True,1,1,13,0.0
82012,2,0.0,4,36,4,1,9,0.5555555555555556,True,2,1,13,0.08333333333333333
82012,3,0.0,6,87,6,1,15,0.6781609195402298,True,3,1,13,0.16666666666666666
82012,4,0.0,5,72,5,1,15,0.8055555555555556,True,4,1,13,0.25
82012,5,0.0,3,27,3,1,9,0.9259259259259259,True,5,1,13,0.3333333333333333
82012,6,0.0,2,19,2,1,10,0.7368421052631579,True,6,2,13,0.4166666666666667
82012,7,0.0,2,18,2,1,9,0.7222222222222222,True,7,3,13,0.5
82012,8,0.0,6,88,6,1,15,0.7386363636363636,True,8,2,13,0.5833333333333334
82012,9,0.0,5,46,5,1,10,0.9130434782608695,True,9,2,13,0.6666666666666666
82012,10,0.0,2,18,2,1,9,0.8888888888888888,True,10,4,13,0.75
82012,11,0.0,4,54,4,1,15,0.5740740740740741,True,11,2,13,0.8333333333333334
82012,12,0.0,5,75,5,1,15,0.5866666666666667,True,12,3,13,0.9166666666666666
82012,13,0.0,3,45,3,1,15,0.8,True,13,2,13,1.0
82034,1,0.0,5,45,5,1,9,0.7555555555555555,True,1,1,13,0.0
82034,2,0.0,3,27,3,1,9,0.8148148148148148,True,2,1,13,0.08333333333333333
82034,3,0.0,2,18,2,1,9,0.8888888888888888,True,3,1,13,0.16666666666666666
82034,4,0.0,2,18,2,1,9,1.0,True,4,2,13,0.25
82034,5,0.0,6,54,6,1,9,0.8148148148148148,True,5,1,13,0.3333333333333333
82034,6,0.0,4,36,4,1,9,0.9166666666666666,True,6,1,13,0.4166666666666667
82034,7,0.0,2,18,2,1,9,0.8333333333333334,True,7,3,13,0.5
82034,8,0.0,5,45,5,1,9,0.9777777777777777,True,8,2,13,0.5833333333333334
82034,9,0.0,6,54,6,1,9,0.9074074074074074,True,9,2,13,0.6666666666666666
82034,10,0.0,5,45,5,1,9,0.8666666666666667,True,10,3,13,0.75
82034,11,0.0,3,27,3,1,9,0.9629629629629629,True,11,2,13,0.8333333333333334
82034,12,0.0,2,18,2,1,9,0.8888888888888888,True,12,4,13,0.9166666666666666
82034,13,0.0,4,36,4,1,9,0.9444444444444444,True,13,2,13,1.0
82045,1,1.0,4,47,4,1,12,0.5957446808510638,True,1,1,13,0.0
82045,2,1.0,2,18,2,1,9,0.8888888888888888,True,2,1,13,0.08333333333333333
82045,3,1.0,3,27,3,1,9,0.7037037037037037,True,3,1,13,0.16666666666666666
82045,4,1.0,5,56,5,1,12,0.7678571428571429,True,4,1,13,0.25
82045,5,1.0,2,21,2,1,11,0.8571428571428571,True,5,2,13,0.3333333333333333
82045,6,1.0,6,90,6,1,15,0.4777777777777778,True,6,1,13,0.4166666666666667
82045,7,1.0,2,30,2,1,15,0.8333333333333334,True,7,3,13,0.5
82045,8,1.0,5,45,5,1,9,0.6888888888888889,True,8,2,13,0.5833333333333334
82045,9,1.0,6,54,6,1,9,0.7962962962962963,True,9,2,13,0.6666666666666666
82045,10,1.0,4,36,4,1,9,0.7777777777777778,True,10,2,13,0.75
82045,11,1.0,2,18,2,1,9,0.7222222222222222,True,11,4,13,0.8333333333333334
82045,12,1.0,3,27,3,1,9,0.9259259259259259,True,12,2,13,0.9166666666666666
82045,13,1.0,5,75,5,1,15,0.7466666666666667,True,13,3,13,1.0
82124,1,0.0,6,90,6,1,15,0.5444444444444444,True,1,1,13,0.0
82124,2,0.0,2,30,2,1,15,0.9666666666666667,True,2,1,13,0.08333333333333333
82124,3,0.0,3,45,3,1,15,0.8444444444444444,True,3,1,13,0.16666666666666666
82124,4,0.0,4,60,4,1,15,0.8333333333333334,True,4,1,13,0.25
82124,5,0.0,2,30,2,1,15,0.9333333333333333,True,5,2,13,0.3333333333333333
82124,6,0.0,5,75,5,1,15,0.8933333333333333,True,6,1,13,0.4166666666666667
82124,7,0.0,2,30,2,1,15,0.9333333333333333,True,7,3,13,0.5
82124,8,0.0,6,54,6,1,9,0.7407407407407407,True,8,2,13,0.5833333333333334
82124,9,0.0,5,72,5,1,15,0.6666666666666666,True,9,2,13,0.6666666666666666
82124,10,0.0,2,18,2,1,9,0.8333333333333334,True,10,4,13,0.75
82124,11,0.0,3,34,3,1,12,0.8529411764705882,True,11,2,13,0.8333333333333334
82124,12,0.0,4,36,4,1,9,0.7222222222222222,True,12,2,13,0.9166666666666666
82124,13,0.0,5,45,5,1,9,0.8666666666666667,True,13,3,13,1.0
82214,1,0.0,3,39,3,1,14,0.5384615384615384,True,1,1,13,0.0
82214,2,0.0,2,18,2,1,9,0.8333333333333334,True,2,1,13,0.08333333333333333
82214,3,0.0,5,45,5,1,9,0.8444444444444444,True,3,1,13,0.16666666666666666
82214,4,0.0,2,18,2,1,9,0.8333333333333334,True,4,2,13,0.25
82214,5,0.0,4,36,4,1,9,0.8888888888888888,True,5,1,13,0.3333333333333333
82214,6,0.0,2,18,2,1,9,0.8333333333333334,True,6,3,13,0.4166666666666667
82214,7,0.0,6,90,6,1,15,0.8444444444444444,True,7,1,13,0.5
82214,8,0.0,5,75,5,1,15,0.8533333333333334,True,8,2,13,0.5833333333333334
82214,9,0.0,6,54,6,1,9,0.8518518518518519,True,9,2,13,0.6666666666666666
82214,10,0.0,3,27,3,1,9,1.0,True,10,2,13,0.75
82214,11,0.0,2,18,2,1,9,0.8888888888888888,True,11,4,13,0.8333333333333334
82214,12,0.0,5,64,5,1,14,0.859375,True,12,3,13,0.9166666666666666
82214,13,0.0,4,38,4,1,10,0.7105263157894737,True,13,2,13,1.0
82236,1,0.0,5,75,5,1,15,0.6133333333333333,True,1,1,13,0.0
82236,2,0.0,3,34,3,1,12,0.6764705882352942,True,2,1,13,0.08333333333333333
82236,3,0.0,4,36,4,1,9,0.8611111111111112,True,3,1,13,0.16666666666666666
82236,4,0.0,2,21,2,1,11,0.7142857142857143,True,4,1,13,0.25
82236,5,0.0,2,18,2,1,9,1.0,True,5,2,13,0.3333333333333333
82236,6,0.0,2,18,2,1,9,0.6666666666666666,True,6,3,13,0.4166666666666667
82236,7,0.0,6,90,6,1,15,0.32222222222222224,True,7,1,13,0.5
82236,8,0.0,5,45,5,1,9,0.7777777777777778,True,8,2,13,0.5833333333333334
82236,9,0.0,6,89,6,1,15,0.7640449438202247,True,9,2,13,0.6666666666666666
82236,10,0.0,5,52,5,1,11,0.7307692307692307,True,10,3,13,0.75
82236,11,0.0,3,34,3,1,12,0.6764705882352942,True,11,2,13,0.8333333333333334
82236,12,0.0,4,57,4,1,15,0.7017543859649122,True,12,2,13,0.9166666666666666
82236,13,0.0,2,18,2,1,9,0.7777777777777778,True,13,4,13,1.0
82372,1,0.0,3,27,3,1,9,0.9629629629629629,True,1,1,13,0.0
82372,2,0.0,6,76,6,1,14,0.6447368421052632,True,2,1,13,0.08333333333333333
82372,3,0.0,2,18,2,1,9,0.8888888888888888,True,3,1,13,0.16666666666666666
82372,4,0.0,2,18,2,1,9,0.8333333333333334,True,4,2,13,0.25
82372,5,0.0,2,18,2,1,9,0.9444444444444444,True,5,3,13,0.3333333333333333
82372,6,0.0,4,36,4,1,9,0.75,True,6,1,13,0.4166666666666667
82372,7,0.0,5,75,5,1,15,0.76,True,7,1,13,0.5
82372,8,0.0,6,54,6,1,9,0.9074074074074074,True,8,2,13,0.5833333333333334
82372,9,0.0,5,45,5,1,9,0.8666666666666667,True,9,2,13,0.6666666666666666
82372,10,0.0,3,27,3,1,9,0.8518518518518519,True,10,2,13,0.75
82372,11,0.0,2,18,2,1,9,0.8888888888888888,True,11,4,13,0.8333333333333334
82372,12,0.0,4,36,4,1,9,0.8888888888888888,True,12,2,13,0.9166666666666666
82372,13,0.0,5,45,5,1,9,0.9333333333333333,True,13,3,13,1.0
82383,1,0.0,2,18,2,1,9,0.8333333333333334,True,1,1,13,0.0
82383,2,0.0,2,18,2,1,9,0.8888888888888888,True,2,2,13,0.08333333333333333
82383,3,0.0,3,27,3,1,9,1.0,True,3,1,13,0.16666666666666666
82383,4,0.0,5,53,5,1,11,0.5849056603773585,True,4,1,13,0.25
82383,5,0.0,6,68,6,1,12,0.8529411764705882,True,5,1,13,0.3333333333333333
82383,6,0.0,4,36,4,1,9,0.8055555555555556,True,6,1,13,0.4166666666666667
82383,7,0.0,2,18,2,1,9,1.0,True,7,3,13,0.5
82383,8,0.0,5,45,5,1,9,0.9111111111111111,True,8,2,13,0.5833333333333334
82383,9,0.0,6,86,6,1,15,0.686046511627907,True,9,2,13,0.6666666666666666
82383,10,0.0,2,18,2,1,9,0.8333333333333334,True,10,4,13,0.75
82383,11,0.0,3,27,3,1,9,0.8518518518518519,True,11,2,13,0.8333333333333334
82383,12,0.0,5,45,5,1,9,0.8444444444444444,True,12,3,13,0.9166666666666666
82383,13,0.0,4,36,4,1,9,0.8333333333333334,True,13,2,13,1.0
82462,1,0.0,3,29,3,1,10,0.7586206896551724,True,1,1,13,0.0
82462,2,0.0,2,18,2,1,9,0.6666666666666666,True,2,1,13,0.08333333333333333
82462,3,0.0,6,90,6,1,15,0.6555555555555556,True,3,1,13,0.16666666666666666
82462,4,0.0,2,30,2,1,15,0.7333333333333333,True,4,2,13,0.25
82462,5,0.0,5,71,5,1,15,0.5633802816901409,True,5,1,13,0.3333333333333333
82462,6,0.0,2,18,2,1,9,0.8888888888888888,True,6,3,13,0.4166666666666667
82462,7,0.0,4,60,4,1,15,0.75,True,7,1,13,0.5
82462,8,0.0,6,74,6,1,13,0.7027027027027027,True,8,2,13,0.5833333333333334
82462,9,0.0,5,45,5,1,9,0.6888888888888889,True,9,2,13,0.6666666666666666
82462,10,0.0,3,27,3,1,9,0.8518518518518519,True,10,2,13,0.75
82462,11,0.0,2,18,2,1,9,0.9444444444444444,True,11,4,13,0.8333333333333334
82462,12,0.0,5,75,5,1,15,0.7066666666666667,True,12,3,13,0.9166666666666666
82462,13,0.0,4,38,4,1,10,0.7894736842105263,True,13,2,13,1.0
