set_size,set_size_exposure,mapping_composition,n_blocks,proportion
1,1,1-0-0,26,1.0
1,2,1-0-0,26,1.0
1,3,1-0-0,26,1.0
2,1,1-1-0,19,0.7307692307692307
2,1,2-0-0,7,0.2692307692307692
2,2,1-1-0,16,0.6153846153846154
2,2,2-0-0,10,0.38461538461538464
2,3,1-1-0,17,0.6538461538461539
2,3,2-0-0,9,0.34615384615384615
3,1,1-1-1,16,0.6153846153846154
3,1,2-1-0,10,0.38461538461538464
3,2,1-1-1,20,0.7692307692307693
3,2,2-1-0,6,0.23076923076923078
3,3,1-1-1,16,0.6153846153846154
3,3,2-1-0,10,0.38461538461538464
4,1,2-1-1,16,0.6153846153846154
4,1,3-1-0,10,0.38461538461538464
4,2,2-1-1,16,0.6153846153846154
4,2,3-1-0,10,0.38461538461538464
4,3,2-1-1,20,0.7692307692307693
4,3,3-1-0,6,0.23076923076923078
5,1,2-2-1,18,0.6923076923076923
5,1,3-1-1,8,0.3076923076923077
5,2,2-2-1,17,0.6538461538461539
5,2,3-1-1,9,0.34615384615384615
5,3,2-2-1,17,0.6538461538461539
5,3,3-1-1,9,0.34615384615384615
6,1,2-2-2,11,0.4230769230769231
6,1,3-2-1,15,0.5769230769230769
6,2,2-2-2,14,0.5384615384615384
6,2,3-2-1,12,0.46153846153846156
6,3,2-2-2,1,0.038461538461538464
6,3,3-2-1,25,0.9615384615384616
