subject,block,set_size,group,block_order,set_size_exposure
11,1,2,Kids,1,1
11,2,3,Kids,2,1
11,3,4,Kids,3,1
11,4,5,Kids,4,1
11,5,3,Kids,5,2
11,6,5,Kids,6,2
11,7,2,Kids,7,2
11,8,3,Kids,8,3
11,9,4,Kids,9,2
11,10,5,Kids,10,3
13,1,2,Kids,1,1
13,2,3,Kids,2,1
13,3,5,Kids,3,1
13,4,4,Kids,4,1
13,5,3,Kids,5,2
13,6,5,Kids,6,2
13,7,2,Kids,7,2
13,8,3,Kids,8,3
13,9,5,Kids,9,3
13,10,4,Kids,10,2
16,1,2,Kids,1,1
16,2,3,Kids,2,1
16,3,4,Kids,3,1
16,4,5,Kids,4,1
16,5,3,Kids,5,2
16,6,5,Kids,6,2
16,7,2,Kids,7,2
16,8,3,Kids,8,3
16,9,4,Kids,9,2
16,10,5,Kids,10,3
17,1,2,Kids,1,1
17,2,3,Kids,2,1
17,3,4,Kids,3,1
17,4,5,Kids,4,1
17,5,3,Kids,5,2
17,6,5,Kids,6,2
17,7,2,Kids,7,2
17,8,3,Kids,8,3
17,9,4,Kids,9,2
17,10,5,Kids,10,3
18,1,2,Kids,1,1
18,2,4,Kids,2,1
18,3,3,Kids,3,1
18,4,5,Kids,4,1
18,5,3,Kids,5,2
18,6,5,Kids,6,2
18,7,2,Kids,7,2
18,8,4,Kids,8,2
18,9,3,Kids,9,3
18,10,5,Kids,10,3
19,1,2,Kids,1,1
19,2,3,Kids,2,1
19,3,4,Kids,3,1
19,4,5,Kids,4,1
19,5,3,Kids,5,2
19,6,5,Kids,6,2
19,7,2,Kids,7,2
19,8,3,Kids,8,3
19,9,4,Kids,9,2
19,10,5,Kids,10,3
20,1,2,Teens,1,1
20,2,3,Teens,2,1
20,3,4,Teens,3,1
20,4,5,Teens,4,1
20,5,3,Teens,5,2
20,6,5,Teens,6,2
20,7,2,Teens,7,2
20,8,3,Teens,8,3
20,9,4,Teens,9,2
20,10,5,Teens,10,3
22,1,2,Teens,1,1
22,2,3,Teens,2,1
22,3,5,Teens,3,1
22,4,4,Teens,4,1
22,5,3,Teens,5,2
22,6,5,Teens,6,2
22,7,2,Teens,7,2
22,8,3,Teens,8,3
22,9,5,Teens,9,3
22,10,4,Teens,10,2
23,1,2,Kids,1,1
23,2,3,Kids,2,1
23,3,5,Kids,3,1
23,4,4,Kids,4,1
23,5,3,Kids,5,2
23,6,5,Kids,6,2
23,7,2,Kids,7,2
23,8,3,Kids,8,3
23,9,5,Kids,9,3
23,10,4,Kids,10,2
24,1,2,Kids,1,1
24,2,3,Kids,2,1
24,3,5,Kids,3,1
24,4,4,Kids,4,1
24,5,3,Kids,5,2
24,6,5,Kids,6,2
24,7,2,Kids,7,2
24,8,3,Kids,8,3
24,9,5,Kids,9,3
24,10,4,Kids,10,2
25,1,2,Teens,1,1
25,2,3,Teens,2,1
25,3,4,Teens,3,1
25,4,5,Teens,4,1
25,5,3,Teens,5,2
25,6,5,Teens,6,2
25,7,2,Teens,7,2
25,8,3,Teens,8,3
25,9,4,Teens,9,2
25,10,5,Teens,10,3
27,1,2,Kids,1,1
27,2,3,Kids,2,1
27,3,4,Kids,3,1
27,4,5,Kids,4,1
27,5,3,Kids,5,2
27,6,5,Kids,6,2
27,7,2,Kids,7,2
27,8,3,Kids,8,3
27,9,4,Kids,9,2
27,10,5,Kids,10,3
29,1,2,Kids,1,1
29,2,3,Kids,2,1
29,3,4,Kids,3,1
29,4,5,Kids,4,1
29,5,3,Kids,5,2
29,6,5,Kids,6,2
29,7,2,Kids,7,2
29,8,3,Kids,8,3
29,9,4,Kids,9,2
29,10,5,Kids,10,3
30,1,2,Teens,1,1
30,2,3,Teens,2,1
30,3,4,Teens,3,1
30,4,5,Teens,4,1
30,5,3,Teens,5,2
30,6,5,Teens,6,2
30,7,2,Teens,7,2
30,8,3,Teens,8,3
30,9,4,Teens,9,2
30,10,5,Teens,10,3
31,1,2,Kids,1,1
31,2,3,Kids,2,1
31,3,4,Kids,3,1
31,4,5,Kids,4,1
31,5,3,Kids,5,2
31,6,5,Kids,6,2
31,7,2,Kids,7,2
31,8,3,Kids,8,3
31,9,4,Kids,9,2
31,10,5,Kids,10,3
32,1,2,Kids,1,1
32,2,3,Kids,2,1
32,3,5,Kids,3,1
32,4,4,Kids,4,1
32,5,3,Kids,5,2
32,6,5,Kids,6,2
32,7,2,Kids,7,2
32,8,3,Kids,8,3
32,9,5,Kids,9,3
32,10,4,Kids,10,2
33,1,2,Kids,1,1
33,2,3,Kids,2,1
33,3,5,Kids,3,1
33,4,4,Kids,4,1
33,5,3,Kids,5,2
33,6,5,Kids,6,2
33,7,2,Kids,7,2
33,8,3,Kids,8,3
33,9,5,Kids,9,3
33,10,4,Kids,10,2
35,1,2,Kids,1,1
35,2,3,Kids,2,1
35,3,4,Kids,3,1
35,4,5,Kids,4,1
35,5,3,Kids,5,2
35,6,5,Kids,6,2
35,7,2,Kids,7,2
35,8,3,Kids,8,3
35,9,4,Kids,9,2
35,10,5,Kids,10,3
36,1,2,Teens,1,1
36,2,3,Teens,2,1
36,3,4,Teens,3,1
36,4,5,Teens,4,1
36,5,3,Teens,5,2
36,6,5,Teens,6,2
36,7,2,Teens,7,2
36,8,3,Teens,8,3
36,9,4,Teens,9,2
36,10,5,Teens,10,3
37,1,2,Teens,1,1
37,2,3,Teens,2,1
37,3,4,Teens,3,1
37,4,5,Teens,4,1
37,5,3,Teens,5,2
37,6,5,Teens,6,2
37,7,2,Teens,7,2
37,8,3,Teens,8,3
37,9,4,Teens,9,2
37,10,5,Teens,10,3
38,1,2,Teens,1,1
38,2,4,Teens,2,1
38,3,3,Teens,3,1
38,4,5,Teens,4,1
38,5,3,Teens,5,2
38,6,5,Teens,6,2
38,7,2,Teens,7,2
38,8,4,Teens,8,2
38,9,3,Teens,9,3
38,10,5,Teens,10,3
40,1,2,Teens,1,1
40,2,3,Teens,2,1
40,3,4,Teens,3,1
40,4,5,Teens,4,1
40,5,3,Teens,5,2
40,6,5,Teens,6,2
40,7,2,Teens,7,2
40,8,3,Teens,8,3
40,9,4,Teens,9,2
40,10,5,Teens,10,3
41,1,2,Kids,1,1
41,2,3,Kids,2,1
41,3,4,Kids,3,1
41,4,5,Kids,4,1
41,5,3,Kids,5,2
41,6,5,Kids,6,2
41,7,2,Kids,7,2
41,8,3,Kids,8,3
41,9,4,Kids,9,2
41,10,5,Kids,10,3
42,1,2,Kids,1,1
42,2,3,Kids,2,1
42,3,5,Kids,3,1
42,4,4,Kids,4,1
42,5,3,Kids,5,2
42,6,5,Kids,6,2
42,7,2,Kids,7,2
42,8,3,Kids,8,3
42,9,5,Kids,9,3
42,10,4,Kids,10,2
43,1,2,Kids,1,1
43,2,3,Kids,2,1
43,3,5,Kids,3,1
43,4,4,Kids,4,1
43,5,3,Kids,5,2
43,6,5,Kids,6,2
43,7,2,Kids,7,2
43,8,3,Kids,8,3
43,9,5,Kids,9,3
43,10,4,Kids,10,2
44,1,2,Teens,1,1
44,2,3,Teens,2,1
44,3,5,Teens,3,1
44,4,4,Teens,4,1
44,5,3,Teens,5,2
44,6,5,Teens,6,2
44,7,2,Teens,7,2
44,8,3,Teens,8,3
44,9,5,Teens,9,3
44,10,4,Teens,10,2
45,1,2,Kids,1,1
45,2,3,Kids,2,1
45,3,4,Kids,3,1
45,4,5,Kids,4,1
45,5,3,Kids,5,2
45,6,5,Kids,6,2
45,7,2,Kids,7,2
45,8,3,Kids,8,3
45,9,4,Kids,9,2
45,10,5,Kids,10,3
46,1,2,Teens,1,1
46,2,3,Teens,2,1
46,3,4,Teens,3,1
46,4,5,Teens,4,1
46,5,3,Teens,5,2
46,6,5,Teens,6,2
46,7,2,Teens,7,2
46,8,3,Teens,8,3
46,9,4,Teens,9,2
46,10,5,Teens,10,3
48,1,2,Kids,1,1
48,2,4,Kids,2,1
48,3,3,Kids,3,1
48,4,5,Kids,4,1
48,5,3,Kids,5,2
48,6,5,Kids,6,2
48,7,2,Kids,7,2
48,8,4,Kids,8,2
48,9,3,Kids,9,3
48,10,5,Kids,10,3
49,1,2,Kids,1,1
49,2,3,Kids,2,1
49,3,4,Kids,3,1
49,4,5,Kids,4,1
49,5,3,Kids,5,2
49,6,5,Kids,6,2
49,7,2,Kids,7,2
49,8,3,Kids,8,3
49,9,4,Kids,9,2
49,10,5,Kids,10,3
50,1,2,Kids,1,1
50,2,3,Kids,2,1
50,3,4,Kids,3,1
50,4,5,Kids,4,1
50,5,3,Kids,5,2
50,6,5,Kids,6,2
50,7,2,Kids,7,2
50,8,3,Kids,8,3
50,9,4,Kids,9,2
50,10,5,Kids,10,3
51,1,2,Teens,1,1
51,2,3,Teens,2,1
51,3,4,Teens,3,1
51,4,5,Teens,4,1
51,5,3,Teens,5,2
51,6,5,Teens,6,2
51,7,2,Teens,7,2
51,8,3,Teens,8,3
51,9,4,Teens,9,2
51,10,5,Teens,10,3
52,1,2,Kids,1,1
52,2,3,Kids,2,1
52,3,5,Kids,3,1
52,4,4,Kids,4,1
52,5,3,Kids,5,2
52,6,5,Kids,6,2
52,7,2,Kids,7,2
52,8,3,Kids,8,3
52,9,5,Kids,9,3
52,10,4,Kids,10,2
55,1,2,Teens,1,1
55,2,3,Teens,2,1
55,3,4,Teens,3,1
55,4,5,Teens,4,1
55,5,3,Teens,5,2
55,6,5,Teens,6,2
55,7,2,Teens,7,2
55,8,3,Teens,8,3
55,9,4,Teens,9,2
55,10,5,Teens,10,3
56,1,2,Kids,1,1
56,2,3,Kids,2,1
56,3,4,Kids,3,1
56,4,5,Kids,4,1
56,5,3,Kids,5,2
56,6,5,Kids,6,2
56,7,2,Kids,7,2
56,8,3,Kids,8,3
56,9,4,Kids,9,2
56,10,5,Kids,10,3
57,1,2,Kids,1,1
57,2,3,Kids,2,1
57,3,4,Kids,3,1
57,4,5,Kids,4,1
57,5,3,Kids,5,2
57,6,5,Kids,6,2
57,7,2,Kids,7,2
57,8,3,Kids,8,3
57,9,4,Kids,9,2
57,10,5,Kids,10,3
58,1,2,Teens,1,1
58,2,4,Teens,2,1
58,3,3,Teens,3,1
58,4,5,Teens,4,1
58,5,3,Teens,5,2
58,6,5,Teens,6,2
58,7,2,Teens,7,2
58,8,4,Teens,8,2
58,9,3,Teens,9,3
58,10,5,Teens,10,3
60,1,2,Teens,1,1
60,2,3,Teens,2,1
60,3,4,Teens,3,1
60,4,5,Teens,4,1
60,5,3,Teens,5,2
60,6,5,Teens,6,2
60,7,2,Teens,7,2
60,8,3,Teens,8,3
60,9,4,Teens,9,2
60,10,5,Teens,10,3
61,1,2,Kids,1,1
61,2,3,Kids,2,1
61,3,4,Kids,3,1
61,4,5,Kids,4,1
61,5,3,Kids,5,2
61,6,5,Kids,6,2
61,7,2,Kids,7,2
61,8,3,Kids,8,3
61,9,4,Kids,9,2
61,10,5,Kids,10,3
63,1,2,Kids,1,1
63,2,3,Kids,2,1
63,3,5,Kids,3,1
63,4,4,Kids,4,1
63,5,3,Kids,5,2
63,6,5,Kids,6,2
63,7,2,Kids,7,2
63,8,3,Kids,8,3
63,9,5,Kids,9,3
63,10,4,Kids,10,2
65,1,2,Kids,1,1
65,2,3,Kids,2,1
65,3,4,Kids,3,1
65,4,5,Kids,4,1
65,5,3,Kids,5,2
65,6,5,Kids,6,2
65,7,2,Kids,7,2
65,8,3,Kids,8,3
65,9,4,Kids,9,2
65,10,5,Kids,10,3
66,1,2,Kids,1,1
66,2,3,Kids,2,1
66,3,4,Kids,3,1
66,4,5,Kids,4,1
66,5,3,Kids,5,2
66,6,5,Kids,6,2
66,7,2,Kids,7,2
66,8,3,Kids,8,3
66,9,4,Kids,9,2
66,10,5,Kids,10,3
67,1,2,Kids,1,1
67,2,3,Kids,2,1
67,3,4,Kids,3,1
67,4,5,Kids,4,1
67,5,3,Kids,5,2
67,6,5,Kids,6,2
67,7,2,Kids,7,2
67,8,3,Kids,8,3
67,9,4,Kids,9,2
67,10,5,Kids,10,3
68,1,2,Kids,1,1
68,2,4,Kids,2,1
68,3,3,Kids,3,1
68,4,5,Kids,4,1
68,5,3,Kids,5,2
68,6,5,Kids,6,2
68,7,2,Kids,7,2
68,8,4,Kids,8,2
68,9,3,Kids,9,3
68,10,5,Kids,10,3
69,1,2,Kids,1,1
69,2,3,Kids,2,1
69,3,4,Kids,3,1
69,4,5,Kids,4,1
69,5,3,Kids,5,2
69,6,5,Kids,6,2
69,7,2,Kids,7,2
69,8,3,Kids,8,3
69,9,4,Kids,9,2
69,10,5,Kids,10,3
70,1,2,Teens,1,1
70,2,3,Teens,2,1
70,3,4,Teens,3,1
70,4,5,Teens,4,1
70,5,3,Teens,5,2
70,6,5,Teens,6,2
70,7,2,Teens,7,2
70,8,3,Teens,8,3
70,9,4,Teens,9,2
70,10,5,Teens,10,3
71,1,2,Teens,1,1
71,2,3,Teens,2,1
71,3,4,Teens,3,1
71,4,5,Teens,4,1
71,5,3,Teens,5,2
71,6,5,Teens,6,2
71,7,2,Teens,7,2
71,8,3,Teens,8,3
71,9,4,Teens,9,2
71,10,5,Teens,10,3
72,1,2,Kids,1,1
72,2,3,Kids,2,1
72,3,5,Kids,3,1
72,4,4,Kids,4,1
72,5,3,Kids,5,2
72,6,5,Kids,6,2
72,7,2,Kids,7,2
72,8,3,Kids,8,3
72,9,5,Kids,9,3
72,10,4,Kids,10,2
73,1,2,Kids,1,1
73,2,3,Kids,2,1
73,3,5,Kids,3,1
73,4,4,Kids,4,1
73,5,3,Kids,5,2
73,6,5,Kids,6,2
73,7,2,Kids,7,2
73,8,3,Kids,8,3
73,9,5,Kids,9,3
73,10,4,Kids,10,2
74,1,2,Kids,1,1
74,2,3,Kids,2,1
74,3,5,Kids,3,1
74,4,4,Kids,4,1
74,5,3,Kids,5,2
74,6,5,Kids,6,2
74,7,2,Kids,7,2
74,8,3,Kids,8,3
74,9,5,Kids,9,3
74,10,4,Kids,10,2
75,1,2,Kids,1,1
75,2,3,Kids,2,1
75,3,4,Kids,3,1
75,4,5,Kids,4,1
75,5,3,Kids,5,2
75,6,5,Kids,6,2
75,7,2,Kids,7,2
75,8,3,Kids,8,3
75,9,4,Kids,9,2
75,10,5,Kids,10,3
76,1,2,Kids,1,1
76,2,3,Kids,2,1
76,3,4,Kids,3,1
76,4,5,Kids,4,1
76,5,3,Kids,5,2
76,6,5,Kids,6,2
76,7,2,Kids,7,2
76,8,3,Kids,8,3
76,9,4,Kids,9,2
76,10,5,Kids,10,3
77,1,2,Kids,1,1
77,2,3,Kids,2,1
77,3,4,Kids,3,1
77,4,5,Kids,4,1
77,5,3,Kids,5,2
77,6,5,Kids,6,2
77,7,2,Kids,7,2
77,8,3,Kids,8,3
77,9,4,Kids,9,2
77,10,5,Kids,10,3
78,1,2,Kids,1,1
78,2,4,Kids,2,1
78,3,3,Kids,3,1
78,4,5,Kids,4,1
78,5,3,Kids,5,2
78,6,5,Kids,6,2
78,7,2,Kids,7,2
78,8,4,Kids,8,2
78,9,3,Kids,9,3
78,10,5,Kids,10,3
79,1,2,Kids,1,1
79,2,3,Kids,2,1
79,3,4,Kids,3,1
79,4,5,Kids,4,1
79,5,3,Kids,5,2
79,6,5,Kids,6,2
79,7,2,Kids,7,2
79,8,3,Kids,8,3
79,9,4,Kids,9,2
79,10,5,Kids,10,3
80,1,2,Teens,1,1
80,2,3,Teens,2,1
80,3,4,Teens,3,1
80,4,5,Teens,4,1
80,5,3,Teens,5,2
80,6,5,Teens,6,2
80,7,2,Teens,7,2
80,8,3,Teens,8,3
80,9,4,Teens,9,2
80,10,5,Teens,10,3
81,1,2,Teens,1,1
81,2,3,Teens,2,1
81,3,4,Teens,3,1
81,4,5,Teens,4,1
81,5,3,Teens,5,2
81,6,5,Teens,6,2
81,7,2,Teens,7,2
81,8,3,Teens,8,3
81,9,4,Teens,9,2
81,10,5,Teens,10,3
82,1,2,Teens,1,1
82,2,3,Teens,2,1
82,3,5,Teens,3,1
82,4,4,Teens,4,1
82,5,3,Teens,5,2
82,6,5,Teens,6,2
82,7,2,Teens,7,2
82,8,3,Teens,8,3
82,9,5,Teens,9,3
82,10,4,Teens,10,2
83,1,2,Kids,1,1
83,2,3,Kids,2,1
83,3,5,Kids,3,1
83,4,4,Kids,4,1
83,5,3,Kids,5,2
83,6,5,Kids,6,2
83,7,2,Kids,7,2
83,8,3,Kids,8,3
83,9,5,Kids,9,3
83,10,4,Kids,10,2
84,1,2,Kids,1,1
84,2,3,Kids,2,1
84,3,5,Kids,3,1
84,4,4,Kids,4,1
84,5,3,Kids,5,2
84,6,5,Kids,6,2
84,7,2,Kids,7,2
84,8,3,Kids,8,3
84,9,5,Kids,9,3
84,10,4,Kids,10,2
85,1,2,Kids,1,1
85,2,3,Kids,2,1
85,3,4,Kids,3,1
85,4,5,Kids,4,1
85,5,3,Kids,5,2
85,6,5,Kids,6,2
85,7,2,Kids,7,2
85,8,3,Kids,8,3
85,9,4,Kids,9,2
85,10,5,Kids,10,3
86,1,2,Kids,1,1
86,2,3,Kids,2,1
86,3,4,Kids,3,1
86,4,5,Kids,4,1
86,5,3,Kids,5,2
86,6,5,Kids,6,2
86,7,2,Kids,7,2
86,8,3,Kids,8,3
86,9,4,Kids,9,2
86,10,5,Kids,10,3
87,1,2,Kids,1,1
87,2,3,Kids,2,1
87,3,4,Kids,3,1
87,4,5,Kids,4,1
87,5,3,Kids,5,2
87,6,5,Kids,6,2
87,7,2,Kids,7,2
87,8,3,Kids,8,3
87,9,4,Kids,9,2
87,10,5,Kids,10,3
88,1,2,Kids,1,1
88,2,4,Kids,2,1
88,3,3,Kids,3,1
88,4,5,Kids,4,1
88,5,3,Kids,5,2
88,6,5,Kids,6,2
88,7,2,Kids,7,2
88,8,4,Kids,8,2
88,9,3,Kids,9,3
88,10,5,Kids,10,3
90,1,2,Kids,1,1
90,2,3,Kids,2,1
90,3,4,Kids,3,1
90,4,5,Kids,4,1
90,5,3,Kids,5,2
90,6,5,Kids,6,2
90,7,2,Kids,7,2
90,8,3,Kids,8,3
90,9,4,Kids,9,2
90,10,5,Kids,10,3
91,1,2,Kids,1,1
91,2,3,Kids,2,1
91,3,4,Kids,3,1
91,4,5,Kids,4,1
91,5,3,Kids,5,2
91,6,5,Kids,6,2
91,7,2,Kids,7,2
91,8,3,Kids,8,3
91,9,4,Kids,9,2
91,10,5,Kids,10,3
92,1,2,Teens,1,1
92,2,3,Teens,2,1
92,3,5,Teens,3,1
92,4,4,Teens,4,1
92,5,3,Teens,5,2
92,6,5,Teens,6,2
92,7,2,Teens,7,2
92,8,3,Teens,8,3
92,9,5,Teens,9,3
92,10,4,Teens,10,2
93,1,2,Kids,1,1
93,2,3,Kids,2,1
93,3,5,Kids,3,1
93,4,4,Kids,4,1
93,5,3,Kids,5,2
93,6,5,Kids,6,2
93,7,2,Kids,7,2
93,8,3,Kids,8,3
93,9,5,Kids,9,3
93,10,4,Kids,10,2
94,1,2,Kids,1,1
94,2,3,Kids,2,1
94,3,5,Kids,3,1
94,4,4,Kids,4,1
94,5,3,Kids,5,2
94,6,5,Kids,6,2
94,7,2,Kids,7,2
94,8,3,Kids,8,3
94,9,5,Kids,9,3
94,10,4,Kids,10,2
95,1,2,Kids,1,1
95,2,3,Kids,2,1
95,3,4,Kids,3,1
95,4,5,Kids,4,1
95,5,3,Kids,5,2
95,6,5,Kids,6,2
95,7,2,Kids,7,2
95,8,3,Kids,8,3
95,9,4,Kids,9,2
95,10,5,Kids,10,3
96,1,2,Teens,1,1
96,2,3,Teens,2,1
96,3,4,Teens,3,1
96,4,5,Teens,4,1
96,5,3,Teens,5,2
96,6,5,Teens,6,2
96,7,2,Teens,7,2
96,8,3,Teens,8,3
96,9,4,Teens,9,2
96,10,5,Teens,10,3
97,1,2,Teens,1,1
97,2,3,Teens,2,1
97,3,4,Teens,3,1
97,4,5,Teens,4,1
97,5,3,Teens,5,2
97,6,5,Teens,6,2
97,7,2,Teens,7,2
97,8,3,Teens,8,3
97,9,4,Teens,9,2
97,10,5,Teens,10,3
98,1,2,Teens,1,1
98,2,4,Teens,2,1
98,3,3,Teens,3,1
98,4,5,Teens,4,1
98,5,3,Teens,5,2
98,6,5,Teens,6,2
98,7,2,Teens,7,2
98,8,4,Teens,8,2
98,9,3,Teens,9,3
98,10,5,Teens,10,3
99,1,2,Teens,1,1
99,2,3,Teens,2,1
99,3,4,Teens,3,1
99,4,5,Teens,4,1
99,5,3,Teens,5,2
99,6,5,Teens,6,2
99,7,2,Teens,7,2
99,8,3,Teens,8,3
99,9,4,Teens,9,2
99,10,5,Teens,10,3
100,1,2,Kids,1,1
100,2,3,Kids,2,1
100,3,4,Kids,3,1
100,4,5,Kids,4,1
100,5,3,Kids,5,2
100,6,5,Kids,6,2
100,7,2,Kids,7,2
100,8,3,Kids,8,3
100,9,4,Kids,9,2
100,10,5,Kids,10,3
101,1,2,Kids,1,1
101,2,3,Kids,2,1
101,3,4,Kids,3,1
101,4,5,Kids,4,1
101,5,3,Kids,5,2
101,6,5,Kids,6,2
101,7,2,Kids,7,2
101,8,3,Kids,8,3
101,9,4,Kids,9,2
101,10,5,Kids,10,3
102,1,2,Kids,1,1
102,2,3,Kids,2,1
102,3,5,Kids,3,1
102,4,4,Kids,4,1
102,5,3,Kids,5,2
102,6,5,Kids,6,2
102,7,2,Kids,7,2
102,8,3,Kids,8,3
102,9,5,Kids,9,3
102,10,4,Kids,10,2
103,1,2,Kids,1,1
103,2,3,Kids,2,1
103,3,5,Kids,3,1
103,4,4,Kids,4,1
103,5,3,Kids,5,2
103,6,5,Kids,6,2
103,7,2,Kids,7,2
103,8,3,Kids,8,3
103,9,5,Kids,9,3
103,10,4,Kids,10,2
104,1,2,Teens,1,1
104,2,3,Teens,2,1
104,3,5,Teens,3,1
104,4,4,Teens,4,1
104,5,3,Teens,5,2
104,6,5,Teens,6,2
104,7,2,Teens,7,2
104,8,3,Teens,8,3
104,9,5,Teens,9,3
104,10,4,Teens,10,2
105,1,2,Teens,1,1
105,2,3,Teens,2,1
105,3,4,Teens,3,1
105,4,5,Teens,4,1
105,5,3,Teens,5,2
105,6,5,Teens,6,2
105,7,2,Teens,7,2
105,8,3,Teens,8,3
105,9,4,Teens,9,2
105,10,5,Teens,10,3
106,1,2,Teens,1,1
106,2,3,Teens,2,1
106,3,4,Teens,3,1
106,4,5,Teens,4,1
106,5,3,Teens,5,2
106,6,5,Teens,6,2
106,7,2,Teens,7,2
106,8,3,Teens,8,3
106,9,4,Teens,9,2
106,10,5,Teens,10,3
108,1,2,Kids,1,1
108,2,4,Kids,2,1
108,3,3,Kids,3,1
108,4,5,Kids,4,1
108,5,3,Kids,5,2
108,6,5,Kids,6,2
108,7,2,Kids,7,2
108,8,4,Kids,8,2
108,9,3,Kids,9,3
108,10,5,Kids,10,3
109,1,2,Kids,1,1
109,2,3,Kids,2,1
109,3,4,Kids,3,1
109,4,5,Kids,4,1
109,5,3,Kids,5,2
109,6,5,Kids,6,2
109,7,2,Kids,7,2
109,8,3,Kids,8,3
109,9,4,Kids,9,2
109,10,5,Kids,10,3
110,1,2,Kids,1,1
110,2,3,Kids,2,1
110,3,4,Kids,3,1
110,4,5,Kids,4,1
110,5,3,Kids,5,2
110,6,5,Kids,6,2
110,7,2,Kids,7,2
110,8,3,Kids,8,3
110,9,4,Kids,9,2
110,10,5,Kids,10,3
111,1,2,Teens,1,1
111,2,3,Teens,2,1
111,3,4,Teens,3,1
111,4,5,Teens,4,1
111,5,3,Teens,5,2
111,6,5,Teens,6,2
111,7,2,Teens,7,2
111,8,3,Teens,8,3
111,9,4,Teens,9,2
111,10,5,Teens,10,3
112,1,2,Kids,1,1
112,2,3,Kids,2,1
112,3,5,Kids,3,1
112,4,4,Kids,4,1
112,5,3,Kids,5,2
112,6,5,Kids,6,2
112,7,2,Kids,7,2
112,8,3,Kids,8,3
112,9,5,Kids,9,3
112,10,4,Kids,10,2
113,1,2,Teens,1,1
113,2,3,Teens,2,1
113,3,5,Teens,3,1
113,4,4,Teens,4,1
113,5,3,Teens,5,2
113,6,5,Teens,6,2
113,7,2,Teens,7,2
113,8,3,Teens,8,3
113,9,5,Teens,9,3
113,10,4,Teens,10,2
114,1,2,Teens,1,1
114,2,3,Teens,2,1
114,3,5,Teens,3,1
114,4,4,Teens,4,1
114,5,3,Teens,5,2
114,6,5,Teens,6,2
114,7,2,Teens,7,2
114,8,3,Teens,8,3
114,9,5,Teens,9,3
114,10,4,Teens,10,2
115,1,2,Kids,1,1
115,2,3,Kids,2,1
115,3,4,Kids,3,1
115,4,5,Kids,4,1
115,5,3,Kids,5,2
115,6,5,Kids,6,2
115,7,2,Kids,7,2
115,8,3,Kids,8,3
115,9,4,Kids,9,2
115,10,5,Kids,10,3
116,1,2,Kids,1,1
116,2,3,Kids,2,1
116,3,4,Kids,3,1
116,4,5,Kids,4,1
116,5,3,Kids,5,2
116,6,5,Kids,6,2
116,7,2,Kids,7,2
116,8,3,Kids,8,3
116,9,4,Kids,9,2
116,10,5,Kids,10,3
117,1,2,Kids,1,1
117,2,3,Kids,2,1
117,3,4,Kids,3,1
117,4,5,Kids,4,1
117,5,3,Kids,5,2
117,6,5,Kids,6,2
117,7,2,Kids,7,2
117,8,3,Kids,8,3
117,9,4,Kids,9,2
117,10,5,Kids,10,3
118,1,2,Kids,1,1
118,2,4,Kids,2,1
118,3,3,Kids,3,1
118,4,5,Kids,4,1
118,5,3,Kids,5,2
118,6,5,Kids,6,2
118,7,2,Kids,7,2
118,8,4,Kids,8,2
118,9,3,Kids,9,3
118,10,5,Kids,10,3
119,1,2,Kids,1,1
119,2,3,Kids,2,1
119,3,4,Kids,3,1
119,4,5,Kids,4,1
119,5,3,Kids,5,2
119,6,5,Kids,6,2
119,7,2,Kids,7,2
119,8,3,Kids,8,3
119,9,4,Kids,9,2
119,10,5,Kids,10,3
120,1,2,Kids,1,1
120,2,3,Kids,2,1
120,3,4,Kids,3,1
120,4,5,Kids,4,1
120,5,3,Kids,5,2
120,6,5,Kids,6,2
120,7,2,Kids,7,2
120,8,3,Kids,8,3
120,9,4,Kids,9,2
120,10,5,Kids,10,3
121,1,2,Kids,1,1
121,2,3,Kids,2,1
121,3,4,Kids,3,1
121,4,5,Kids,4,1
121,5,3,Kids,5,2
121,6,5,Kids,6,2
121,7,2,Kids,7,2
121,8,3,Kids,8,3
121,9,4,Kids,9,2
121,10,5,Kids,10,3
122,1,2,Kids,1,1
122,2,3,Kids,2,1
122,3,5,Kids,3,1
122,4,4,Kids,4,1
122,5,3,Kids,5,2
122,6,5,Kids,6,2
122,7,2,Kids,7,2
122,8,3,Kids,8,3
122,9,5,Kids,9,3
122,10,4,Kids,10,2
123,1,2,Teens,1,1
123,2,3,Teens,2,1
123,3,5,Teens,3,1
123,4,4,Teens,4,1
123,5,3,Teens,5,2
123,6,5,Teens,6,2
123,7,2,Teens,7,2
123,8,3,Teens,8,3
123,9,5,Teens,9,3
123,10,4,Teens,10,2
124,1,2,Teens,1,1
124,2,3,Teens,2,1
124,3,5,Teens,3,1
124,4,4,Teens,4,1
124,5,3,Teens,5,2
124,6,5,Teens,6,2
124,7,2,Teens,7,2
124,8,3,Teens,8,3
124,9,5,Teens,9,3
124,10,4,Teens,10,2
125,1,2,Teens,1,1
125,2,3,Teens,2,1
125,3,4,Teens,3,1
125,4,5,Teens,4,1
125,5,3,Teens,5,2
125,6,5,Teens,6,2
125,7,2,Teens,7,2
125,8,3,Teens,8,3
125,9,4,Teens,9,2
125,10,5,Teens,10,3
126,1,2,Kids,1,1
126,2,3,Kids,2,1
126,3,4,Kids,3,1
126,4,5,Kids,4,1
126,5,3,Kids,5,2
126,6,5,Kids,6,2
126,7,2,Kids,7,2
126,8,3,Kids,8,3
126,9,4,Kids,9,2
126,10,5,Kids,10,3
127,1,2,Kids,1,1
127,2,3,Kids,2,1
127,3,4,Kids,3,1
127,4,5,Kids,4,1
127,5,3,Kids,5,2
127,6,5,Kids,6,2
127,7,2,Kids,7,2
127,8,3,Kids,8,3
127,9,4,Kids,9,2
127,10,5,Kids,10,3
128,1,2,Teens,1,1
128,2,4,Teens,2,1
128,3,3,Teens,3,1
128,4,5,Teens,4,1
128,5,3,Teens,5,2
128,6,5,Teens,6,2
128,7,2,Teens,7,2
128,8,4,Teens,8,2
128,9,3,Teens,9,3
128,10,5,Teens,10,3
129,1,2,Kids,1,1
129,2,3,Kids,2,1
129,3,4,Kids,3,1
129,4,5,Kids,4,1
129,5,3,Kids,5,2
129,6,5,Kids,6,2
129,7,2,Kids,7,2
129,8,3,Kids,8,3
129,9,4,Kids,9,2
129,10,5,Kids,10,3
130,1,2,Teens,1,1
130,2,3,Teens,2,1
130,3,4,Teens,3,1
130,4,5,Teens,4,1
130,5,3,Teens,5,2
130,6,5,Teens,6,2
130,7,2,Teens,7,2
130,8,3,Teens,8,3
130,9,4,Teens,9,2
130,10,5,Teens,10,3
131,1,2,Teens,1,1
131,2,3,Teens,2,1
131,3,4,Teens,3,1
131,4,5,Teens,4,1
131,5,3,Teens,5,2
131,6,5,Teens,6,2
131,7,2,Teens,7,2
131,8,3,Teens,8,3
131,9,4,Teens,9,2
131,10,5,Teens,10,3
132,1,2,Teens,1,1
132,2,3,Teens,2,1
132,3,5,Teens,3,1
132,4,4,Teens,4,1
132,5,3,Teens,5,2
132,6,5,Teens,6,2
132,7,2,Teens,7,2
132,8,3,Teens,8,3
132,9,5,Teens,9,3
132,10,4,Teens,10,2
133,1,2,Kids,1,1
133,2,3,Kids,2,1
133,3,5,Kids,3,1
133,4,4,Kids,4,1
133,5,3,Kids,5,2
133,6,5,Kids,6,2
133,7,2,Kids,7,2
133,8,3,Kids,8,3
133,9,5,Kids,9,3
133,10,4,Kids,10,2
134,1,2,Kids,1,1
134,2,3,Kids,2,1
134,3,5,Kids,3,1
134,4,4,Kids,4,1
134,5,3,Kids,5,2
134,6,5,Kids,6,2
134,7,2,Kids,7,2
134,8,3,Kids,8,3
134,9,5,Kids,9,3
134,10,4,Kids,10,2
135,1,2,Teens,1,1
135,2,3,Teens,2,1
135,3,4,Teens,3,1
135,4,5,Teens,4,1
135,5,3,Teens,5,2
135,6,5,Teens,6,2
135,7,2,Teens,7,2
135,8,3,Teens,8,3
135,9,4,Teens,9,2
135,10,5,Teens,10,3
136,1,2,Teens,1,1
136,2,3,Teens,2,1
136,3,4,Teens,3,1
136,4,5,Teens,4,1
136,5,3,Teens,5,2
136,6,5,Teens,6,2
136,7,2,Teens,7,2
136,8,3,Teens,8,3
136,9,4,Teens,9,2
136,10,5,Teens,10,3
137,1,2,Teens,1,1
137,2,3,Teens,2,1
137,3,4,Teens,3,1
137,4,5,Teens,4,1
137,5,3,Teens,5,2
137,6,5,Teens,6,2
137,7,2,Teens,7,2
137,8,3,Teens,8,3
137,9,4,Teens,9,2
137,10,5,Teens,10,3
138,1,2,Kids,1,1
138,2,4,Kids,2,1
138,3,3,Kids,3,1
138,4,5,Kids,4,1
138,5,3,Kids,5,2
138,6,5,Kids,6,2
138,7,2,Kids,7,2
138,8,4,Kids,8,2
138,9,3,Kids,9,3
138,10,5,Kids,10,3
139,1,2,Teens,1,1
139,2,3,Teens,2,1
139,3,4,Teens,3,1
139,4,5,Teens,4,1
139,5,3,Teens,5,2
139,6,5,Teens,6,2
139,7,2,Teens,7,2
139,8,3,Teens,8,3
139,9,4,Teens,9,2
139,10,5,Teens,10,3
140,1,2,Kids,1,1
140,2,3,Kids,2,1
140,3,4,Kids,3,1
140,4,5,Kids,4,1
140,5,3,Kids,5,2
140,6,5,Kids,6,2
140,7,2,Kids,7,2
140,8,3,Kids,8,3
140,9,4,Kids,9,2
140,10,5,Kids,10,3
141,1,2,Kids,1,1
141,2,3,Kids,2,1
141,3,4,Kids,3,1
141,4,5,Kids,4,1
141,5,3,Kids,5,2
141,6,5,Kids,6,2
141,7,2,Kids,7,2
141,8,3,Kids,8,3
141,9,4,Kids,9,2
141,10,5,Kids,10,3
142,1,2,Kids,1,1
142,2,3,Kids,2,1
142,3,5,Kids,3,1
142,4,4,Kids,4,1
142,5,3,Kids,5,2
142,6,5,Kids,6,2
142,7,2,Kids,7,2
142,8,3,Kids,8,3
142,9,5,Kids,9,3
142,10,4,Kids,10,2
143,1,2,Kids,1,1
143,2,3,Kids,2,1
143,3,5,Kids,3,1
143,4,4,Kids,4,1
143,5,3,Kids,5,2
143,6,5,Kids,6,2
143,7,2,Kids,7,2
143,8,3,Kids,8,3
143,9,5,Kids,9,3
143,10,4,Kids,10,2
144,1,2,Kids,1,1
144,2,3,Kids,2,1
144,3,5,Kids,3,1
144,4,4,Kids,4,1
144,5,3,Kids,5,2
144,6,5,Kids,6,2
144,7,2,Kids,7,2
144,8,3,Kids,8,3
144,9,5,Kids,9,3
144,10,4,Kids,10,2
145,1,2,Kids,1,1
145,2,3,Kids,2,1
145,3,4,Kids,3,1
145,4,5,Kids,4,1
145,5,3,Kids,5,2
145,6,5,Kids,6,2
145,7,2,Kids,7,2
145,8,3,Kids,8,3
145,9,4,Kids,9,2
145,10,5,Kids,10,3
146,1,2,Kids,1,1
146,2,3,Kids,2,1
146,3,4,Kids,3,1
146,4,5,Kids,4,1
146,5,3,Kids,5,2
146,6,5,Kids,6,2
146,7,2,Kids,7,2
146,8,3,Kids,8,3
146,9,4,Kids,9,2
146,10,5,Kids,10,3
147,1,2,Kids,1,1
147,2,3,Kids,2,1
147,3,4,Kids,3,1
147,4,5,Kids,4,1
147,5,3,Kids,5,2
147,6,5,Kids,6,2
147,7,2,Kids,7,2
147,8,3,Kids,8,3
147,9,4,Kids,9,2
147,10,5,Kids,10,3
148,1,2,Teens,1,1
148,2,4,Teens,2,1
148,3,3,Teens,3,1
148,4,5,Teens,4,1
148,5,3,Teens,5,2
148,6,5,Teens,6,2
148,7,2,Teens,7,2
148,8,4,Teens,8,2
148,9,3,Teens,9,3
148,10,5,Teens,10,3
149,1,2,Kids,1,1
149,2,3,Kids,2,1
149,3,4,Kids,3,1
149,4,5,Kids,4,1
149,5,3,Kids,5,2
149,6,5,Kids,6,2
149,7,2,Kids,7,2
149,8,3,Kids,8,3
149,9,4,Kids,9,2
149,10,5,Kids,10,3
150,1,2,Kids,1,1
150,2,3,Kids,2,1
150,3,4,Kids,3,1
150,4,5,Kids,4,1
150,5,3,Kids,5,2
150,6,5,Kids,6,2
150,7,2,Kids,7,2
150,8,3,Kids,8,3
150,9,4,Kids,9,2
150,10,5,Kids,10,3
151,1,2,Kids,1,1
151,2,3,Kids,2,1
151,3,4,Kids,3,1
151,4,5,Kids,4,1
151,5,3,Kids,5,2
151,6,5,Kids,6,2
151,7,2,Kids,7,2
151,8,3,Kids,8,3
151,9,4,Kids,9,2
151,10,5,Kids,10,3
152,1,2,Teens,1,1
152,2,3,Teens,2,1
152,3,5,Teens,3,1
152,4,4,Teens,4,1
152,5,3,Teens,5,2
152,6,5,Teens,6,2
152,7,2,Teens,7,2
152,8,3,Teens,8,3
152,9,5,Teens,9,3
152,10,4,Teens,10,2
153,1,2,Kids,1,1
153,2,3,Kids,2,1
153,3,5,Kids,3,1
153,4,4,Kids,4,1
153,5,3,Kids,5,2
153,6,5,Kids,6,2
153,7,2,Kids,7,2
153,8,3,Kids,8,3
153,9,5,Kids,9,3
153,10,4,Kids,10,2
154,1,2,Teens,1,1
154,2,3,Teens,2,1
154,3,5,Teens,3,1
154,4,4,Teens,4,1
154,5,3,Teens,5,2
154,6,5,Teens,6,2
154,7,2,Teens,7,2
154,8,3,Teens,8,3
154,9,5,Teens,9,3
154,10,4,Teens,10,2
155,1,2,Kids,1,1
155,2,3,Kids,2,1
155,3,4,Kids,3,1
155,4,5,Kids,4,1
155,5,3,Kids,5,2
155,6,5,Kids,6,2
155,7,2,Kids,7,2
155,8,3,Kids,8,3
155,9,4,Kids,9,2
155,10,5,Kids,10,3
156,1,2,Kids,1,1
156,2,3,Kids,2,1
156,3,4,Kids,3,1
156,4,5,Kids,4,1
156,5,3,Kids,5,2
156,6,5,Kids,6,2
156,7,2,Kids,7,2
156,8,3,Kids,8,3
156,9,4,Kids,9,2
156,10,5,Kids,10,3
157,1,2,Kids,1,1
157,2,3,Kids,2,1
157,3,4,Kids,3,1
157,4,5,Kids,4,1
157,5,3,Kids,5,2
157,6,5,Kids,6,2
157,7,2,Kids,7,2
157,8,3,Kids,8,3
157,9,4,Kids,9,2
157,10,5,Kids,10,3
158,1,2,Kids,1,1
158,2,4,Kids,2,1
158,3,3,Kids,3,1
158,4,5,Kids,4,1
158,5,3,Kids,5,2
158,6,5,Kids,6,2
158,7,2,Kids,7,2
158,8,4,Kids,8,2
158,9,3,Kids,9,3
158,10,5,Kids,10,3
159,1,2,Teens,1,1
159,2,3,Teens,2,1
159,3,4,Teens,3,1
159,4,5,Teens,4,1
159,5,3,Teens,5,2
159,6,5,Teens,6,2
159,7,2,Teens,7,2
159,8,3,Teens,8,3
159,9,4,Teens,9,2
159,10,5,Teens,10,3
160,1,2,Teens,1,1
160,2,3,Teens,2,1
160,3,4,Teens,3,1
160,4,5,Teens,4,1
160,5,3,Teens,5,2
160,6,5,Teens,6,2
160,7,2,Teens,7,2
160,8,3,Teens,8,3
160,9,4,Teens,9,2
160,10,5,Teens,10,3
161,1,2,Teens,1,1
161,2,3,Teens,2,1
161,3,4,Teens,3,1
161,4,5,Teens,4,1
161,5,3,Teens,5,2
161,6,5,Teens,6,2
161,7,2,Teens,7,2
161,8,3,Teens,8,3
161,9,4,Teens,9,2
161,10,5,Teens,10,3
162,1,2,Teens,1,1
162,2,3,Teens,2,1
162,3,5,Teens,3,1
162,4,4,Teens,4,1
162,5,3,Teens,5,2
162,6,5,Teens,6,2
162,7,2,Teens,7,2
162,8,3,Teens,8,3
162,9,5,Teens,9,3
162,10,4,Teens,10,2
163,1,2,Teens,1,1
163,2,3,Teens,2,1
163,3,5,Teens,3,1
163,4,4,Teens,4,1
163,5,3,Teens,5,2
163,6,5,Teens,6,2
163,7,2,Teens,7,2
163,8,3,Teens,8,3
163,9,5,Teens,9,3
163,10,4,Teens,10,2
164,1,2,Teens,1,1
164,2,3,Teens,2,1
164,3,5,Teens,3,1
164,4,4,Teens,4,1
164,5,3,Teens,5,2
164,6,5,Teens,6,2
164,7,2,Teens,7,2
164,8,3,Teens,8,3
164,9,5,Teens,9,3
164,10,4,Teens,10,2
165,1,2,Teens,1,1
165,2,3,Teens,2,1
165,3,4,Teens,3,1
165,4,5,Teens,4,1
165,5,3,Teens,5,2
165,6,5,Teens,6,2
165,7,2,Teens,7,2
165,8,3,Teens,8,3
165,9,4,Teens,9,2
165,10,5,Teens,10,3
166,1,2,Teens,1,1
166,2,3,Teens,2,1
166,3,4,Teens,3,1
166,4,5,Teens,4,1
166,5,3,Teens,5,2
166,6,5,Teens,6,2
166,7,2,Teens,7,2
166,8,3,Teens,8,3
166,9,4,Teens,9,2
166,10,5,Teens,10,3
167,1,2,Teens,1,1
167,2,3,Teens,2,1
167,3,4,Teens,3,1
167,4,5,Teens,4,1
167,5,3,Teens,5,2
167,6,5,Teens,6,2
167,7,2,Teens,7,2
167,8,3,Teens,8,3
167,9,4,Teens,9,2
167,10,5,Teens,10,3
168,1,2,Teens,1,1
168,2,4,Teens,2,1
168,3,3,Teens,3,1
168,4,5,Teens,4,1
168,5,3,Teens,5,2
168,6,5,Teens,6,2
168,7,2,Teens,7,2
168,8,4,Teens,8,2
168,9,3,Teens,9,3
168,10,5,Teens,10,3
169,1,2,Teens,1,1
169,2,3,Teens,2,1
169,3,4,Teens,3,1
169,4,5,Teens,4,1
169,5,3,Teens,5,2
169,6,5,Teens,6,2
169,7,2,Teens,7,2
169,8,3,Teens,8,3
169,9,4,Teens,9,2
169,10,5,Teens,10,3
170,1,2,Teens,1,1
170,2,3,Teens,2,1
170,3,4,Teens,3,1
170,4,5,Teens,4,1
170,5,3,Teens,5,2
170,6,5,Teens,6,2
170,7,2,Teens,7,2
170,8,3,Teens,8,3
170,9,4,Teens,9,2
170,10,5,Teens,10,3
171,1,2,Teens,1,1
171,2,3,Teens,2,1
171,3,4,Teens,3,1
171,4,5,Teens,4,1
171,5,3,Teens,5,2
171,6,5,Teens,6,2
171,7,2,Teens,7,2
171,8,3,Teens,8,3
171,9,4,Teens,9,2
171,10,5,Teens,10,3
172,1,2,Teens,1,1
172,2,3,Teens,2,1
172,3,5,Teens,3,1
172,4,4,Teens,4,1
172,5,3,Teens,5,2
172,6,5,Teens,6,2
172,7,2,Teens,7,2
172,8,3,Teens,8,3
172,9,5,Teens,9,3
172,10,4,Teens,10,2
173,1,2,Teens,1,1
173,2,3,Teens,2,1
173,3,5,Teens,3,1
173,4,4,Teens,4,1
173,5,3,Teens,5,2
173,6,5,Teens,6,2
173,7,2,Teens,7,2
173,8,3,Teens,8,3
173,9,5,Teens,9,3
173,10,4,Teens,10,2
174,1,2,Teens,1,1
174,2,3,Teens,2,1
174,3,5,Teens,3,1
174,4,4,Teens,4,1
174,5,3,Teens,5,2
174,6,5,Teens,6,2
174,7,2,Teens,7,2
174,8,3,Teens,8,3
174,9,5,Teens,9,3
174,10,4,Teens,10,2
175,1,2,Teens,1,1
175,2,3,Teens,2,1
175,3,4,Teens,3,1
175,4,5,Teens,4,1
175,5,3,Teens,5,2
175,6,5,Teens,6,2
175,7,2,Teens,7,2
175,8,3,Teens,8,3
175,9,4,Teens,9,2
175,10,5,Teens,10,3
176,1,2,Teens,1,1
176,2,3,Teens,2,1
176,3,4,Teens,3,1
176,4,5,Teens,4,1
176,5,3,Teens,5,2
176,6,5,Teens,6,2
176,7,2,Teens,7,2
176,8,3,Teens,8,3
176,9,4,Teens,9,2
176,10,5,Teens,10,3
177,1,2,Teens,1,1
177,2,3,Teens,2,1
177,3,4,Teens,3,1
177,4,5,Teens,4,1
177,5,3,Teens,5,2
177,6,5,Teens,6,2
177,7,2,Teens,7,2
177,8,3,Teens,8,3
177,9,4,Teens,9,2
177,10,5,Teens,10,3
178,1,2,Teens,1,1
178,2,4,Teens,2,1
178,3,3,Teens,3,1
178,4,5,Teens,4,1
178,5,3,Teens,5,2
178,6,5,Teens,6,2
178,7,2,Teens,7,2
178,8,4,Teens,8,2
178,9,3,Teens,9,3
178,10,5,Teens,10,3
179,1,2,Kids,1,1
179,2,3,Kids,2,1
179,3,4,Kids,3,1
179,4,5,Kids,4,1
179,5,3,Kids,5,2
179,6,5,Kids,6,2
179,7,2,Kids,7,2
179,8,3,Kids,8,3
179,9,4,Kids,9,2
179,10,5,Kids,10,3
180,1,2,Kids,1,1
180,2,3,Kids,2,1
180,3,4,Kids,3,1
180,4,5,Kids,4,1
180,5,3,Kids,5,2
180,6,5,Kids,6,2
180,7,2,Kids,7,2
180,8,3,Kids,8,3
180,9,4,Kids,9,2
180,10,5,Kids,10,3
181,1,2,Kids,1,1
181,2,3,Kids,2,1
181,3,4,Kids,3,1
181,4,5,Kids,4,1
181,5,3,Kids,5,2
181,6,5,Kids,6,2
181,7,2,Kids,7,2
181,8,3,Kids,8,3
181,9,4,Kids,9,2
181,10,5,Kids,10,3
182,1,2,Teens,1,1
182,2,3,Teens,2,1
182,3,5,Teens,3,1
182,4,4,Teens,4,1
182,5,3,Teens,5,2
182,6,5,Teens,6,2
182,7,2,Teens,7,2
182,8,3,Teens,8,3
182,9,5,Teens,9,3
182,10,4,Teens,10,2
183,1,2,Kids,1,1
183,2,3,Kids,2,1
183,3,5,Kids,3,1
183,4,4,Kids,4,1
183,5,3,Kids,5,2
183,6,5,Kids,6,2
183,7,2,Kids,7,2
183,8,3,Kids,8,3
183,9,5,Kids,9,3
183,10,4,Kids,10,2
184,1,2,Teens,1,1
184,2,3,Teens,2,1
184,3,5,Teens,3,1
184,4,4,Teens,4,1
184,5,3,Teens,5,2
184,6,5,Teens,6,2
184,7,2,Teens,7,2
184,8,3,Teens,8,3
184,9,5,Teens,9,3
184,10,4,Teens,10,2
185,1,2,Teens,1,1
185,2,3,Teens,2,1
185,3,4,Teens,3,1
185,4,5,Teens,4,1
185,5,3,Teens,5,2
185,6,5,Teens,6,2
185,7,2,Teens,7,2
185,8,3,Teens,8,3
185,9,4,Teens,9,2
185,10,5,Teens,10,3
188,1,2,Teens,1,1
188,2,4,Teens,2,1
188,3,3,Teens,3,1
188,4,5,Teens,4,1
188,5,3,Teens,5,2
188,6,5,Teens,6,2
188,7,2,Teens,7,2
188,8,4,Teens,8,2
188,9,3,Teens,9,3
188,10,5,Teens,10,3
189,1,2,Teens,1,1
189,2,3,Teens,2,1
189,3,4,Teens,3,1
189,4,5,Teens,4,1
189,5,3,Teens,5,2
189,6,5,Teens,6,2
189,7,2,Teens,7,2
189,8,3,Teens,8,3
189,9,4,Teens,9,2
189,10,5,Teens,10,3
190,1,2,Teens,1,1
190,2,3,Teens,2,1
190,3,4,Teens,3,1
190,4,5,Teens,4,1
190,5,3,Teens,5,2
190,6,5,Teens,6,2
190,7,2,Teens,7,2
190,8,3,Teens,8,3
190,9,4,Teens,9,2
190,10,5,Teens,10,3
191,1,2,Teens,1,1
191,2,3,Teens,2,1
191,3,4,Teens,3,1
191,4,5,Teens,4,1
191,5,3,Teens,5,2
191,6,5,Teens,6,2
191,7,2,Teens,7,2
191,8,3,Teens,8,3
191,9,4,Teens,9,2
191,10,5,Teens,10,3
193,1,2,Teens,1,1
193,2,3,Teens,2,1
193,3,5,Teens,3,1
193,4,4,Teens,4,1
193,5,3,Teens,5,2
193,6,5,Teens,6,2
193,7,2,Teens,7,2
193,8,3,Teens,8,3
193,9,5,Teens,9,3
193,10,4,Teens,10,2
194,1,2,Teens,1,1
194,2,3,Teens,2,1
194,3,5,Teens,3,1
194,4,4,Teens,4,1
194,5,3,Teens,5,2
194,6,5,Teens,6,2
194,7,2,Teens,7,2
194,8,3,Teens,8,3
194,9,5,Teens,9,3
194,10,4,Teens,10,2
195,1,2,Teens,1,1
195,2,3,Teens,2,1
195,3,4,Teens,3,1
195,4,5,Teens,4,1
195,5,3,Teens,5,2
195,6,5,Teens,6,2
195,7,2,Teens,7,2
195,8,3,Teens,8,3
195,9,4,Teens,9,2
195,10,5,Teens,10,3
196,1,2,Teens,1,1
196,2,3,Teens,2,1
196,3,4,Teens,3,1
196,4,5,Teens,4,1
196,5,3,Teens,5,2
196,6,5,Teens,6,2
196,7,2,Teens,7,2
196,8,3,Teens,8,3
196,9,4,Teens,9,2
196,10,5,Teens,10,3
197,1,2,Kids,1,1
197,2,3,Kids,2,1
197,3,4,Kids,3,1
197,4,5,Kids,4,1
197,5,3,Kids,5,2
197,6,5,Kids,6,2
197,7,2,Kids,7,2
197,8,3,Kids,8,3
197,9,4,Kids,9,2
197,10,5,Kids,10,3
198,1,2,Teens,1,1
198,2,4,Teens,2,1
198,3,3,Teens,3,1
198,4,5,Teens,4,1
198,5,3,Teens,5,2
198,6,5,Teens,6,2
198,7,2,Teens,7,2
198,8,4,Teens,8,2
198,9,3,Teens,9,3
198,10,5,Teens,10,3
199,1,2,Teens,1,1
199,2,3,Teens,2,1
199,3,4,Teens,3,1
199,4,5,Teens,4,1
199,5,3,Teens,5,2
199,6,5,Teens,6,2
199,7,2,Teens,7,2
199,8,3,Teens,8,3
199,9,4,Teens,9,2
199,10,5,Teens,10,3
200,1,2,Kids,1,1
200,2,3,Kids,2,1
200,3,4,Kids,3,1
200,4,5,Kids,4,1
200,5,3,Kids,5,2
200,6,5,Kids,6,2
200,7,2,Kids,7,2
200,8,3,Kids,8,3
200,9,4,Kids,9,2
200,10,5,Kids,10,3
201,1,2,Teens,1,1
201,2,3,Teens,2,1
201,3,4,Teens,3,1
201,4,5,Teens,4,1
201,5,3,Teens,5,2
201,6,5,Teens,6,2
201,7,2,Teens,7,2
201,8,3,Teens,8,3
201,9,4,Teens,9,2
201,10,5,Teens,10,3
202,1,2,Teens,1,1
202,2,3,Teens,2,1
202,3,5,Teens,3,1
202,4,4,Teens,4,1
202,5,3,Teens,5,2
202,6,5,Teens,6,2
202,7,2,Teens,7,2
202,8,3,Teens,8,3
202,9,5,Teens,9,3
202,10,4,Teens,10,2
204,1,2,Teens,1,1
204,2,3,Teens,2,1
204,3,5,Teens,3,1
204,4,4,Teens,4,1
204,5,3,Teens,5,2
204,6,5,Teens,6,2
204,7,2,Teens,7,2
204,8,3,Teens,8,3
204,9,5,Teens,9,3
204,10,4,Teens,10,2
205,1,2,Teens,1,1
205,2,3,Teens,2,1
205,3,4,Teens,3,1
205,4,5,Teens,4,1
205,5,3,Teens,5,2
205,6,5,Teens,6,2
205,7,2,Teens,7,2
205,8,3,Teens,8,3
205,9,4,Teens,9,2
205,10,5,Teens,10,3
206,1,2,Kids,1,1
206,2,3,Kids,2,1
206,3,4,Kids,3,1
206,4,5,Kids,4,1
206,5,3,Kids,5,2
206,6,5,Kids,6,2
206,7,2,Kids,7,2
206,8,3,Kids,8,3
206,9,4,Kids,9,2
206,10,5,Kids,10,3
207,1,2,Kids,1,1
207,2,3,Kids,2,1
207,3,4,Kids,3,1
207,4,5,Kids,4,1
207,5,3,Kids,5,2
207,6,5,Kids,6,2
207,7,2,Kids,7,2
207,8,3,Kids,8,3
207,9,4,Kids,9,2
207,10,5,Kids,10,3
208,1,2,Teens,1,1
208,2,4,Teens,2,1
208,3,3,Teens,3,1
208,4,5,Teens,4,1
208,5,3,Teens,5,2
208,6,5,Teens,6,2
208,7,2,Teens,7,2
208,8,4,Teens,8,2
208,9,3,Teens,9,3
208,10,5,Teens,10,3
209,1,2,Teens,1,1
209,2,3,Teens,2,1
209,3,4,Teens,3,1
209,4,5,Teens,4,1
209,5,3,Teens,5,2
209,6,5,Teens,6,2
209,7,2,Teens,7,2
209,8,3,Teens,8,3
209,9,4,Teens,9,2
209,10,5,Teens,10,3
210,1,2,Teens,1,1
210,2,3,Teens,2,1
210,3,4,Teens,3,1
210,4,5,Teens,4,1
210,5,3,Teens,5,2
210,6,5,Teens,6,2
210,7,2,Teens,7,2
210,8,3,Teens,8,3
210,9,4,Teens,9,2
210,10,5,Teens,10,3
212,1,2,Teens,1,1
212,2,3,Teens,2,1
212,3,5,Teens,3,1
212,4,4,Teens,4,1
212,5,3,Teens,5,2
212,6,5,Teens,6,2
212,7,2,Teens,7,2
212,8,3,Teens,8,3
212,9,5,Teens,9,3
212,10,4,Teens,10,2
213,1,2,Kids,1,1
213,2,3,Kids,2,1
213,3,5,Kids,3,1
213,4,4,Kids,4,1
213,5,3,Kids,5,2
213,6,5,Kids,6,2
213,7,2,Kids,7,2
213,8,3,Kids,8,3
213,9,5,Kids,9,3
213,10,4,Kids,10,2
214,1,2,Kids,1,1
214,2,3,Kids,2,1
214,3,5,Kids,3,1
214,4,4,Kids,4,1
214,5,3,Kids,5,2
214,6,5,Kids,6,2
214,7,2,Kids,7,2
214,8,3,Kids,8,3
214,9,5,Kids,9,3
214,10,4,Kids,10,2
215,1,2,Teens,1,1
215,2,3,Teens,2,1
215,3,4,Teens,3,1
215,4,5,Teens,4,1
215,5,3,Teens,5,2
215,6,5,Teens,6,2
215,7,2,Teens,7,2
215,8,3,Teens,8,3
215,9,4,Teens,9,2
215,10,5,Teens,10,3
217,1,2,Kids,1,1
217,2,3,Kids,2,1
217,3,4,Kids,3,1
217,4,5,Kids,4,1
217,5,3,Kids,5,2
217,6,5,Kids,6,2
217,7,2,Kids,7,2
217,8,3,Kids,8,3
217,9,4,Kids,9,2
217,10,5,Kids,10,3
218,1,2,Teens,1,1
218,2,4,Teens,2,1
218,3,3,Teens,3,1
218,4,5,Teens,4,1
218,5,3,Teens,5,2
218,6,5,Teens,6,2
218,7,2,Teens,7,2
218,8,4,Teens,8,2
218,9,3,Teens,9,3
218,10,5,Teens,10,3
219,1,2,Teens,1,1
219,2,3,Teens,2,1
219,3,4,Teens,3,1
219,4,5,Teens,4,1
219,5,3,Teens,5,2
219,6,5,Teens,6,2
219,7,2,Teens,7,2
219,8,3,Teens,8,3
219,9,4,Teens,9,2
219,10,5,Teens,10,3
220,1,2,Teens,1,1
220,2,3,Teens,2,1
220,3,4,Teens,3,1
220,4,5,Teens,4,1
220,5,3,Teens,5,2
220,6,5,Teens,6,2
220,7,2,Teens,7,2
220,8,3,Teens,8,3
220,9,4,Teens,9,2
220,10,5,Teens,10,3
221,1,2,Kids,1,1
221,2,3,Kids,2,1
221,3,4,Kids,3,1
221,4,5,Kids,4,1
221,5,3,Kids,5,2
221,6,5,Kids,6,2
221,7,2,Kids,7,2
221,8,3,Kids,8,3
221,9,4,Kids,9,2
221,10,5,Kids,10,3
300,1,2,Age>25,1,1
300,2,3,Age>25,2,1
300,3,4,Age>25,3,1
300,4,5,Age>25,4,1
300,5,3,Age>25,5,2
300,6,5,Age>25,6,2
300,7,2,Age>25,7,2
300,8,3,Age>25,8,3
300,9,4,Age>25,9,2
300,10,5,Age>25,10,3
301,1,2,RPP,1,1
301,2,3,RPP,2,1
301,3,4,RPP,3,1
301,4,5,RPP,4,1
301,5,3,RPP,5,2
301,6,5,RPP,6,2
301,7,2,RPP,7,2
301,8,3,RPP,8,3
301,9,4,RPP,9,2
301,10,5,RPP,10,3
302,1,2,Age>25,1,1
302,2,3,Age>25,2,1
302,3,5,Age>25,3,1
302,4,4,Age>25,4,1
302,5,3,Age>25,5,2
302,6,5,Age>25,6,2
302,7,2,Age>25,7,2
302,8,3,Age>25,8,3
302,9,5,Age>25,9,3
302,10,4,Age>25,10,2
303,1,2,Age>25,1,1
303,2,3,Age>25,2,1
303,3,5,Age>25,3,1
303,4,4,Age>25,4,1
303,5,3,Age>25,5,2
303,6,5,Age>25,6,2
303,7,2,Age>25,7,2
303,8,3,Age>25,8,3
303,9,5,Age>25,9,3
303,10,4,Age>25,10,2
304,1,2,Age>25,1,1
304,2,3,Age>25,2,1
304,3,5,Age>25,3,1
304,4,4,Age>25,4,1
304,5,3,Age>25,5,2
304,6,5,Age>25,6,2
304,7,2,Age>25,7,2
304,8,3,Age>25,8,3
304,9,5,Age>25,9,3
304,10,4,Age>25,10,2
305,1,2,Age>25,1,1
305,2,3,Age>25,2,1
305,3,4,Age>25,3,1
305,4,5,Age>25,4,1
305,5,3,Age>25,5,2
305,6,5,Age>25,6,2
305,7,2,Age>25,7,2
305,8,3,Age>25,8,3
305,9,4,Age>25,9,2
305,10,5,Age>25,10,3
306,1,2,Age>25,1,1
306,2,3,Age>25,2,1
306,3,4,Age>25,3,1
306,4,5,Age>25,4,1
306,5,3,Age>25,5,2
306,6,5,Age>25,6,2
306,7,2,Age>25,7,2
306,8,3,Age>25,8,3
306,9,4,Age>25,9,2
306,10,5,Age>25,10,3
308,1,2,Age>25,1,1
308,2,4,Age>25,2,1
308,3,3,Age>25,3,1
308,4,5,Age>25,4,1
308,5,3,Age>25,5,2
308,6,5,Age>25,6,2
308,7,2,Age>25,7,2
308,8,4,Age>25,8,2
308,9,3,Age>25,9,3
308,10,5,Age>25,10,3
309,1,2,Age>25,1,1
309,2,3,Age>25,2,1
309,3,4,Age>25,3,1
309,4,5,Age>25,4,1
309,5,3,Age>25,5,2
309,6,5,Age>25,6,2
309,7,2,Age>25,7,2
309,8,3,Age>25,8,3
309,9,4,Age>25,9,2
309,10,5,Age>25,10,3
310,1,2,Age>25,1,1
310,2,3,Age>25,2,1
310,3,4,Age>25,3,1
310,4,5,Age>25,4,1
310,5,3,Age>25,5,2
310,6,5,Age>25,6,2
310,7,2,Age>25,7,2
310,8,3,Age>25,8,3
310,9,4,Age>25,9,2
310,10,5,Age>25,10,3
311,1,2,RPP,1,1
311,2,3,RPP,2,1
311,3,4,RPP,3,1
311,4,5,RPP,4,1
311,5,3,RPP,5,2
311,6,5,RPP,6,2
311,7,2,RPP,7,2
311,8,3,RPP,8,3
311,9,4,RPP,9,2
311,10,5,RPP,10,3
312,1,2,Age>25,1,1
312,2,3,Age>25,2,1
312,3,5,Age>25,3,1
312,4,4,Age>25,4,1
312,5,3,Age>25,5,2
312,6,5,Age>25,6,2
312,7,2,Age>25,7,2
312,8,3,Age>25,8,3
312,9,5,Age>25,9,3
312,10,4,Age>25,10,2
313,1,2,Age>25,1,1
313,2,3,Age>25,2,1
313,3,5,Age>25,3,1
313,4,4,Age>25,4,1
313,5,3,Age>25,5,2
313,6,5,Age>25,6,2
313,7,2,Age>25,7,2
313,8,3,Age>25,8,3
313,9,5,Age>25,9,3
313,10,4,Age>25,10,2
314,1,2,RPP,1,1
314,2,3,RPP,2,1
314,3,5,RPP,3,1
314,4,4,RPP,4,1
314,5,3,RPP,5,2
314,6,5,RPP,6,2
314,7,2,RPP,7,2
314,8,3,RPP,8,3
314,9,5,RPP,9,3
314,10,4,RPP,10,2
316,1,2,RPP,1,1
316,2,3,RPP,2,1
316,3,4,RPP,3,1
316,4,5,RPP,4,1
316,5,3,RPP,5,2
316,6,5,RPP,6,2
316,7,2,RPP,7,2
316,8,3,RPP,8,3
316,9,4,RPP,9,2
316,10,5,RPP,10,3
317,1,2,Age>25,1,1
317,2,3,Age>25,2,1
317,3,4,Age>25,3,1
317,4,5,Age>25,4,1
317,5,3,Age>25,5,2
317,6,5,Age>25,6,2
317,7,2,Age>25,7,2
317,8,3,Age>25,8,3
317,9,4,Age>25,9,2
317,10,5,Age>25,10,3
318,1,2,Age>25,1,1
318,2,4,Age>25,2,1
318,3,3,Age>25,3,1
318,4,5,Age>25,4,1
318,5,3,Age>25,5,2
318,6,5,Age>25,6,2
318,7,2,Age>25,7,2
318,8,4,Age>25,8,2
318,9,3,Age>25,9,3
318,10,5,Age>25,10,3
319,1,2,RPP,1,1
319,2,3,RPP,2,1
319,3,4,RPP,3,1
319,4,5,RPP,4,1
319,5,3,RPP,5,2
319,6,5,RPP,6,2
319,7,2,RPP,7,2
319,8,3,RPP,8,3
319,9,4,RPP,9,2
319,10,5,RPP,10,3
320,1,2,Age>25,1,1
320,2,3,Age>25,2,1
320,3,4,Age>25,3,1
320,4,5,Age>25,4,1
320,5,3,Age>25,5,2
320,6,5,Age>25,6,2
320,7,2,Age>25,7,2
320,8,3,Age>25,8,3
320,9,4,Age>25,9,2
320,10,5,Age>25,10,3
321,1,2,Age>25,1,1
321,2,3,Age>25,2,1
321,3,4,Age>25,3,1
321,4,5,Age>25,4,1
321,5,3,Age>25,5,2
321,6,5,Age>25,6,2
321,7,2,Age>25,7,2
321,8,3,Age>25,8,3
321,9,4,Age>25,9,2
321,10,5,Age>25,10,3
322,1,2,RPP,1,1
322,2,3,RPP,2,1
322,3,5,RPP,3,1
322,4,4,RPP,4,1
322,5,3,RPP,5,2
322,6,5,RPP,6,2
322,7,2,RPP,7,2
322,8,3,RPP,8,3
322,9,5,RPP,9,3
322,10,4,RPP,10,2
323,1,2,RPP,1,1
323,2,3,RPP,2,1
323,3,5,RPP,3,1
323,4,4,RPP,4,1
323,5,3,RPP,5,2
323,6,5,RPP,6,2
323,7,2,RPP,7,2
323,8,3,RPP,8,3
323,9,5,RPP,9,3
323,10,4,RPP,10,2
325,1,2,RPP,1,1
325,2,3,RPP,2,1
325,3,4,RPP,3,1
325,4,5,RPP,4,1
325,5,3,RPP,5,2
325,6,5,RPP,6,2
325,7,2,RPP,7,2
325,8,3,RPP,8,3
325,9,4,RPP,9,2
325,10,5,RPP,10,3
326,1,2,Age>25,1,1
326,2,3,Age>25,2,1
326,3,4,Age>25,3,1
326,4,5,Age>25,4,1
326,5,3,Age>25,5,2
326,6,5,Age>25,6,2
326,7,2,Age>25,7,2
326,8,3,Age>25,8,3
326,9,4,Age>25,9,2
326,10,5,Age>25,10,3
328,1,2,RPP,1,1
328,2,4,RPP,2,1
328,3,3,RPP,3,1
328,4,5,RPP,4,1
328,5,3,RPP,5,2
328,6,5,RPP,6,2
328,7,2,RPP,7,2
328,8,4,RPP,8,2
328,9,3,RPP,9,3
328,10,5,RPP,10,3
329,1,2,Age>25,1,1
329,2,3,Age>25,2,1
329,3,4,Age>25,3,1
329,4,5,Age>25,4,1
329,5,3,Age>25,5,2
329,6,5,Age>25,6,2
329,7,2,Age>25,7,2
329,8,3,Age>25,8,3
329,9,4,Age>25,9,2
329,10,5,Age>25,10,3
330,1,2,RPP,1,1
330,2,3,RPP,2,1
330,3,4,RPP,3,1
330,4,5,RPP,4,1
330,5,3,RPP,5,2
330,6,5,RPP,6,2
330,7,2,RPP,7,2
330,8,3,RPP,8,3
330,9,4,RPP,9,2
330,10,5,RPP,10,3
331,1,2,RPP,1,1
331,2,3,RPP,2,1
331,3,4,RPP,3,1
331,4,5,RPP,4,1
331,5,3,RPP,5,2
331,6,5,RPP,6,2
331,7,2,RPP,7,2
331,8,3,RPP,8,3
331,9,4,RPP,9,2
331,10,5,RPP,10,3
332,1,2,Age>25,1,1
332,2,3,Age>25,2,1
332,3,5,Age>25,3,1
332,4,4,Age>25,4,1
332,5,3,Age>25,5,2
332,6,5,Age>25,6,2
332,7,2,Age>25,7,2
332,8,3,Age>25,8,3
332,9,5,Age>25,9,3
332,10,4,Age>25,10,2
333,1,2,Age>25,1,1
333,2,3,Age>25,2,1
333,3,5,Age>25,3,1
333,4,4,Age>25,4,1
333,5,3,Age>25,5,2
333,6,5,Age>25,6,2
333,7,2,Age>25,7,2
333,8,3,Age>25,8,3
333,9,5,Age>25,9,3
333,10,4,Age>25,10,2
334,1,2,Age>25,1,1
334,2,3,Age>25,2,1
334,3,5,Age>25,3,1
334,4,4,Age>25,4,1
334,5,3,Age>25,5,2
334,6,5,Age>25,6,2
334,7,2,Age>25,7,2
334,8,3,Age>25,8,3
334,9,5,Age>25,9,3
334,10,4,Age>25,10,2
335,1,2,RPP,1,1
335,2,3,RPP,2,1
335,3,4,RPP,3,1
335,4,5,RPP,4,1
335,5,3,RPP,5,2
335,6,5,RPP,6,2
335,7,2,RPP,7,2
335,8,3,RPP,8,3
335,9,4,RPP,9,2
335,10,5,RPP,10,3
337,1,2,Age>25,1,1
337,2,3,Age>25,2,1
337,3,4,Age>25,3,1
337,4,5,Age>25,4,1
337,5,3,Age>25,5,2
337,6,5,Age>25,6,2
337,7,2,Age>25,7,2
337,8,3,Age>25,8,3
337,9,4,Age>25,9,2
337,10,5,Age>25,10,3
338,1,2,RPP,1,1
338,2,4,RPP,2,1
338,3,3,RPP,3,1
338,4,5,RPP,4,1
338,5,3,RPP,5,2
338,6,5,RPP,6,2
338,7,2,RPP,7,2
338,8,4,RPP,8,2
338,9,3,RPP,9,3
338,10,5,RPP,10,3
339,1,2,Age>25,1,1
339,2,3,Age>25,2,1
339,3,4,Age>25,3,1
339,4,5,Age>25,4,1
339,5,3,Age>25,5,2
339,6,5,Age>25,6,2
339,7,2,Age>25,7,2
339,8,3,Age>25,8,3
339,9,4,Age>25,9,2
339,10,5,Age>25,10,3
342,1,2,Age>25,1,1
342,2,3,Age>25,2,1
342,3,5,Age>25,3,1
342,4,4,Age>25,4,1
342,5,3,Age>25,5,2
342,6,5,Age>25,6,2
342,7,2,Age>25,7,2
342,8,3,Age>25,8,3
342,9,5,Age>25,9,3
342,10,4,Age>25,10,2
343,1,2,RPP,1,1
343,2,3,RPP,2,1
343,3,5,RPP,3,1
343,4,4,RPP,4,1
343,5,3,RPP,5,2
343,6,5,RPP,6,2
343,7,2,RPP,7,2
343,8,3,RPP,8,3
343,9,5,RPP,9,3
343,10,4,RPP,10,2
345,1,2,Age>25,1,1
345,2,3,Age>25,2,1
345,3,4,Age>25,3,1
345,4,5,Age>25,4,1
345,5,3,Age>25,5,2
345,6,5,Age>25,6,2
345,7,2,Age>25,7,2
345,8,3,Age>25,8,3
345,9,4,Age>25,9,2
345,10,5,Age>25,10,3
347,1,2,Age>25,1,1
347,2,3,Age>25,2,1
347,3,4,Age>25,3,1
347,4,5,Age>25,4,1
347,5,3,Age>25,5,2
347,6,5,Age>25,6,2
347,7,2,Age>25,7,2
347,8,3,Age>25,8,3
347,9,4,Age>25,9,2
347,10,5,Age>25,10,3
348,1,2,Age>25,1,1
348,2,4,Age>25,2,1
348,3,3,Age>25,3,1
348,4,5,Age>25,4,1
348,5,3,Age>25,5,2
348,6,5,Age>25,6,2
348,7,2,Age>25,7,2
348,8,4,Age>25,8,2
348,9,3,Age>25,9,3
348,10,5,Age>25,10,3
349,1,2,Age>25,1,1
349,2,3,Age>25,2,1
349,3,4,Age>25,3,1
349,4,5,Age>25,4,1
349,5,3,Age>25,5,2
349,6,5,Age>25,6,2
349,7,2,Age>25,7,2
349,8,3,Age>25,8,3
349,9,4,Age>25,9,2
349,10,5,Age>25,10,3
350,1,2,Age>25,1,1
350,2,3,Age>25,2,1
350,3,4,Age>25,3,1
350,4,5,Age>25,4,1
350,5,3,Age>25,5,2
350,6,5,Age>25,6,2
350,7,2,Age>25,7,2
350,8,3,Age>25,8,3
350,9,4,Age>25,9,2
350,10,5,Age>25,10,3
351,1,2,Age>25,1,1
351,2,3,Age>25,2,1
351,3,4,Age>25,3,1
351,4,5,Age>25,4,1
351,5,3,Age>25,5,2
351,6,5,Age>25,6,2
351,7,2,Age>25,7,2
351,8,3,Age>25,8,3
351,9,4,Age>25,9,2
351,10,5,Age>25,10,3
352,1,2,Age>25,1,1
352,2,3,Age>25,2,1
352,3,5,Age>25,3,1
352,4,4,Age>25,4,1
352,5,3,Age>25,5,2
352,6,5,Age>25,6,2
352,7,2,Age>25,7,2
352,8,3,Age>25,8,3
352,9,5,Age>25,9,3
352,10,4,Age>25,10,2
353,1,2,Age>25,1,1
353,2,3,Age>25,2,1
353,3,5,Age>25,3,1
353,4,4,Age>25,4,1
353,5,3,Age>25,5,2
353,6,5,Age>25,6,2
353,7,2,Age>25,7,2
353,8,3,Age>25,8,3
353,9,5,Age>25,9,3
353,10,4,Age>25,10,2
354,1,2,Age>25,1,1
354,2,3,Age>25,2,1
354,3,5,Age>25,3,1
354,4,4,Age>25,4,1
354,5,3,Age>25,5,2
354,6,5,Age>25,6,2
354,7,2,Age>25,7,2
354,8,3,Age>25,8,3
354,9,5,Age>25,9,3
354,10,4,Age>25,10,2
357,1,2,Age>25,1,1
357,2,3,Age>25,2,1
357,3,4,Age>25,3,1
357,4,5,Age>25,4,1
357,5,3,Age>25,5,2
357,6,5,Age>25,6,2
357,7,2,Age>25,7,2
357,8,3,Age>25,8,3
357,9,4,Age>25,9,2
357,10,5,Age>25,10,3
359,1,2,Age>25,1,1
359,2,3,Age>25,2,1
359,3,4,Age>25,3,1
359,4,5,Age>25,4,1
359,5,3,Age>25,5,2
359,6,5,Age>25,6,2
359,7,2,Age>25,7,2
359,8,3,Age>25,8,3
359,9,4,Age>25,9,2
359,10,5,Age>25,10,3
360,1,2,Age>25,1,1
360,2,3,Age>25,2,1
360,3,4,Age>25,3,1
360,4,5,Age>25,4,1
360,5,3,Age>25,5,2
360,6,5,Age>25,6,2
360,7,2,Age>25,7,2
360,8,3,Age>25,8,3
360,9,4,Age>25,9,2
360,10,5,Age>25,10,3
361,1,2,Age>25,1,1
361,2,3,Age>25,2,1
361,3,4,Age>25,3,1
361,4,5,Age>25,4,1
361,5,3,Age>25,5,2
361,6,5,Age>25,6,2
361,7,2,Age>25,7,2
361,8,3,Age>25,8,3
361,9,4,Age>25,9,2
361,10,5,Age>25,10,3
362,1,2,Age>25,1,1
362,2,3,Age>25,2,1
362,3,5,Age>25,3,1
362,4,4,Age>25,4,1
362,5,3,Age>25,5,2
362,6,5,Age>25,6,2
362,7,2,Age>25,7,2
362,8,3,Age>25,8,3
362,9,5,Age>25,9,3
362,10,4,Age>25,10,2
363,1,2,Age>25,1,1
363,2,3,Age>25,2,1
363,3,5,Age>25,3,1
363,4,4,Age>25,4,1
363,5,3,Age>25,5,2
363,6,5,Age>25,6,2
363,7,2,Age>25,7,2
363,8,3,Age>25,8,3
363,9,5,Age>25,9,3
363,10,4,Age>25,10,2
364,1,2,Age>25,1,1
364,2,3,Age>25,2,1
364,3,5,Age>25,3,1
364,4,4,Age>25,4,1
364,5,3,Age>25,5,2
364,6,5,Age>25,6,2
364,7,2,Age>25,7,2
364,8,3,Age>25,8,3
364,9,5,Age>25,9,3
364,10,4,Age>25,10,2
365,1,2,Age>25,1,1
365,2,3,Age>25,2,1
365,3,4,Age>25,3,1
365,4,5,Age>25,4,1
365,5,3,Age>25,5,2
365,6,5,Age>25,6,2
365,7,2,Age>25,7,2
365,8,3,Age>25,8,3
365,9,4,Age>25,9,2
365,10,5,Age>25,10,3
409,1,2,RPP,1,1
409,2,3,RPP,2,1
409,3,4,RPP,3,1
409,4,5,RPP,4,1
409,5,3,RPP,5,2
409,6,5,RPP,6,2
409,7,2,RPP,7,2
409,8,3,RPP,8,3
409,9,4,RPP,9,2
409,10,5,RPP,10,3
410,1,2,RPP,1,1
410,2,3,RPP,2,1
410,3,4,RPP,3,1
410,4,5,RPP,4,1
410,5,3,RPP,5,2
410,6,5,RPP,6,2
410,7,2,RPP,7,2
410,8,3,RPP,8,3
410,9,4,RPP,9,2
410,10,5,RPP,10,3
411,1,2,RPP,1,1
411,2,3,RPP,2,1
411,3,4,RPP,3,1
411,4,5,RPP,4,1
411,5,3,RPP,5,2
411,6,5,RPP,6,2
411,7,2,RPP,7,2
411,8,3,RPP,8,3
411,9,4,RPP,9,2
411,10,5,RPP,10,3
412,1,2,RPP,1,1
412,2,3,RPP,2,1
412,3,5,RPP,3,1
412,4,4,RPP,4,1
412,5,3,RPP,5,2
412,6,5,RPP,6,2
412,7,2,RPP,7,2
412,8,3,RPP,8,3
412,9,5,RPP,9,3
412,10,4,RPP,10,2
413,1,2,RPP,1,1
413,2,3,RPP,2,1
413,3,5,RPP,3,1
413,4,4,RPP,4,1
413,5,3,RPP,5,2
413,6,5,RPP,6,2
413,7,2,RPP,7,2
413,8,3,RPP,8,3
413,9,5,RPP,9,3
413,10,4,RPP,10,2
414,1,2,Kids,1,1
414,2,3,Kids,2,1
414,3,5,Kids,3,1
414,4,4,Kids,4,1
414,5,3,Kids,5,2
414,6,5,Kids,6,2
414,7,2,Kids,7,2
414,8,3,Kids,8,3
414,9,5,Kids,9,3
414,10,4,Kids,10,2
415,1,2,RPP,1,1
415,2,3,RPP,2,1
415,3,4,RPP,3,1
415,4,5,RPP,4,1
415,5,3,RPP,5,2
415,6,5,RPP,6,2
415,7,2,RPP,7,2
415,8,3,RPP,8,3
415,9,4,RPP,9,2
415,10,5,RPP,10,3
416,1,2,RPP,1,1
416,2,3,RPP,2,1
416,3,4,RPP,3,1
416,4,5,RPP,4,1
416,5,3,RPP,5,2
416,6,5,RPP,6,2
416,7,2,RPP,7,2
416,8,3,RPP,8,3
416,9,4,RPP,9,2
416,10,5,RPP,10,3
417,1,2,RPP,1,1
417,2,3,RPP,2,1
417,3,4,RPP,3,1
417,4,5,RPP,4,1
417,5,3,RPP,5,2
417,6,5,RPP,6,2
417,7,2,RPP,7,2
417,8,3,RPP,8,3
417,9,4,RPP,9,2
417,10,5,RPP,10,3
418,1,2,Age>25,1,1
418,2,4,Age>25,2,1
418,3,3,Age>25,3,1
418,4,5,Age>25,4,1
418,5,3,Age>25,5,2
418,6,5,Age>25,6,2
418,7,2,Age>25,7,2
418,8,4,Age>25,8,2
418,9,3,Age>25,9,3
418,10,5,Age>25,10,3
419,1,2,RPP,1,1
419,2,3,RPP,2,1
419,3,4,RPP,3,1
419,4,5,RPP,4,1
419,5,3,RPP,5,2
419,6,5,RPP,6,2
419,7,2,RPP,7,2
419,8,3,RPP,8,3
419,9,4,RPP,9,2
419,10,5,RPP,10,3
420,1,2,RPP,1,1
420,2,3,RPP,2,1
420,3,4,RPP,3,1
420,4,5,RPP,4,1
420,5,3,RPP,5,2
420,6,5,RPP,6,2
420,7,2,RPP,7,2
420,8,3,RPP,8,3
420,9,4,RPP,9,2
420,10,5,RPP,10,3
421,1,2,RPP,1,1
421,2,3,RPP,2,1
421,3,4,RPP,3,1
421,4,5,RPP,4,1
421,5,3,RPP,5,2
421,6,5,RPP,6,2
421,7,2,RPP,7,2
421,8,3,RPP,8,3
421,9,4,RPP,9,2
421,10,5,RPP,10,3
422,1,2,RPP,1,1
422,2,3,RPP,2,1
422,3,5,RPP,3,1
422,4,4,RPP,4,1
422,5,3,RPP,5,2
422,6,5,RPP,6,2
422,7,2,RPP,7,2
422,8,3,RPP,8,3
422,9,5,RPP,9,3
422,10,4,RPP,10,2
423,1,2,RPP,1,1
423,2,3,RPP,2,1
423,3,5,RPP,3,1
423,4,4,RPP,4,1
423,5,3,RPP,5,2
423,6,5,RPP,6,2
423,7,2,RPP,7,2
423,8,3,RPP,8,3
423,9,5,RPP,9,3
423,10,4,RPP,10,2
424,1,2,RPP,1,1
424,2,3,RPP,2,1
424,3,5,RPP,3,1
424,4,4,RPP,4,1
424,5,3,RPP,5,2
424,6,5,RPP,6,2
424,7,2,RPP,7,2
424,8,3,RPP,8,3
424,9,5,RPP,9,3
424,10,4,RPP,10,2
425,1,2,Age>25,1,1
425,2,3,Age>25,2,1
425,3,4,Age>25,3,1
425,4,5,Age>25,4,1
425,5,3,Age>25,5,2
425,6,5,Age>25,6,2
425,7,2,Age>25,7,2
425,8,3,Age>25,8,3
425,9,4,Age>25,9,2
425,10,5,Age>25,10,3
427,1,2,RPP,1,1
427,2,3,RPP,2,1
427,3,4,RPP,3,1
427,4,5,RPP,4,1
427,5,3,RPP,5,2
427,6,5,RPP,6,2
427,7,2,RPP,7,2
427,8,3,RPP,8,3
427,9,4,RPP,9,2
427,10,5,RPP,10,3
428,1,2,RPP,1,1
428,2,4,RPP,2,1
428,3,3,RPP,3,1
428,4,5,RPP,4,1
428,5,3,RPP,5,2
428,6,5,RPP,6,2
428,7,2,RPP,7,2
428,8,4,RPP,8,2
428,9,3,RPP,9,3
428,10,5,RPP,10,3
429,1,2,RPP,1,1
429,2,3,RPP,2,1
429,3,4,RPP,3,1
429,4,5,RPP,4,1
429,5,3,RPP,5,2
429,6,5,RPP,6,2
429,7,2,RPP,7,2
429,8,3,RPP,8,3
429,9,4,RPP,9,2
429,10,5,RPP,10,3
430,1,2,RPP,1,1
430,2,3,RPP,2,1
430,3,4,RPP,3,1
430,4,5,RPP,4,1
430,5,3,RPP,5,2
430,6,5,RPP,6,2
430,7,2,RPP,7,2
430,8,3,RPP,8,3
430,9,4,RPP,9,2
430,10,5,RPP,10,3
431,1,2,RPP,1,1
431,2,3,RPP,2,1
431,3,4,RPP,3,1
431,4,5,RPP,4,1
431,5,3,RPP,5,2
431,6,5,RPP,6,2
431,7,2,RPP,7,2
431,8,3,RPP,8,3
431,9,4,RPP,9,2
431,10,5,RPP,10,3
432,1,2,RPP,1,1
432,2,3,RPP,2,1
432,3,5,RPP,3,1
432,4,4,RPP,4,1
432,5,3,RPP,5,2
432,6,5,RPP,6,2
432,7,2,RPP,7,2
432,8,3,RPP,8,3
432,9,5,RPP,9,3
432,10,4,RPP,10,2
434,1,2,RPP,1,1
434,2,3,RPP,2,1
434,3,5,RPP,3,1
434,4,4,RPP,4,1
434,5,3,RPP,5,2
434,6,5,RPP,6,2
434,7,2,RPP,7,2
434,8,3,RPP,8,3
434,9,5,RPP,9,3
434,10,4,RPP,10,2
435,1,2,RPP,1,1
435,2,3,RPP,2,1
435,3,4,RPP,3,1
435,4,5,RPP,4,1
435,5,3,RPP,5,2
435,6,5,RPP,6,2
435,7,2,RPP,7,2
435,8,3,RPP,8,3
435,9,4,RPP,9,2
435,10,5,RPP,10,3
436,1,2,RPP,1,1
436,2,3,RPP,2,1
436,3,4,RPP,3,1
436,4,5,RPP,4,1
436,5,3,RPP,5,2
436,6,5,RPP,6,2
436,7,2,RPP,7,2
436,8,3,RPP,8,3
436,9,4,RPP,9,2
436,10,5,RPP,10,3
437,1,2,RPP,1,1
437,2,3,RPP,2,1
437,3,4,RPP,3,1
437,4,5,RPP,4,1
437,5,3,RPP,5,2
437,6,5,RPP,6,2
437,7,2,RPP,7,2
437,8,3,RPP,8,3
437,9,4,RPP,9,2
437,10,5,RPP,10,3
438,1,2,RPP,1,1
438,2,4,RPP,2,1
438,3,3,RPP,3,1
438,4,5,RPP,4,1
438,5,3,RPP,5,2
438,6,5,RPP,6,2
438,7,2,RPP,7,2
438,8,4,RPP,8,2
438,9,3,RPP,9,3
438,10,5,RPP,10,3
439,1,2,RPP,1,1
439,2,3,RPP,2,1
439,3,4,RPP,3,1
439,4,5,RPP,4,1
439,5,3,RPP,5,2
439,6,5,RPP,6,2
439,7,2,RPP,7,2
439,8,3,RPP,8,3
439,9,4,RPP,9,2
439,10,5,RPP,10,3
440,1,2,RPP,1,1
440,2,3,RPP,2,1
440,3,4,RPP,3,1
440,4,5,RPP,4,1
440,5,3,RPP,5,2
440,6,5,RPP,6,2
440,7,2,RPP,7,2
440,8,3,RPP,8,3
440,9,4,RPP,9,2
440,10,5,RPP,10,3
441,1,2,RPP,1,1
441,2,3,RPP,2,1
441,3,4,RPP,3,1
441,4,5,RPP,4,1
441,5,3,RPP,5,2
441,6,5,RPP,6,2
441,7,2,RPP,7,2
441,8,3,RPP,8,3
441,9,4,RPP,9,2
441,10,5,RPP,10,3
442,1,2,RPP,1,1
442,2,3,RPP,2,1
442,3,5,RPP,3,1
442,4,4,RPP,4,1
442,5,3,RPP,5,2
442,6,5,RPP,6,2
442,7,2,RPP,7,2
442,8,3,RPP,8,3
442,9,5,RPP,9,3
442,10,4,RPP,10,2
443,1,2,RPP,1,1
443,2,3,RPP,2,1
443,3,5,RPP,3,1
443,4,4,RPP,4,1
443,5,3,RPP,5,2
443,6,5,RPP,6,2
443,7,2,RPP,7,2
443,8,3,RPP,8,3
443,9,5,RPP,9,3
443,10,4,RPP,10,2
444,1,2,RPP,1,1
444,2,3,RPP,2,1
444,3,5,RPP,3,1
444,4,4,RPP,4,1
444,5,3,RPP,5,2
444,6,5,RPP,6,2
444,7,2,RPP,7,2
444,8,3,RPP,8,3
444,9,5,RPP,9,3
444,10,4,RPP,10,2
445,1,2,RPP,1,1
445,2,3,RPP,2,1
445,3,4,RPP,3,1
445,4,5,RPP,4,1
445,5,3,RPP,5,2
445,6,5,RPP,6,2
445,7,2,RPP,7,2
445,8,3,RPP,8,3
445,9,4,RPP,9,2
445,10,5,RPP,10,3
447,1,2,RPP,1,1
447,2,3,RPP,2,1
447,3,4,RPP,3,1
447,4,5,RPP,4,1
447,5,3,RPP,5,2
447,6,5,RPP,6,2
447,7,2,RPP,7,2
447,8,3,RPP,8,3
447,9,4,RPP,9,2
447,10,5,RPP,10,3
448,1,2,Age>25,1,1
448,2,4,Age>25,2,1
448,3,3,Age>25,3,1
448,4,5,Age>25,4,1
448,5,3,Age>25,5,2
448,6,5,Age>25,6,2
448,7,2,Age>25,7,2
448,8,4,Age>25,8,2
448,9,3,Age>25,9,3
448,10,5,Age>25,10,3
449,1,2,RPP,1,1
449,2,3,RPP,2,1
449,3,4,RPP,3,1
449,4,5,RPP,4,1
449,5,3,RPP,5,2
449,6,5,RPP,6,2
449,7,2,RPP,7,2
449,8,3,RPP,8,3
449,9,4,RPP,9,2
449,10,5,RPP,10,3
450,1,2,RPP,1,1
450,2,3,RPP,2,1
450,3,4,RPP,3,1
450,4,5,RPP,4,1
450,5,3,RPP,5,2
450,6,5,RPP,6,2
450,7,2,RPP,7,2
450,8,3,RPP,8,3
450,9,4,RPP,9,2
450,10,5,RPP,10,3
451,1,2,RPP,1,1
451,2,3,RPP,2,1
451,3,4,RPP,3,1
451,4,5,RPP,4,1
451,5,3,RPP,5,2
451,6,5,RPP,6,2
451,7,2,RPP,7,2
451,8,3,RPP,8,3
451,9,4,RPP,9,2
451,10,5,RPP,10,3
452,1,2,RPP,1,1
452,2,3,RPP,2,1
452,3,5,RPP,3,1
452,4,4,RPP,4,1
452,5,3,RPP,5,2
452,6,5,RPP,6,2
452,7,2,RPP,7,2
452,8,3,RPP,8,3
452,9,5,RPP,9,3
452,10,4,RPP,10,2
453,1,2,RPP,1,1
453,2,3,RPP,2,1
453,3,5,RPP,3,1
453,4,4,RPP,4,1
453,5,3,RPP,5,2
453,6,5,RPP,6,2
453,7,2,RPP,7,2
453,8,3,RPP,8,3
453,9,5,RPP,9,3
453,10,4,RPP,10,2
454,1,2,RPP,1,1
454,2,3,RPP,2,1
454,3,5,RPP,3,1
454,4,4,RPP,4,1
454,5,3,RPP,5,2
454,6,5,RPP,6,2
454,7,2,RPP,7,2
454,8,3,RPP,8,3
454,9,5,RPP,9,3
454,10,4,RPP,10,2
455,1,2,RPP,1,1
455,2,3,RPP,2,1
455,3,4,RPP,3,1
455,4,5,RPP,4,1
455,5,3,RPP,5,2
455,6,5,RPP,6,2
455,7,2,RPP,7,2
455,8,3,RPP,8,3
455,9,4,RPP,9,2
455,10,5,RPP,10,3
456,1,2,RPP,1,1
456,2,3,RPP,2,1
456,3,4,RPP,3,1
456,4,5,RPP,4,1
456,5,3,RPP,5,2
456,6,5,RPP,6,2
456,7,2,RPP,7,2
456,8,3,RPP,8,3
456,9,4,RPP,9,2
456,10,5,RPP,10,3
457,1,2,RPP,1,1
457,2,3,RPP,2,1
457,3,4,RPP,3,1
457,4,5,RPP,4,1
457,5,3,RPP,5,2
457,6,5,RPP,6,2
457,7,2,RPP,7,2
457,8,3,RPP,8,3
457,9,4,RPP,9,2
457,10,5,RPP,10,3
458,1,2,RPP,1,1
458,2,4,RPP,2,1
458,3,3,RPP,3,1
458,4,5,RPP,4,1
458,5,3,RPP,5,2
458,6,5,RPP,6,2
458,7,2,RPP,7,2
458,8,4,RPP,8,2
458,9,3,RPP,9,3
458,10,5,RPP,10,3
459,1,2,RPP,1,1
459,2,3,RPP,2,1
459,3,4,RPP,3,1
459,4,5,RPP,4,1
459,5,3,RPP,5,2
459,6,5,RPP,6,2
459,7,2,RPP,7,2
459,8,3,RPP,8,3
459,9,4,RPP,9,2
459,10,5,RPP,10,3
460,1,2,RPP,1,1
460,2,3,RPP,2,1
460,3,4,RPP,3,1
460,4,5,RPP,4,1
460,5,3,RPP,5,2
460,6,5,RPP,6,2
460,7,2,RPP,7,2
460,8,3,RPP,8,3
460,9,4,RPP,9,2
460,10,5,RPP,10,3
461,1,2,RPP,1,1
461,2,3,RPP,2,1
461,3,4,RPP,3,1
461,4,5,RPP,4,1
461,5,3,RPP,5,2
461,6,5,RPP,6,2
461,7,2,RPP,7,2
461,8,3,RPP,8,3
461,9,4,RPP,9,2
461,10,5,RPP,10,3
463,1,2,RPP,1,1
463,2,3,RPP,2,1
463,3,5,RPP,3,1
463,4,4,RPP,4,1
463,5,3,RPP,5,2
463,6,5,RPP,6,2
463,7,2,RPP,7,2
463,8,3,RPP,8,3
463,9,5,RPP,9,3
463,10,4,RPP,10,2
464,1,2,RPP,1,1
464,2,3,RPP,2,1
464,3,5,RPP,3,1
464,4,4,RPP,4,1
464,5,3,RPP,5,2
464,6,5,RPP,6,2
464,7,2,RPP,7,2
464,8,3,RPP,8,3
464,9,5,RPP,9,3
464,10,4,RPP,10,2
465,1,2,RPP,1,1
465,2,3,RPP,2,1
465,3,4,RPP,3,1
465,4,5,RPP,4,1
465,5,3,RPP,5,2
465,6,5,RPP,6,2
465,7,2,RPP,7,2
465,8,3,RPP,8,3
465,9,4,RPP,9,2
465,10,5,RPP,10,3
466,1,2,RPP,1,1
466,2,3,RPP,2,1
466,3,4,RPP,3,1
466,4,5,RPP,4,1
466,5,3,RPP,5,2
466,6,5,RPP,6,2
466,7,2,RPP,7,2
466,8,3,RPP,8,3
466,9,4,RPP,9,2
466,10,5,RPP,10,3
467,1,2,RPP,1,1
467,2,3,RPP,2,1
467,3,4,RPP,3,1
467,4,5,RPP,4,1
467,5,3,RPP,5,2
467,6,5,RPP,6,2
467,7,2,RPP,7,2
467,8,3,RPP,8,3
467,9,4,RPP,9,2
467,10,5,RPP,10,3
468,1,2,RPP,1,1
468,2,4,RPP,2,1
468,3,3,RPP,3,1
468,4,5,RPP,4,1
468,5,3,RPP,5,2
468,6,5,RPP,6,2
468,7,2,RPP,7,2
468,8,4,RPP,8,2
468,9,3,RPP,9,3
468,10,5,RPP,10,3
469,1,2,RPP,1,1
469,2,3,RPP,2,1
469,3,4,RPP,3,1
469,4,5,RPP,4,1
469,5,3,RPP,5,2
469,6,5,RPP,6,2
469,7,2,RPP,7,2
469,8,3,RPP,8,3
469,9,4,RPP,9,2
469,10,5,RPP,10,3
