group,set_size,set_size_exposure,iteration,mean_accuracy,sd_accuracy,n_participants,sem_accuracy
All,1,1,1,0.32432432432432434,0.47457899787624946,37,0.07802030664724673
All,1,1,2,0.625,0.4902903378454601,40,0.07752170911825529
All,1,1,3,0.9,0.30382181012510007,40,0.04803844614152615
All,1,1,4,0.9743589743589743,0.16012815380508713,39,0.02564102564102564
All,1,1,5,1.0,0.0,40,0.0
All,1,1,6,1.0,0.0,40,0.0
All,1,1,7,1.0,0.0,40,0.0
All,1,1,8,1.0,0.0,38,0.0
All,1,1,9,1.0,0.0,40,0.0
All,1,2,1,0.3157894736842105,0.4710691208760756,38,0.07641750223933595
All,1,2,2,0.6666666666666666,0.47756693294091934,39,0.07647191129018727
All,1,2,3,0.9473684210526315,0.22629428592141426,38,0.036709780655942936
All,1,2,4,1.0,0.0,37,0.0
All,1,2,5,1.0,0.0,35,0.0
All,1,2,6,1.0,0.0,38,0.0
All,1,2,7,1.0,0.0,36,0.0
All,1,2,8,1.0,0.0,32,0.0
All,1,2,9,1.0,0.0,36,0.0
All,1,3,1,0.45,0.5038314736557788,40,0.07966275068156914
All,1,3,2,0.85,0.36162028533978946,40,0.05717718748968655
All,1,3,3,1.0,0.0,37,0.0
All,1,3,4,1.0,0.0,35,0.0
All,1,3,5,1.0,0.0,33,0.0
All,1,3,6,1.0,0.0,35,0.0
All,1,3,7,1.0,0.0,33,0.0
All,1,3,8,1.0,0.0,32,0.0
All,1,3,9,1.0,0.0,33,0.0
All,2,1,1,0.375,0.3152125859780576,40,0.049839485942115805
All,2,1,2,0.675,0.38480764425479264,40,0.060843430844447585
All,2,1,3,0.9375,0.1674660317642709,40,0.026478704554260105
All,2,1,4,0.95,0.18946618668626833,40,0.029957234475763896
All,2,1,5,0.925,0.18081014266989473,40,0.028588593744843276
All,2,1,6,0.9125,0.19240382212739632,40,0.030421715422223793
All,2,1,7,0.95,0.15191090506255,40,0.024019223070763072
All,2,1,8,0.925,0.18081014266989476,40,0.02858859374484328
All,2,1,9,0.95,0.15191090506255,40,0.024019223070763072
All,2,2,1,0.225,0.2985005261344845,40,0.047197077267179394
All,2,2,2,0.425,0.34990841292529307,40,0.05532537786493134
All,2,2,3,0.8974358974358975,0.20453693462265266,39,0.03275212172607717
All,2,2,4,0.975,0.11036071393157613,40,0.017449561011302822
All,2,2,5,1.0,0.0,38,0.0
All,2,2,6,1.0,0.0,39,0.0
All,2,2,7,1.0,0.0,40,0.0
All,2,2,8,1.0,0.0,39,0.0
All,2,2,9,1.0,0.0,39,0.0
All,2,3,1,0.35,0.3242347993787915,40,0.05126602313623643
All,2,3,2,0.7125,0.3736085295243315,40,0.059072695328157586
All,2,3,3,0.875,0.27151049467368427,40,0.04292957859039287
All,2,3,4,0.925,0.21333733970597016,40,0.0337315951715971
All,2,3,5,0.9375,0.16746603176427088,40,0.0264787045542601
All,2,3,6,0.875,0.2715104946736842,40,0.04292957859039286
All,2,3,7,1.0,0.0,40,0.0
All,2,3,8,0.95,0.15191090506254998,40,0.024019223070763065
All,2,3,9,0.925,0.21333733970597013,40,0.033731595171597094
All,2,4,1,0.375,0.3535533905932738,40,0.05590169943749474
All,2,4,2,0.6625,0.3077523979785347,40,0.04865992664953843
All,2,4,3,0.9375,0.20215188501565998,40,0.03196301949729742
All,2,4,4,0.8875,0.239858398397995,40,0.037924942742887324
All,2,4,5,0.9375,0.1674660317642709,40,0.026478704554260105
All,2,4,6,0.9625,0.17495420646264653,40,0.02766268893246567
All,2,4,7,0.9625,0.13337339141845928,40,0.021088184807174337
All,2,4,8,0.9625,0.13337339141845925,40,0.021088184807174334
All,2,4,9,0.95,0.15191090506255,40,0.024019223070763072
All,2,5,1,0.35,0.30382181012509996,40,0.04803844614152613
All,2,5,2,0.675,0.3499084129252932,40,0.05532537786493136
All,2,5,3,0.8875,0.2652405777828198,40,0.041938217684638214
All,2,5,4,0.95,0.15191090506254998,40,0.024019223070763065
All,2,5,5,0.975,0.11036071393157618,40,0.01744956101130283
All,2,5,6,0.9375,0.16746603176427094,40,0.02647870455426011
All,2,5,7,0.975,0.11036071393157619,40,0.01744956101130283
All,2,5,8,0.975,0.11036071393157611,40,0.017449561011302815
All,2,5,9,0.975,0.11036071393157612,40,0.01744956101130282
All,2,6,1,0.325,0.3310821417947284,40,0.05234868303390846
All,2,6,2,0.65,0.3038218101251,40,0.048038446141526144
All,2,6,3,0.9125,0.25032030762656154,40,0.039579115834697594
All,2,6,4,0.9625,0.13337339141845925,40,0.021088184807174334
All,2,6,5,0.95,0.15191090506255,40,0.024019223070763072
All,2,6,6,0.975,0.11036071393157611,40,0.017449561011302815
All,2,6,7,0.9875,0.07905694150420947,40,0.012499999999999997
All,2,6,8,0.95,0.15191090506255,40,0.024019223070763072
All,2,6,9,0.9625,0.13337339141845925,40,0.021088184807174334
All,3,1,1,0.3625,0.30636063325244256,40,0.04843986932446185
All,3,1,2,0.6416666666666666,0.3055749799575685,40,0.04831564663131095
All,3,1,3,0.85,0.2381074477943869,40,0.037648093143994914
All,3,1,4,0.9208333333333334,0.15091128693446532,40,0.023861169567005992
All,3,1,5,0.9666666666666666,0.1012739367083667,40,0.016012815380508718
All,3,1,6,0.9375,0.13963474942815363,40,0.02207819243499298
All,3,1,7,0.975,0.08891559427897287,40,0.014058789871449562
All,3,1,8,0.9583333333333334,0.11164402117618062,40,0.01765246970284007
All,3,1,9,0.975,0.08891559427897291,40,0.014058789871449569
All,3,2,1,0.38461538461538464,0.2680715355611961,39,0.0429258000771091
All,3,2,2,0.7307692307692307,0.25824244189215284,39,0.04135188545430793
All,3,2,3,0.8708333333333333,0.2279835426659033,40,0.036047363192921525
All,3,2,4,0.9,0.1879564718961157,40,0.029718527608057623
All,3,2,5,0.9416666666666667,0.18315842472299373,40,0.02895988973865774
All,3,2,6,0.9333333333333333,0.1546984936307524,40,0.02445997952351143
All,3,2,7,0.9583333333333334,0.11164402117618062,40,0.01765246970284007
All,3,2,8,0.9666666666666666,0.1263107911241789,40,0.019971489650509267
All,3,2,9,0.9166666666666666,0.14617633655117154,40,0.023112508176051212
All,3,3,1,0.3833333333333333,0.2422590734925292,40,0.03830452280392573
All,3,3,2,0.6416666666666666,0.2761920550668525,40,0.04366979828269513
All,3,3,3,0.9083333333333334,0.18470736075427294,40,0.029204798029094946
All,3,3,4,0.95,0.13712555853457373,40,0.021681454519599696
All,3,3,5,0.9666666666666666,0.1263107911241789,40,0.019971489650509267
All,3,3,6,0.9583333333333334,0.13476792334377333,40,0.02130867966486495
All,3,3,7,0.9458333333333334,0.13283829039855713,40,0.021003577907115847
All,3,3,8,0.975,0.08891559427897285,40,0.014058789871449559
All,3,3,9,0.9583333333333334,0.13476792334377335,40,0.021308679664864955
All,3,4,1,0.4,0.3220305943597653,40,0.05091750772173155
All,3,4,2,0.6583333333333333,0.3245641390262953,40,0.05131809630673188
All,3,4,3,0.9041666666666666,0.20633658503713376,40,0.03262467866691806
All,3,4,4,0.8791666666666667,0.18485190807840726,40,0.0292276529677923
All,3,4,5,0.9583333333333334,0.13476792334377335,40,0.021308679664864955
All,3,4,6,0.9583333333333334,0.11164402117618062,40,0.01765246970284007
All,3,4,7,0.925,0.14096735392208676,40,0.022288895706043216
All,3,4,8,0.9416666666666667,0.12826921475159755,40,0.020281143614815863
All,3,4,9,0.9583333333333334,0.17192557854608068,40,0.027183820812389743
All,4,1,1,0.3125,0.24514516892273006,40,0.038760854559127644
All,4,1,2,0.6604166666666667,0.22987942770515868,40,0.03634712893821576
All,4,1,3,0.7666666666666667,0.25262158224835785,40,0.03994297930101854
All,4,1,4,0.8479166666666667,0.2040259850217677,40,0.032259340726409215
All,4,1,5,0.88125,0.19601396470398316,40,0.030992529083221955
All,4,1,6,0.8833333333333334,0.18081014266989473,40,0.028588593744843276
All,4,1,7,0.9123931623931625,0.16878989451394444,39,0.02702801418947333
All,4,1,8,0.9487179487179487,0.15367737030236409,39,0.024608073588138286
All,4,1,9,0.9230769230769231,0.13020538120809969,39,0.02084954730834059
All,4,2,1,0.36666666666666664,0.2627110466217475,40,0.04153826369057028
All,4,2,2,0.5791666666666667,0.272786350762631,40,0.043131309150776176
All,4,2,3,0.8583333333333334,0.19720265943665385,40,0.031180478223116172
All,4,2,4,0.8479166666666667,0.2040259850217677,40,0.032259340726409215
All,4,2,5,0.90625,0.17620919240260843,40,0.027861119632554016
All,4,2,6,0.90625,0.14640455891738777,40,0.02314859330056303
All,4,2,7,0.94375,0.14419871438667278,40,0.0227998186564988
All,4,2,8,0.925,0.15191090506254998,40,0.024019223070763065
All,4,2,9,0.94375,0.10572551544156507,40,0.01671667177953241
All,4,3,1,0.39791666666666664,0.22683840590420837,40,0.03586630117295425
All,4,3,2,0.6041666666666667,0.2246792585682293,40,0.03552491000367532
All,4,3,3,0.81875,0.2333390567063632,40,0.03689414431336475
All,4,3,4,0.8895833333333334,0.18040345335637561,40,0.02852429051830474
All,4,3,5,0.9125,0.13337339141845922,40,0.02108818480717433
All,4,3,6,0.9375,0.13575524733684213,40,0.021464789295196435
All,4,3,7,0.94375,0.13262028889140992,40,0.020969108842319114
All,4,3,8,0.90625,0.21696847815482442,40,0.034305728571486616
All,4,3,9,0.95,0.11602387022306426,40,0.018344984642633566
All,5,1,1,0.32999999999999996,0.22781008734785185,40,0.03601993749905595
All,5,1,2,0.5475,0.19873352571977948,40,0.031422529435507836
All,5,1,3,0.6912499999999999,0.22951663254628113,40,0.03628976598690898
All,5,1,4,0.7825,0.22830198175179042,40,0.03609771283329279
All,5,1,5,0.8,0.20847431127488694,40,0.03296268286317819
All,5,1,6,0.82125,0.202828555871512,40,0.032070010553834814
All,5,1,7,0.81125,0.18793326011222775,40,0.029714857502775548
All,5,1,8,0.9099999999999999,0.1629849764981502,40,0.02577018750615843
All,5,1,9,0.8887499999999999,0.15749949124866955,40,0.024902856133177644
All,5,2,1,0.32625000000000004,0.23615170591195866,40,0.03733886320080199
All,5,2,2,0.55125,0.2313526279546841,40,0.036580062350117196
All,5,2,3,0.7225,0.23586991199518303,40,0.03729430767041245
All,5,2,4,0.8025,0.21778311959260568,40,0.03443453469247377
All,5,2,5,0.85125,0.21705709398976586,40,0.03431973996524524
All,5,2,6,0.85625,0.18158402025028636,40,0.028710954534052157
All,5,2,7,0.8920833333333335,0.2026177509288192,40,0.032036679365788294
All,5,2,8,0.9324999999999999,0.12276201701060803,40,0.019410379195492815
All,5,2,9,0.91625,0.15705115122966817,40,0.024831967351865266
All,5,3,1,0.31,0.18646509262923924,40,0.02948271984113354
All,5,3,2,0.5675,0.22088110271922662,40,0.03492436883411837
All,5,3,3,0.7262500000000001,0.22954456022351116,40,0.03629418174039922
All,5,3,4,0.845,0.20655911179772893,40,0.032659863237109045
All,5,3,5,0.8675,0.21884018287559906,40,0.03460167107273348
All,5,3,6,0.8808333333333334,0.16957085098646377,40,0.026811505694511777
All,5,3,7,0.8699999999999999,0.17643187106700742,40,0.027896328220845267
All,5,3,8,0.93,0.13243285671789132,40,0.02093947321356338
All,5,3,9,0.93,0.11591331863033444,40,0.01832750490103429
All,6,1,1,0.38666666666666666,0.22043727586910658,40,0.03485419364746249
All,6,1,2,0.55,0.19996438429319102,40,0.03161714526398413
All,6,1,3,0.5416666666666667,0.22516217643735306,40,0.03560126602313663
All,6,1,4,0.6258333333333334,0.21330228139394866,40,0.03372605196575166
All,6,1,5,0.6741666666666667,0.24604999144604392,40,0.038903919561722275
All,6,1,6,0.7533333333333333,0.1785985327415539,40,0.028238907511373337
All,6,1,7,0.7625,0.25283999422176606,40,0.03997751326622964
All,6,1,8,0.7875,0.1600725440955424,40,0.025309691509982576
All,6,1,9,0.825,0.1529854842936362,40,0.02418912896559031
All,6,2,1,0.3416666666666667,0.17009298613295004,40,0.02689406250997789
All,6,2,2,0.585,0.20084578994599647,40,0.03175650773425477
All,6,2,3,0.6666666666666667,0.23594388245834155,40,0.03730600342757037
All,6,2,4,0.7641666666666667,0.18511373265399306,40,0.029269051068105203
All,6,2,5,0.7633333333333333,0.23640228401189334,40,0.03737848307717954
All,6,2,6,0.7958333333333333,0.20271483626835216,40,0.03205202990580504
All,6,2,7,0.8604166666666666,0.17335665112717333,40,0.027410093255053183
All,6,2,8,0.8833333333333334,0.15191090506255,40,0.024019223070763072
All,6,2,9,0.8854166666666666,0.18168205455099012,40,0.028726455118004444
All,6,3,1,0.35083333333333333,0.20850676541798646,40,0.03296781431376337
All,6,3,2,0.5391666666666667,0.19898424396099645,40,0.03146217147016769
All,6,3,3,0.6325000000000001,0.2211711253004485,40,0.034970225430595483
All,6,3,4,0.7841666666666667,0.18976481170302298,40,0.030004451236726428
All,6,3,5,0.79125,0.1862429371115362,40,0.029447593969597764
All,6,3,6,0.8474999999999999,0.21093841339361177,40,0.033352291617299044
All,6,3,7,0.85,0.19141101493429433,40,0.03026473882184375
All,6,3,8,0.89,0.1589136912086597,40,0.025126460780202035
All,6,3,9,0.9183333333333333,0.1500142443379078,40,0.02371933467884033
