subject,block,set_size,group,block_order,set_size_exposure,experiment_third,accuracy_iter1_9,n_trials_iter1_9,iteration2_accuracy,n_iteration2,positive_retention,n_positive,negative_avoidance,n_negative,correct_after_error,n_correct_after_error,mean_chosen_error,mean_unchosen_error,error_avoidance_D,n_error_trials
2,1,3,All,1,1,First,0.9629629629629629,27,1.0,3,1.0,2.0,1.0,1.0,1.0,1.0,,,,
2,2,6,All,2,1,First,0.7,50,0.5,6,1.0,3.0,0.6666666666666666,3.0,0.0,3.0,1.4,1.4,0.0,15.0
2,3,1,All,3,1,First,0.7777777777777778,9,0.0,1,,0.0,1.0,1.0,0.0,1.0,0.0,1.0,1.0,1.0
2,4,2,All,4,1,First,0.7777777777777778,18,0.5,2,,0.0,1.0,2.0,0.5,2.0,0.0,1.0,1.0,2.0
2,5,4,All,5,1,First,0.8611111111111112,36,0.75,4,1.0,1.0,1.0,3.0,0.6666666666666666,3.0,0.5,1.0,0.5,2.0
2,6,5,All,6,1,First,0.8,45,0.6,5,1.0,1.0,0.75,4.0,0.5,4.0,0.4,1.0,0.6,5.0
2,7,4,All,7,2,Middle,0.9166666666666666,36,0.75,4,1.0,3.0,1.0,1.0,0.0,1.0,0.5,1.0,0.5,2.0
2,8,1,All,8,2,Middle,0.8888888888888888,9,1.0,1,,0.0,1.0,1.0,1.0,1.0,,,,
2,9,2,All,9,2,Middle,0.8333333333333334,18,0.5,2,,0.0,1.0,2.0,0.5,2.0,0.5,1.0,0.5,2.0
2,10,5,All,10,2,Middle,0.9111111111111111,45,0.8,5,1.0,3.0,1.0,2.0,0.5,2.0,0.3333333333333333,0.6666666666666666,0.3333333333333333,3.0
2,11,3,All,11,2,Middle,0.8888888888888888,27,0.6666666666666666,3,1.0,1.0,1.0,2.0,0.5,2.0,0.0,1.0,1.0,1.0
2,12,6,All,12,2,Middle,0.7777777777777778,54,0.3333333333333333,6,0.5,2.0,0.75,4.0,0.25,4.0,0.5555555555555556,1.0,0.4444444444444444,9.0
2,13,2,All,13,3,Final,0.8888888888888888,18,1.0,2,,0.0,1.0,2.0,1.0,2.0,,,,
2,14,3,All,14,3,Final,0.8518518518518519,27,0.6666666666666666,3,1.0,1.0,1.0,2.0,0.5,2.0,0.0,0.5,0.5,2.0
2,15,5,All,15,3,Final,0.7777777777777778,45,0.6,5,0.0,1.0,1.0,4.0,0.75,4.0,0.7142857142857143,1.1428571428571428,0.42857142857142855,7.0
2,16,4,All,16,3,Final,0.8611111111111112,36,0.5,4,1.0,1.0,1.0,3.0,0.3333333333333333,3.0,0.0,1.0,1.0,3.0
2,17,1,All,17,3,Final,0.7777777777777778,9,0.0,1,,0.0,1.0,1.0,0.0,1.0,0.0,1.0,1.0,1.0
2,18,6,All,18,3,Final,0.8148148148148148,54,0.3333333333333333,6,1.0,1.0,0.8,5.0,0.2,5.0,0.2,0.8,0.6,5.0
3,1,1,All,1,1,First,0.7777777777777778,9,0.0,1,,0.0,1.0,1.0,0.0,1.0,0.0,1.0,1.0,1.0
3,2,3,All,2,1,First,0.8888888888888888,27,0.3333333333333333,3,0.5,2.0,1.0,1.0,0.0,1.0,0.0,0.5,0.5,2.0
3,3,4,All,3,1,First,0.9166666666666666,36,0.75,4,1.0,2.0,1.0,2.0,0.5,2.0,0.0,1.0,1.0,1.0
3,4,6,All,4,1,First,0.58,50,0.2,5,,0.0,1.0,5.0,0.2,5.0,1.2352941176470589,1.5294117647058822,0.29411764705882354,17.0
3,5,5,All,5,1,First,0.6585365853658537,41,0.4,5,1.0,2.0,0.5,2.0,0.0,2.0,0.9166666666666666,1.4166666666666667,0.5,12.0
3,6,2,All,6,1,First,0.8888888888888888,18,1.0,2,,0.0,1.0,2.0,1.0,2.0,,,,
3,7,2,All,7,2,Middle,0.8333333333333334,18,0.5,2,,0.0,1.0,2.0,0.5,2.0,0.0,1.0,1.0,1.0
3,8,4,All,8,2,Middle,0.8285714285714286,35,0.6666666666666666,3,1.0,1.0,1.0,2.0,0.5,2.0,0.0,1.0,1.0,3.0
3,9,3,All,9,2,Middle,0.8518518518518519,27,0.3333333333333333,3,1.0,1.0,1.0,2.0,0.0,2.0,0.0,1.0,1.0,2.0
3,10,1,All,10,2,Middle,0.8888888888888888,9,1.0,1,,0.0,1.0,1.0,1.0,1.0,,,,
3,11,6,All,11,2,Middle,0.9444444444444444,54,1.0,6,1.0,4.0,1.0,2.0,1.0,2.0,0.0,0.0,0.0,1.0
3,12,5,All,12,2,Middle,0.8444444444444444,45,0.6,5,1.0,1.0,1.0,4.0,0.5,4.0,0.25,0.75,0.5,4.0
3,13,5,All,13,3,Final,0.8863636363636364,44,0.6,5,1.0,2.0,1.0,3.0,0.3333333333333333,3.0,0.0,1.0,1.0,2.0
3,14,2,All,14,3,Final,0.7222222222222222,18,0.5,2,,0.0,1.0,2.0,0.5,2.0,1.0,1.0,0.0,3.0
3,15,1,All,15,3,Final,0.7777777777777778,9,0.0,1,,0.0,1.0,1.0,0.0,1.0,0.0,1.0,1.0,1.0
3,16,3,All,16,3,Final,0.9259259259259259,27,0.6666666666666666,3,1.0,2.0,1.0,1.0,0.0,1.0,0.0,1.0,1.0,1.0
3,17,6,All,17,3,Final,0.9056603773584906,53,1.0,6,1.0,2.0,1.0,4.0,1.0,4.0,0.0,1.0,1.0,1.0
3,18,4,All,18,3,Final,0.8857142857142857,35,0.75,4,1.0,1.0,1.0,3.0,0.6666666666666666,3.0,0.0,1.0,1.0,1.0
4,1,6,All,1,1,First,0.46153846153846156,52,0.6666666666666666,6,1.0,1.0,1.0,5.0,0.6,5.0,2.0,2.142857142857143,0.14285714285714285,28.0
4,2,2,All,2,1,First,1.0,18,1.0,2,1.0,2.0,,0.0,,0.0,,,,
4,3,3,All,3,1,First,0.8846153846153846,26,0.6666666666666666,3,1.0,1.0,1.0,2.0,0.5,2.0,0.0,0.5,0.5,2.0
4,4,5,All,4,1,First,0.8409090909090909,44,0.4,5,1.0,2.0,1.0,3.0,0.0,3.0,0.4,1.0,0.6,5.0
4,5,1,All,5,1,First,0.8888888888888888,9,1.0,1,,0.0,1.0,1.0,1.0,1.0,,,,
4,6,4,All,6,1,First,0.8055555555555556,36,0.5,4,0.6666666666666666,3.0,0.0,1.0,0.0,1.0,0.3333333333333333,0.8333333333333334,0.5,6.0
4,7,1,All,7,2,Middle,1.0,9,1.0,1,1.0,1.0,,0.0,,0.0,,,,
4,8,5,All,8,2,Middle,0.7857142857142857,42,0.6,5,1.0,1.0,0.6666666666666666,3.0,0.6666666666666666,3.0,0.6666666666666666,0.8333333333333334,0.16666666666666666,6.0
4,9,4,All,9,2,Middle,0.6470588235294118,34,0.25,4,,0.0,0.25,4.0,0.25,4.0,0.75,1.125,0.375,8.0
4,10,6,All,10,2,Middle,0.7551020408163265,49,0.2,5,1.0,1.0,0.3333333333333333,3.0,0.0,3.0,0.8,0.5,-0.3,10.0
4,11,2,All,11,2,Middle,0.7777777777777778,18,0.0,2,,0.0,1.0,2.0,0.0,2.0,0.0,1.0,1.0,2.0
4,12,3,All,12,2,Middle,1.0,25,1.0,3,1.0,3.0,,0.0,,0.0,,,,
4,13,3,All,13,3,Final,0.88,25,0.6666666666666666,3,0.5,2.0,1.0,1.0,1.0,1.0,0.0,0.5,0.5,2.0
4,14,4,All,14,3,Final,0.6060606060606061,33,0.25,4,,0.0,1.0,3.0,0.3333333333333333,3.0,0.7272727272727273,0.9090909090909091,0.18181818181818182,11.0
4,15,2,All,15,3,Final,0.8235294117647058,17,0.5,2,,0.0,1.0,2.0,0.5,2.0,0.0,1.0,1.0,1.0
4,16,6,All,16,3,Final,0.8666666666666667,45,0.8,5,1.0,2.0,1.0,3.0,0.6666666666666666,3.0,0.0,0.6666666666666666,0.6666666666666666,3.0
4,17,5,All,17,3,Final,0.7692307692307693,39,0.4,5,0.5,2.0,0.3333333333333333,3.0,0.3333333333333333,3.0,0.5,0.5,0.0,8.0
4,18,1,All,18,3,Final,0.7777777777777778,9,0.0,1,,0.0,1.0,1.0,0.0,1.0,0.0,1.0,1.0,1.0
5,1,2,All,1,1,First,0.8888888888888888,18,1.0,2,1.0,2.0,,0.0,,0.0,0.5,0.0,-0.5,2.0
5,2,5,All,2,1,First,0.6666666666666666,45,0.4,5,1.0,1.0,0.5,4.0,0.25,4.0,1.0,0.6666666666666666,-0.3333333333333333,12.0
5,3,6,All,3,1,First,0.8518518518518519,54,0.6666666666666666,6,0.6666666666666666,3.0,0.6666666666666666,3.0,0.6666666666666666,3.0,0.7142857142857143,0.42857142857142855,-0.2857142857142857,7.0
5,4,4,All,4,1,First,0.6857142857142857,35,0.25,4,1.0,1.0,1.0,3.0,0.0,3.0,1.0,1.4444444444444444,0.4444444444444444,9.0
5,5,3,All,5,1,First,0.9259259259259259,27,1.0,3,1.0,3.0,,0.0,,0.0,0.0,0.0,0.0,2.0
5,6,1,All,6,1,First,0.7777777777777778,9,0.0,1,,0.0,1.0,1.0,0.0,1.0,0.0,1.0,1.0,1.0
5,7,5,All,7,2,Middle,0.5681818181818182,44,0.2,5,1.0,1.0,0.3333333333333333,3.0,0.0,3.0,1.2941176470588236,1.1176470588235294,-0.17647058823529413,17.0
5,8,6,All,8,2,Middle,0.5370370370370371,54,0.16666666666666666,6,0.5,2.0,0.5,4.0,0.0,4.0,1.5454545454545454,0.7272727272727273,-0.8181818181818182,22.0
5,9,1,All,9,2,Middle,1.0,9,1.0,1,1.0,1.0,,0.0,,0.0,,,,
5,10,3,All,10,2,Middle,0.8888888888888888,27,0.6666666666666666,3,0.5,2.0,1.0,1.0,1.0,1.0,0.0,0.5,0.5,2.0
5,11,4,All,11,2,Middle,0.75,36,0.75,4,1.0,1.0,0.6666666666666666,3.0,0.6666666666666666,3.0,0.8333333333333334,0.8333333333333334,0.0,6.0
5,12,2,All,12,2,Middle,0.8888888888888888,18,0.5,2,1.0,1.0,1.0,1.0,0.0,1.0,0.0,0.5,0.5,2.0
5,13,4,All,13,3,Final,0.8611111111111112,36,0.75,4,1.0,1.0,1.0,3.0,0.6666666666666666,3.0,0.0,1.0,1.0,2.0
5,14,6,All,14,3,Final,0.7037037037037037,54,0.6666666666666666,6,1.0,1.0,0.8,5.0,0.6,5.0,1.5333333333333334,1.1333333333333333,-0.4,15.0
5,15,3,All,15,3,Final,0.5925925925925926,27,0.3333333333333333,3,1.0,1.0,0.0,2.0,0.0,2.0,1.1,0.8,-0.3,10.0
5,16,1,All,16,3,Final,0.8888888888888888,9,1.0,1,,0.0,1.0,1.0,1.0,1.0,,,,
5,17,2,All,17,3,Final,0.7777777777777778,18,0.5,2,,0.0,1.0,2.0,0.5,2.0,0.5,1.0,0.5,2.0
5,18,5,All,18,3,Final,0.8666666666666667,45,1.0,5,1.0,4.0,1.0,1.0,1.0,1.0,1.2,0.8,-0.4,5.0
6,1,5,All,1,1,First,0.4883720930232558,43,0.5,4,,0.0,0.75,4.0,0.5,4.0,2.0833333333333335,1.8333333333333333,-0.25,24.0
6,2,4,All,2,1,First,0.6944444444444444,36,0.5,4,1.0,1.0,1.0,3.0,0.3333333333333333,3.0,1.0,0.625,-0.375,8.0
6,3,2,All,3,1,First,0.9444444444444444,18,1.0,2,1.0,2.0,,0.0,,0.0,0.0,0.0,0.0,1.0
6,4,1,All,4,1,First,1.0,9,1.0,1,1.0,1.0,,0.0,,0.0,,,,
6,5,6,All,5,1,First,0.7735849056603774,53,0.6666666666666666,6,1.0,3.0,1.0,3.0,0.3333333333333333,3.0,1.0909090909090908,0.6363636363636364,-0.45454545454545453,11.0
6,6,3,All,6,1,First,0.8888888888888888,27,1.0,3,1.0,3.0,,0.0,,0.0,0.3333333333333333,0.0,-0.3333333333333333,3.0
6,7,6,All,7,2,Middle,0.8113207547169812,53,0.6666666666666666,6,1.0,2.0,1.0,3.0,0.6666666666666666,3.0,0.375,0.625,0.25,8.0
6,8,3,All,8,2,Middle,0.7307692307692307,26,0.3333333333333333,3,1.0,1.0,1.0,2.0,0.0,2.0,0.3333333333333333,1.0,0.6666666666666666,6.0
6,9,5,All,9,2,Middle,0.8837209302325582,43,0.8,5,1.0,3.0,1.0,2.0,0.5,2.0,0.0,0.3333333333333333,0.3333333333333333,3.0
6,10,2,All,10,2,Middle,0.8235294117647058,17,0.5,2,,0.0,1.0,2.0,0.5,2.0,0.0,1.0,1.0,1.0
6,11,1,All,11,2,Middle,0.8888888888888888,9,1.0,1,,0.0,1.0,1.0,1.0,1.0,,,,
6,12,4,All,12,2,Middle,0.75,36,0.75,4,1.0,2.0,1.0,2.0,0.5,2.0,1.0,0.8888888888888888,-0.1111111111111111,9.0
6,13,6,All,13,3,Final,0.7169811320754716,53,0.8333333333333334,6,1.0,3.0,1.0,3.0,0.6666666666666666,3.0,1.3333333333333333,0.6666666666666666,-0.6666666666666666,15.0
6,14,1,All,14,3,Final,0.75,8,0.0,1,,0.0,1.0,1.0,0.0,1.0,0.0,1.0,1.0,1.0
6,15,4,All,15,3,Final,0.75,36,0.5,4,1.0,2.0,0.0,2.0,0.0,2.0,1.6666666666666667,1.3333333333333333,-0.3333333333333333,9.0
6,16,5,All,16,3,Final,0.6888888888888889,45,0.4,5,0.5,2.0,0.6666666666666666,3.0,0.3333333333333333,3.0,1.3076923076923077,0.6153846153846154,-0.6923076923076923,13.0
6,17,3,All,17,3,Final,0.8846153846153846,26,1.0,3,1.0,2.0,1.0,1.0,1.0,1.0,0.3333333333333333,0.6666666666666666,0.3333333333333333,3.0
6,18,2,All,18,3,Final,0.8333333333333334,18,1.0,2,1.0,1.0,1.0,1.0,1.0,1.0,0.6666666666666666,1.3333333333333333,0.6666666666666666,3.0
7,1,4,All,1,1,First,0.75,36,0.5,4,1.0,1.0,0.3333333333333333,3.0,0.3333333333333333,3.0,0.6666666666666666,0.8333333333333334,0.16666666666666666,6.0
7,2,1,All,2,1,First,0.7777777777777778,9,0.0,1,,0.0,1.0,1.0,0.0,1.0,0.0,1.0,1.0,1.0
7,3,5,All,3,1,First,0.8222222222222222,45,0.8,5,1.0,2.0,0.6666666666666666,3.0,0.6666666666666666,3.0,0.8333333333333334,0.3333333333333333,-0.5,6.0
7,4,3,All,4,1,First,0.9629629629629629,27,1.0,3,1.0,3.0,,0.0,,0.0,0.0,0.0,0.0,1.0
7,5,2,All,5,1,First,0.8333333333333334,18,0.5,2,,0.0,1.0,2.0,0.5,2.0,0.0,1.0,1.0,1.0
7,6,6,All,6,1,First,0.8148148148148148,54,0.6666666666666666,6,1.0,2.0,0.75,4.0,0.5,4.0,0.625,0.875,0.25,8.0
7,7,1,All,7,2,Middle,0.7777777777777778,9,0.0,1,,0.0,1.0,1.0,0.0,1.0,0.0,1.0,1.0,1.0
7,8,5,All,8,2,Middle,0.6222222222222222,45,0.2,5,,0.0,0.6,5.0,0.2,5.0,1.6428571428571428,0.9285714285714286,-0.7142857142857143,14.0
7,9,6,All,9,2,Middle,0.8888888888888888,54,0.5,6,0.75,4.0,0.5,2.0,0.0,2.0,0.4,0.6,0.2,5.0
7,10,2,All,10,2,Middle,0.8888888888888888,18,1.0,2,1.0,2.0,,0.0,,0.0,0.0,0.0,0.0,2.0
7,11,4,All,11,2,Middle,0.7352941176470589,34,0.25,4,,0.0,1.0,4.0,0.25,4.0,0.3333333333333333,1.1666666666666667,0.8333333333333334,6.0
7,12,3,All,12,2,Middle,0.9259259259259259,27,0.6666666666666666,3,1.0,2.0,1.0,1.0,0.0,1.0,0.5,1.0,0.5,2.0
7,13,3,All,13,3,Final,0.8148148148148148,27,0.3333333333333333,3,0.0,1.0,1.0,2.0,0.5,2.0,0.75,0.25,-0.5,4.0
7,14,2,All,14,3,Final,0.8333333333333334,18,0.5,2,,0.0,1.0,2.0,0.5,2.0,0.5,1.0,0.5,2.0
7,15,6,All,15,3,Final,0.8888888888888888,54,0.6666666666666666,6,1.0,2.0,1.0,4.0,0.5,4.0,0.0,1.0,1.0,2.0
7,16,4,All,16,3,Final,0.75,36,0.5,4,1.0,1.0,0.6666666666666666,3.0,0.3333333333333333,3.0,0.7142857142857143,1.1428571428571428,0.42857142857142855,7.0
7,17,5,All,17,3,Final,0.9333333333333333,45,1.0,5,1.0,3.0,1.0,2.0,1.0,2.0,0.0,1.0,1.0,1.0
7,18,1,All,18,3,Final,0.8888888888888888,9,1.0,1,,0.0,1.0,1.0,1.0,1.0,,,,
8,1,1,All,1,1,First,1.0,8,1.0,1,1.0,1.0,,0.0,,0.0,,,,
8,2,3,All,2,1,First,0.8461538461538461,26,0.6666666666666666,3,1.0,2.0,0.0,1.0,0.0,1.0,1.0,0.0,-1.0,3.0
8,3,4,All,3,1,First,0.8823529411764706,34,0.75,4,1.0,3.0,1.0,1.0,0.0,1.0,0.3333333333333333,0.6666666666666666,0.3333333333333333,3.0
8,4,6,All,4,1,First,0.6304347826086957,46,0.5,6,1.0,2.0,0.0,2.0,0.0,2.0,1.6470588235294117,1.2352941176470589,-0.4117647058823529,17.0
8,5,5,All,5,1,First,0.5675675675675675,37,0.4,5,1.0,1.0,1.0,1.0,0.0,1.0,1.588235294117647,1.0,-0.5882352941176471,17.0
8,6,2,All,6,1,First,1.0,8,1.0,2,1.0,1.0,,0.0,,0.0,,,,
8,7,5,All,7,2,Middle,0.7906976744186046,43,1.0,4,1.0,3.0,1.0,1.0,1.0,1.0,1.5,0.0,-1.5,8.0
8,8,2,All,8,2,Middle,0.8888888888888888,18,1.0,2,1.0,1.0,1.0,1.0,1.0,1.0,0.0,0.0,0.0,1.0
8,9,1,All,9,2,Middle,0.7777777777777778,9,0.0,1,,0.0,1.0,1.0,0.0,1.0,0.0,1.0,1.0,1.0
8,10,3,All,10,2,Middle,1.0,23,1.0,2,1.0,2.0,,0.0,,0.0,,,,
8,11,6,All,11,2,Middle,0.6923076923076923,52,0.6666666666666666,6,0.75,4.0,0.5,2.0,0.5,2.0,1.25,0.6875,-0.5625,16.0
8,12,4,All,12,2,Middle,0.7941176470588235,34,0.75,4,0.5,2.0,1.0,1.0,1.0,1.0,0.6666666666666666,0.0,-0.6666666666666666,6.0
8,13,2,All,13,3,Final,0.8333333333333334,18,0.5,2,,0.0,0.5,2.0,0.5,2.0,1.0,0.0,-1.0,1.0
8,14,4,All,14,3,Final,0.75,36,0.5,4,1.0,1.0,0.6666666666666666,3.0,0.3333333333333333,3.0,0.8571428571428571,1.1428571428571428,0.2857142857142857,7.0
8,15,3,All,15,3,Final,0.9259259259259259,27,1.0,3,1.0,3.0,,0.0,,0.0,0.0,0.0,0.0,2.0
8,16,1,All,16,3,Final,0.7777777777777778,9,0.0,1,,0.0,1.0,1.0,0.0,1.0,0.0,1.0,1.0,1.0
8,17,6,All,17,3,Final,0.7547169811320755,53,1.0,5,1.0,2.0,1.0,3.0,1.0,3.0,2.727272727272727,0.18181818181818182,-2.5454545454545454,11.0
8,18,5,All,18,3,Final,0.813953488372093,43,0.6,5,1.0,3.0,0.0,1.0,0.0,1.0,1.7142857142857142,0.0,-1.7142857142857142,7.0
9,1,3,All,1,1,First,0.9629629629629629,27,1.0,3,1.0,2.0,1.0,1.0,1.0,1.0,,,,
9,2,6,All,2,1,First,0.8653846153846154,52,0.6666666666666666,6,1.0,3.0,1.0,2.0,0.5,2.0,0.4,0.8,0.4,5.0
9,3,1,All,3,1,First,0.8888888888888888,9,1.0,1,,0.0,1.0,1.0,1.0,1.0,,,,
9,4,2,All,4,1,First,0.9444444444444444,18,1.0,2,1.0,1.0,1.0,1.0,1.0,1.0,,,,
9,5,4,All,5,1,First,0.9142857142857143,35,0.75,4,1.0,3.0,1.0,1.0,0.0,1.0,0.5,1.0,0.5,2.0
9,6,5,All,6,1,First,0.8222222222222222,45,0.4,5,1.0,1.0,1.0,4.0,0.25,4.0,0.25,1.0,0.75,4.0
9,7,2,All,7,2,Middle,0.8888888888888888,18,0.5,2,1.0,1.0,1.0,1.0,0.0,1.0,0.0,1.0,1.0,1.0
9,8,3,All,8,2,Middle,0.8888888888888888,27,0.6666666666666666,3,1.0,1.0,0.5,2.0,0.5,2.0,1.0,0.0,-1.0,1.0
9,9,5,All,9,2,Middle,0.8636363636363636,44,0.6,5,1.0,2.0,1.0,3.0,0.3333333333333333,3.0,0.4,1.0,0.6,5.0
9,10,4,All,10,2,Middle,0.8,35,0.5,4,1.0,1.0,0.6666666666666666,3.0,0.3333333333333333,3.0,0.5,1.25,0.75,4.0
9,11,1,All,11,2,Middle,1.0,9,1.0,1,1.0,1.0,,0.0,,0.0,,,,
9,12,6,All,12,2,Middle,0.8867924528301887,53,1.0,5,1.0,3.0,1.0,2.0,1.0,2.0,0.6666666666666666,0.6666666666666666,0.0,3.0
9,13,4,All,13,3,Final,0.8611111111111112,36,0.5,4,1.0,1.0,0.6666666666666666,3.0,0.3333333333333333,3.0,0.5,0.5,0.0,2.0
9,14,1,All,14,3,Final,0.8888888888888888,9,1.0,1,,0.0,1.0,1.0,1.0,1.0,,,,
9,15,2,All,15,3,Final,0.9444444444444444,18,1.0,2,1.0,2.0,,0.0,,0.0,0.5,0.0,-0.5,2.0
9,16,5,All,16,3,Final,0.7272727272727273,44,0.5,4,1.0,1.0,1.0,3.0,0.3333333333333333,3.0,0.75,0.875,0.125,8.0
9,17,3,All,17,3,Final,0.8148148148148148,27,0.3333333333333333,3,1.0,1.0,0.5,2.0,0.0,2.0,0.3333333333333333,1.0,0.6666666666666666,3.0
9,18,6,All,18,3,Final,0.6666666666666666,54,0.3333333333333333,6,1.0,1.0,0.8,5.0,0.2,5.0,1.0769230769230769,1.0769230769230769,0.0,13.0
10,1,6,All,1,1,First,0.46296296296296297,54,0.16666666666666666,6,,0.0,0.6666666666666666,6.0,0.16666666666666666,6.0,1.6521739130434783,1.434782608695652,-0.21739130434782608,23.0
10,2,2,All,2,1,First,0.8888888888888888,18,0.5,2,1.0,1.0,1.0,1.0,0.0,1.0,0.0,1.0,1.0,1.0
10,3,3,All,3,1,First,0.8518518518518519,27,0.6666666666666666,3,1.0,1.0,1.0,2.0,0.5,2.0,0.5,1.0,0.5,2.0
10,4,5,All,4,1,First,0.9555555555555556,45,1.0,5,1.0,4.0,1.0,1.0,1.0,1.0,0.0,0.0,0.0,1.0
10,5,1,All,5,1,First,0.8888888888888888,9,1.0,1,,0.0,1.0,1.0,1.0,1.0,,,,
10,6,4,All,6,1,First,0.8055555555555556,36,0.75,4,1.0,1.0,0.6666666666666666,3.0,0.6666666666666666,3.0,1.0,1.5,0.5,4.0
10,7,3,All,7,2,Middle,0.9629629629629629,27,1.0,3,1.0,2.0,1.0,1.0,1.0,1.0,,,,
10,8,4,All,8,2,Middle,1.0,35,1.0,4,1.0,4.0,,0.0,,0.0,,,,
10,9,2,All,9,2,Middle,0.8888888888888888,18,1.0,2,,0.0,1.0,2.0,1.0,2.0,,,,
10,10,6,All,10,2,Middle,0.8888888888888888,54,0.8333333333333334,6,1.0,3.0,1.0,3.0,0.6666666666666666,3.0,1.0,1.0,0.0,3.0
10,11,5,All,11,2,Middle,0.9333333333333333,45,1.0,5,1.0,3.0,1.0,2.0,1.0,2.0,0.5,0.0,-0.5,2.0
10,12,1,All,12,2,Middle,1.0,9,1.0,1,1.0,1.0,,0.0,,0.0,,,,
10,13,1,All,13,3,Final,1.0,9,1.0,1,1.0,1.0,,0.0,,0.0,,,,
10,14,5,All,14,3,Final,0.8888888888888888,45,1.0,5,1.0,2.0,1.0,3.0,1.0,3.0,1.0,0.0,-1.0,2.0
10,15,4,All,15,3,Final,0.9714285714285714,35,1.0,4,1.0,3.0,1.0,1.0,1.0,1.0,,,,
10,16,6,All,16,3,Final,0.9622641509433962,53,1.0,6,1.0,4.0,1.0,2.0,1.0,2.0,,,,
10,17,2,All,17,3,Final,1.0,18,1.0,2,1.0,2.0,,0.0,,0.0,,,,
10,18,3,All,18,3,Final,1.0,27,1.0,3,1.0,3.0,,0.0,,0.0,,,,
11,1,2,All,1,1,First,0.9444444444444444,18,1.0,2,1.0,2.0,,0.0,,0.0,0.0,0.0,0.0,1.0
11,2,5,All,2,1,First,0.8,45,0.6,5,1.0,2.0,1.0,3.0,0.3333333333333333,3.0,1.0,0.6666666666666666,-0.3333333333333333,6.0
11,3,6,All,3,1,First,0.9629629629629629,54,1.0,6,1.0,4.0,1.0,2.0,1.0,2.0,,,,
11,4,4,All,4,1,First,0.8333333333333334,36,0.5,4,1.0,1.0,1.0,3.0,0.3333333333333333,3.0,0.3333333333333333,1.0,0.6666666666666666,3.0
11,5,3,All,5,1,First,0.8148148148148148,27,0.3333333333333333,3,1.0,1.0,1.0,2.0,0.0,2.0,0.5,1.0,0.5,4.0
11,6,1,All,6,1,First,1.0,9,1.0,1,1.0,1.0,,0.0,,0.0,,,,
11,7,4,All,7,2,Middle,0.8857142857142857,35,0.75,4,1.0,1.0,1.0,3.0,0.6666666666666666,3.0,0.0,1.0,1.0,1.0
11,8,6,All,8,2,Middle,0.8301886792452831,53,0.6,5,1.0,1.0,1.0,4.0,0.5,4.0,0.25,1.0,0.75,4.0
11,9,3,All,9,2,Middle,0.9259259259259259,27,0.6666666666666666,3,1.0,2.0,1.0,1.0,0.0,1.0,0.0,1.0,1.0,1.0
11,10,1,All,10,2,Middle,0.8888888888888888,9,1.0,1,,0.0,1.0,1.0,1.0,1.0,,,,
11,11,2,All,11,2,Middle,0.8888888888888888,18,1.0,2,,0.0,1.0,2.0,1.0,2.0,,,,
11,12,5,All,12,2,Middle,0.7727272727272727,44,0.4,5,1.0,1.0,0.75,4.0,0.25,4.0,0.5,1.0,0.5,6.0
11,13,5,All,13,3,Final,0.9111111111111111,45,0.8,5,1.0,2.0,1.0,3.0,0.6666666666666666,3.0,0.0,1.0,1.0,1.0
11,14,6,All,14,3,Final,0.8518518518518519,54,0.6666666666666666,6,1.0,2.0,0.75,4.0,0.5,4.0,0.5,1.25,0.75,4.0
11,15,1,All,15,3,Final,0.7777777777777778,9,0.0,1,,0.0,1.0,1.0,0.0,1.0,0.0,1.0,1.0,1.0
11,16,3,All,16,3,Final,0.9259259259259259,27,0.6666666666666666,3,0.5,2.0,1.0,1.0,1.0,1.0,0.0,0.0,0.0,1.0
11,17,4,All,17,3,Final,0.9166666666666666,36,0.75,4,1.0,2.0,1.0,2.0,0.5,2.0,0.0,1.0,1.0,1.0
11,18,2,All,18,3,Final,0.8888888888888888,18,0.5,2,1.0,1.0,0.0,1.0,0.0,1.0,0.5,0.0,-0.5,2.0
12,1,5,All,1,1,First,0.8095238095238095,42,0.6,5,1.0,2.0,1.0,2.0,0.0,2.0,1.0,0.8571428571428571,-0.14285714285714285,7.0
12,2,4,All,2,1,First,0.5882352941176471,34,0.5,4,,0.0,0.75,4.0,0.5,4.0,1.1666666666666667,1.0833333333333333,-0.08333333333333333,12.0
12,3,2,All,3,1,First,0.6,15,0.5,2,1.0,1.0,0.0,1.0,0.0,1.0,0.8,1.2,0.4,5.0
12,4,1,All,4,1,First,0.8571428571428571,7,1.0,1,,0.0,1.0,1.0,1.0,1.0,,,,
12,5,6,All,5,1,First,0.8679245283018868,53,0.5,6,0.75,4.0,1.0,2.0,0.0,2.0,0.4,0.8,0.4,5.0
12,6,3,All,6,1,First,0.9259259259259259,27,0.6666666666666666,3,0.5,2.0,1.0,1.0,1.0,1.0,0.0,0.0,0.0,1.0
12,7,6,All,7,2,Middle,0.52,50,0.16666666666666666,6,0.3333333333333333,3.0,0.5,2.0,0.0,2.0,2.0,1.5862068965517242,-0.41379310344827586,29.0
12,8,1,All,8,2,Middle,0.7777777777777778,9,0.0,1,,0.0,1.0,1.0,0.0,1.0,0.0,1.0,1.0,1.0
12,9,4,All,9,2,Middle,0.5882352941176471,34,0.0,4,0.0,1.0,0.6666666666666666,3.0,0.0,3.0,1.1428571428571428,1.1428571428571428,0.0,14.0
12,10,5,All,10,2,Middle,0.6585365853658537,41,0.4,5,1.0,2.0,0.0,3.0,0.0,3.0,1.0,1.2307692307692308,0.23076923076923078,13.0
12,11,3,All,11,2,Middle,0.3,20,,,,,,,,,1.6428571428571428,0.7142857142857143,-0.9285714285714286,14.0
12,12,2,All,12,2,Middle,0.46153846153846156,13,,,,,,,,,0.625,1.0,0.375,8.0
12,13,6,All,13,3,Final,0.5918367346938775,49,0.4,5,1.0,2.0,0.0,2.0,0.0,2.0,1.4444444444444444,1.6111111111111112,0.16666666666666666,18.0
12,14,3,All,14,3,Final,0.8888888888888888,27,0.6666666666666666,3,1.0,2.0,1.0,1.0,0.0,1.0,0.0,0.5,0.5,2.0
12,15,5,All,15,3,Final,0.75,44,0.6,5,0.0,1.0,0.75,4.0,0.75,4.0,0.5714285714285714,1.1428571428571428,0.5714285714285714,7.0
12,16,2,All,16,3,Final,0.8235294117647058,17,0.5,2,1.0,1.0,1.0,1.0,0.0,1.0,0.5,1.0,0.5,2.0
12,17,1,All,17,3,Final,0.5714285714285714,7,1.0,1,,,,,,,0.5,1.0,0.5,4.0
12,18,4,All,18,3,Final,0.2916666666666667,24,0.25,4,0.0,1.0,1.0,2.0,0.0,2.0,1.5238095238095237,1.619047619047619,0.09523809523809523,21.0
13,1,1,All,1,1,First,0.7777777777777778,9,0.0,1,,0.0,1.0,1.0,0.0,1.0,0.0,1.0,1.0,1.0
13,2,5,All,2,1,First,0.6829268292682927,41,0.25,4,1.0,1.0,1.0,2.0,0.0,2.0,1.2,1.3,0.1,10.0
13,3,6,All,3,1,First,0.9019607843137255,51,0.8333333333333334,6,1.0,4.0,0.5,2.0,0.5,2.0,0.6666666666666666,1.3333333333333333,0.6666666666666666,3.0
13,4,2,All,4,1,First,0.8888888888888888,18,0.5,2,0.0,1.0,1.0,1.0,1.0,1.0,0.0,0.0,0.0,1.0
13,5,4,All,5,1,First,0.8611111111111112,36,0.5,4,1.0,1.0,1.0,3.0,0.3333333333333333,3.0,0.0,1.0,1.0,2.0
13,6,3,All,6,1,First,1.0,27,1.0,3,1.0,3.0,,0.0,,0.0,,,,
13,7,4,All,7,2,Middle,0.9166666666666666,36,0.75,4,1.0,3.0,1.0,1.0,0.0,1.0,0.5,1.0,0.5,2.0
13,8,1,All,8,2,Middle,0.8888888888888888,9,1.0,1,,0.0,1.0,1.0,1.0,1.0,,,,
13,9,5,All,9,2,Middle,0.8444444444444444,45,0.6,5,1.0,3.0,1.0,2.0,0.0,2.0,0.4,1.0,0.6,5.0
13,10,3,All,10,2,Middle,0.9629629629629629,27,0.6666666666666666,3,0.6666666666666666,3.0,,0.0,,0.0,0.0,0.0,0.0,1.0
13,11,2,All,11,2,Middle,1.0,18,1.0,2,1.0,2.0,,0.0,,0.0,,,,
13,12,6,All,12,2,Middle,0.7924528301886793,53,0.6666666666666666,6,1.0,3.0,0.6666666666666666,3.0,0.3333333333333333,3.0,0.75,0.75,0.0,8.0
13,13,3,All,13,3,Final,0.9259259259259259,27,0.6666666666666666,3,1.0,2.0,1.0,1.0,0.0,1.0,0.0,1.0,1.0,1.0
13,14,2,All,14,3,Final,0.7777777777777778,18,0.5,2,,0.0,1.0,2.0,0.5,2.0,0.5,0.5,0.0,2.0
13,15,6,All,15,3,Final,0.7924528301886793,53,0.6666666666666666,6,1.0,3.0,1.0,3.0,0.3333333333333333,3.0,0.6,1.1,0.5,10.0
13,16,4,All,16,3,Final,0.9166666666666666,36,0.75,4,1.0,2.0,1.0,2.0,0.5,2.0,0.0,1.0,1.0,1.0
13,17,5,All,17,3,Final,0.9555555555555556,45,0.8,5,1.0,4.0,1.0,1.0,0.0,1.0,0.0,1.0,1.0,1.0
13,18,1,All,18,3,Final,0.875,8,1.0,1,,0.0,1.0,1.0,1.0,1.0,,,,
14,1,5,All,1,1,First,0.9111111111111111,45,0.8,5,1.0,2.0,1.0,3.0,0.6666666666666666,3.0,0.0,1.0,1.0,1.0
14,2,2,All,2,1,First,0.8333333333333334,18,0.5,2,,0.0,1.0,2.0,0.5,2.0,0.0,1.0,1.0,1.0
14,3,1,All,3,1,First,0.7777777777777778,9,0.0,1,,0.0,1.0,1.0,0.0,1.0,0.0,1.0,1.0,1.0
14,4,3,All,4,1,First,0.8518518518518519,27,0.6666666666666666,3,1.0,1.0,1.0,2.0,0.5,2.0,0.5,1.0,0.5,2.0
14,5,6,All,5,1,First,0.75,52,0.6,5,1.0,2.0,1.0,3.0,0.3333333333333333,3.0,0.7,1.1,0.4,10.0
14,6,4,All,6,1,First,0.8857142857142857,35,0.75,4,1.0,2.0,1.0,2.0,0.5,2.0,0.0,1.0,1.0,2.0
14,7,1,All,7,2,Middle,0.8888888888888888,9,1.0,1,,0.0,1.0,1.0,1.0,1.0,,,,
14,8,3,All,8,2,Middle,0.9230769230769231,26,1.0,3,1.0,2.0,1.0,1.0,1.0,1.0,0.0,1.0,1.0,1.0
14,9,4,All,9,2,Middle,0.8571428571428571,28,0.75,4,1.0,1.0,1.0,3.0,0.6666666666666666,3.0,0.0,1.0,1.0,1.0
14,10,6,All,10,2,Middle,0.7959183673469388,49,0.8333333333333334,6,1.0,2.0,1.0,4.0,0.75,4.0,0.16666666666666666,0.8333333333333334,0.6666666666666666,6.0
14,11,5,All,11,2,Middle,0.9069767441860465,43,0.8,5,1.0,2.0,1.0,3.0,0.6666666666666666,3.0,0.0,1.0,1.0,2.0
14,12,2,All,12,2,Middle,0.875,16,0.5,2,1.0,1.0,,0.0,,0.0,0.0,0.0,0.0,2.0
14,13,2,All,13,3,Final,0.9411764705882353,17,1.0,2,1.0,1.0,1.0,1.0,1.0,1.0,,,,
14,14,4,All,14,3,Final,0.8181818181818182,33,0.75,4,1.0,1.0,0.6666666666666666,3.0,0.6666666666666666,3.0,1.0,0.0,-1.0,3.0
14,15,3,All,15,3,Final,0.8148148148148148,27,0.6666666666666666,3,,0.0,0.6666666666666666,3.0,0.6666666666666666,3.0,0.5,1.0,0.5,2.0
14,16,1,All,16,3,Final,1.0,9,1.0,1,1.0,1.0,,0.0,,0.0,,,,
14,17,6,All,17,3,Final,0.7843137254901961,51,0.6666666666666666,6,1.0,1.0,1.0,5.0,0.6,5.0,0.5,1.0,0.5,8.0
14,18,5,All,18,3,Final,0.8222222222222222,45,0.8,5,,0.0,1.0,5.0,0.8,5.0,0.3333333333333333,0.6666666666666666,0.3333333333333333,3.0
15,1,2,All,1,1,First,0.7777777777777778,18,0.5,2,1.0,1.0,0.0,1.0,0.0,1.0,0.6666666666666666,1.3333333333333333,0.6666666666666666,3.0
15,2,3,All,2,1,First,1.0,27,1.0,3,1.0,3.0,,0.0,,0.0,,,,
15,3,5,All,3,1,First,0.8863636363636364,44,1.0,4,1.0,2.0,1.0,2.0,1.0,2.0,0.5,0.5,0.0,2.0
15,4,4,All,4,1,First,0.9444444444444444,36,0.75,4,1.0,3.0,1.0,1.0,0.0,1.0,0.0,1.0,1.0,1.0
15,5,1,All,5,1,First,1.0,9,1.0,1,1.0,1.0,,0.0,,0.0,,,,
15,6,6,All,6,1,First,0.7169811320754716,53,0.5,6,1.0,1.0,0.4,5.0,0.4,5.0,1.3,1.1,-0.2,10.0
15,7,3,All,7,2,Middle,0.8888888888888888,27,0.6666666666666666,3,1.0,1.0,1.0,2.0,0.5,2.0,0.0,1.0,1.0,1.0
15,8,6,All,8,2,Middle,0.92,50,1.0,6,1.0,3.0,1.0,3.0,1.0,3.0,0.0,1.0,1.0,1.0
15,9,1,All,9,2,Middle,0.8888888888888888,9,1.0,1,,0.0,1.0,1.0,1.0,1.0,,,,
15,10,2,All,10,2,Middle,0.8888888888888888,18,1.0,2,,0.0,1.0,2.0,1.0,2.0,,,,
15,11,4,All,11,2,Middle,0.8285714285714286,35,0.5,4,0.0,1.0,1.0,3.0,0.6666666666666666,3.0,0.0,0.6666666666666666,0.6666666666666666,3.0
15,12,5,All,12,2,Middle,0.8372093023255814,43,0.75,4,1.0,2.0,1.0,2.0,0.5,2.0,0.5,1.0,0.5,4.0
15,13,4,All,13,3,Final,0.9444444444444444,36,1.0,4,1.0,2.0,1.0,2.0,1.0,2.0,,,,
15,14,1,All,14,3,Final,1.0,9,1.0,1,1.0,1.0,,0.0,,0.0,,,,
15,15,2,All,15,3,Final,0.8823529411764706,17,0.5,2,1.0,1.0,1.0,1.0,0.0,1.0,0.0,1.0,1.0,1.0
15,16,5,All,16,3,Final,0.8837209302325582,43,0.8,5,1.0,3.0,1.0,2.0,0.5,2.0,0.6666666666666666,1.3333333333333333,0.6666666666666666,3.0
15,17,3,All,17,3,Final,0.8888888888888888,27,1.0,3,1.0,1.0,1.0,2.0,1.0,2.0,0.0,0.0,0.0,1.0
15,18,6,All,18,3,Final,0.5961538461538461,52,0.5,6,1.0,2.0,1.0,4.0,0.25,4.0,1.1764705882352942,1.2352941176470589,0.058823529411764705,17.0
16,1,3,All,1,1,First,1.0,26,1.0,2,1.0,2.0,,0.0,,0.0,,,,
16,2,4,All,2,1,First,0.8857142857142857,35,1.0,4,1.0,3.0,1.0,1.0,1.0,1.0,0.3333333333333333,0.0,-0.3333333333333333,3.0
16,3,2,All,3,1,First,1.0,18,1.0,2,1.0,2.0,,0.0,,0.0,,,,
16,4,6,All,4,1,First,0.8333333333333334,54,0.6666666666666666,6,1.0,2.0,0.75,4.0,0.5,4.0,0.6666666666666666,1.0,0.3333333333333333,6.0
16,5,5,All,5,1,First,0.6888888888888889,45,0.6,5,1.0,1.0,0.75,4.0,0.5,4.0,1.8571428571428572,1.2857142857142858,-0.5714285714285714,14.0
16,6,1,All,6,1,First,0.7777777777777778,9,0.0,1,,0.0,1.0,1.0,0.0,1.0,0.0,1.0,1.0,1.0
16,7,6,All,7,2,Middle,0.8333333333333334,54,0.6666666666666666,6,1.0,1.0,0.8,5.0,0.6,5.0,0.5,0.75,0.25,4.0
16,8,2,All,8,2,Middle,0.8888888888888888,18,0.5,2,1.0,1.0,1.0,1.0,0.0,1.0,0.0,1.0,1.0,1.0
16,9,3,All,9,2,Middle,0.8518518518518519,27,0.3333333333333333,3,1.0,1.0,1.0,2.0,0.0,2.0,0.3333333333333333,1.0,0.6666666666666666,3.0
16,10,5,All,10,2,Middle,0.7777777777777778,45,0.6,5,0.6666666666666666,3.0,1.0,2.0,0.5,2.0,1.1111111111111112,1.5555555555555556,0.4444444444444444,9.0
16,11,1,All,11,2,Middle,0.875,8,1.0,1,,0.0,1.0,1.0,1.0,1.0,,,,
16,12,4,All,12,2,Middle,0.8611111111111112,36,0.5,4,0.6666666666666666,3.0,1.0,1.0,0.0,1.0,0.5,0.5,0.0,4.0
16,13,1,All,13,3,Final,1.0,9,1.0,1,1.0,1.0,,0.0,,0.0,,,,
16,14,5,All,14,3,Final,0.8,45,0.6,5,1.0,1.0,1.0,4.0,0.5,4.0,0.4,0.8,0.4,5.0
16,15,4,All,15,3,Final,0.5,36,0.5,4,0.5,2.0,1.0,2.0,0.5,2.0,1.619047619047619,1.4285714285714286,-0.19047619047619047,21.0
16,16,6,All,16,3,Final,0.6037735849056604,53,0.5,6,1.0,1.0,1.0,5.0,0.4,5.0,1.8,1.9,0.1,20.0
16,17,2,All,17,3,Final,0.7777777777777778,18,0.5,2,,0.0,1.0,2.0,0.5,2.0,0.5,1.0,0.5,2.0
16,18,3,All,18,3,Final,0.7777777777777778,27,1.0,3,1.0,1.0,1.0,2.0,1.0,2.0,1.75,0.0,-1.75,4.0
17,1,4,All,1,1,First,0.8888888888888888,36,0.75,4,1.0,3.0,1.0,1.0,0.0,1.0,0.6666666666666666,1.3333333333333333,0.6666666666666666,3.0
17,2,6,All,2,1,First,0.5686274509803921,51,0.6,5,1.0,2.0,0.6666666666666666,3.0,0.3333333333333333,3.0,1.8571428571428572,1.9523809523809523,0.09523809523809523,21.0
17,3,3,All,3,1,First,0.8518518518518519,27,0.6666666666666666,3,1.0,1.0,1.0,2.0,0.5,2.0,1.0,1.0,0.0,3.0
17,4,1,All,4,1,First,0.875,8,1.0,1,,0.0,1.0,1.0,1.0,1.0,,,,
17,5,2,All,5,1,First,0.8333333333333334,18,0.5,2,,0.0,1.0,2.0,0.5,2.0,0.0,1.0,1.0,1.0
17,6,5,All,6,1,First,0.8181818181818182,44,0.4,5,1.0,2.0,1.0,3.0,0.0,3.0,0.5,1.0,0.5,6.0
17,7,2,All,7,2,Middle,0.9375,16,1.0,2,1.0,2.0,,0.0,,0.0,0.0,0.0,0.0,1.0
17,8,5,All,8,2,Middle,0.7209302325581395,43,0.4,5,0.5,2.0,1.0,3.0,0.3333333333333333,3.0,1.3,0.9,-0.4,10.0
17,9,6,All,9,2,Middle,0.6037735849056604,53,0.0,6,0.0,1.0,0.75,4.0,0.0,4.0,0.9444444444444444,0.9444444444444444,0.0,18.0
17,10,4,All,10,2,Middle,0.8611111111111112,36,0.5,4,1.0,1.0,1.0,3.0,0.3333333333333333,3.0,0.0,1.0,1.0,2.0
17,11,3,All,11,2,Middle,0.8888888888888888,27,0.3333333333333333,3,0.5,2.0,1.0,1.0,0.0,1.0,0.0,0.5,0.5,2.0
17,12,1,All,12,2,Middle,0.7777777777777778,9,0.0,1,,0.0,1.0,1.0,0.0,1.0,0.0,1.0,1.0,1.0
17,13,5,All,13,3,Final,0.5333333333333333,45,0.0,5,0.0,1.0,0.25,4.0,0.0,4.0,1.85,1.75,-0.1,20.0
17,14,6,All,14,3,Final,0.8703703703703703,54,0.8333333333333334,6,1.0,3.0,1.0,3.0,0.6666666666666666,3.0,1.2,1.0,-0.2,5.0
17,15,1,All,15,3,Final,0.8888888888888888,9,1.0,1,,0.0,1.0,1.0,1.0,1.0,,,,
17,16,3,All,16,3,Final,0.8518518518518519,27,0.6666666666666666,3,1.0,1.0,1.0,2.0,0.5,2.0,0.0,0.5,0.5,2.0
17,17,4,All,17,3,Final,0.7222222222222222,36,0.5,4,1.0,1.0,1.0,3.0,0.3333333333333333,3.0,1.0,1.0,0.0,7.0
17,18,2,All,18,3,Final,0.9444444444444444,18,1.0,2,1.0,1.0,1.0,1.0,1.0,1.0,0.0,1.0,1.0,1.0
18,1,6,All,1,1,First,0.8703703703703703,54,0.8333333333333334,6,1.0,3.0,1.0,3.0,0.6666666666666666,3.0,0.75,0.25,-0.5,4.0
18,2,1,All,2,1,First,0.8888888888888888,9,1.0,1,,0.0,1.0,1.0,1.0,1.0,,,,
18,3,4,All,3,1,First,0.7222222222222222,36,0.25,4,,0.0,0.75,4.0,0.25,4.0,0.7142857142857143,1.0,0.2857142857142857,7.0
18,4,5,All,4,1,First,0.8444444444444444,45,0.8,5,1.0,2.0,1.0,3.0,0.6666666666666666,3.0,0.25,0.75,0.5,4.0
18,5,3,All,5,1,First,0.7407407407407407,27,0.3333333333333333,3,,0.0,1.0,3.0,0.3333333333333333,3.0,0.25,1.0,0.75,4.0
18,6,2,All,6,1,First,0.8888888888888888,18,0.5,2,1.0,1.0,1.0,1.0,0.0,1.0,0.0,1.0,1.0,1.0
18,7,5,All,7,2,Middle,0.7777777777777778,45,0.6,5,1.0,1.0,0.5,4.0,0.5,4.0,0.5,1.0,0.5,6.0
18,8,4,All,8,2,Middle,0.8888888888888888,36,0.75,4,1.0,2.0,1.0,2.0,0.5,2.0,0.0,0.5,0.5,2.0
18,9,2,All,9,2,Middle,0.7222222222222222,18,0.0,2,,0.0,1.0,2.0,0.0,2.0,0.3333333333333333,1.0,0.6666666666666666,3.0
18,10,1,All,10,2,Middle,1.0,9,1.0,1,1.0,1.0,,0.0,,0.0,,,,
18,11,6,All,11,2,Middle,0.8301886792452831,53,0.6666666666666666,6,1.0,1.0,0.6,5.0,0.6,5.0,0.75,1.0,0.25,4.0
18,12,3,All,12,2,Middle,0.8888888888888888,27,1.0,3,1.0,2.0,1.0,1.0,1.0,1.0,0.0,0.3333333333333333,0.3333333333333333,3.0
18,13,6,All,13,3,Final,0.8888888888888888,54,0.8333333333333334,6,1.0,2.0,1.0,4.0,0.75,4.0,0.5,0.5,0.0,2.0
18,14,3,All,14,3,Final,0.8518518518518519,27,0.3333333333333333,3,0.3333333333333333,3.0,,0.0,,0.0,0.0,0.5,0.5,4.0
18,15,5,All,15,3,Final,0.8222222222222222,45,0.6,5,1.0,2.0,0.6666666666666666,3.0,0.3333333333333333,3.0,0.5,1.0,0.5,6.0
18,16,2,All,16,3,Final,0.7058823529411765,17,0.0,2,,0.0,1.0,1.0,0.0,1.0,0.75,0.25,-0.5,4.0
18,17,1,All,17,3,Final,1.0,9,1.0,1,1.0,1.0,,0.0,,0.0,,,,
18,18,4,All,18,3,Final,0.8888888888888888,36,0.75,4,1.0,2.0,1.0,2.0,0.5,2.0,0.3333333333333333,1.0,0.6666666666666666,3.0
19,1,2,All,1,1,First,0.8888888888888888,18,0.5,2,1.0,1.0,1.0,1.0,0.0,1.0,0.0,1.0,1.0,1.0
19,2,4,All,2,1,First,0.8888888888888888,36,0.75,4,1.0,1.0,0.6666666666666666,3.0,0.6666666666666666,3.0,0.5,0.0,-0.5,2.0
19,3,5,All,3,1,First,0.8666666666666667,45,0.8,5,1.0,2.0,1.0,3.0,0.6666666666666666,3.0,0.6666666666666666,0.6666666666666666,0.0,3.0
19,4,3,All,4,1,First,0.7407407407407407,27,0.3333333333333333,3,1.0,1.0,1.0,2.0,0.0,2.0,0.4,0.8,0.4,5.0
19,5,6,All,5,1,First,0.9259259259259259,54,1.0,6,1.0,3.0,1.0,3.0,1.0,3.0,1.0,0.0,-1.0,1.0
19,6,1,All,6,1,First,0.8888888888888888,9,1.0,1,,0.0,1.0,1.0,1.0,1.0,,,,
19,7,5,All,7,2,Middle,0.7555555555555555,45,0.4,5,,0.0,0.8,5.0,0.4,5.0,0.5714285714285714,0.7142857142857143,0.14285714285714285,7.0
19,8,2,All,8,2,Middle,0.8333333333333334,18,0.5,2,,0.0,1.0,2.0,0.5,2.0,0.0,1.0,1.0,1.0
19,9,6,All,9,2,Middle,0.7962962962962963,54,0.6666666666666666,6,1.0,2.0,1.0,4.0,0.5,4.0,0.5714285714285714,0.7142857142857143,0.14285714285714285,7.0
19,10,4,All,10,2,Middle,0.8888888888888888,36,0.5,4,1.0,2.0,1.0,2.0,0.0,2.0,0.0,1.0,1.0,2.0
19,11,1,All,11,2,Middle,1.0,9,1.0,1,1.0,1.0,,0.0,,0.0,,,,
19,12,3,All,12,2,Middle,0.8888888888888888,27,0.6666666666666666,3,0.5,2.0,1.0,1.0,1.0,1.0,0.3333333333333333,0.0,-0.3333333333333333,3.0
19,13,1,All,13,3,Final,1.0,9,1.0,1,1.0,1.0,,0.0,,0.0,,,,
19,14,3,All,14,3,Final,0.9629629629629629,27,1.0,3,1.0,2.0,1.0,1.0,1.0,1.0,,,,
19,15,4,All,15,3,Final,0.9722222222222222,36,1.0,4,1.0,3.0,1.0,1.0,1.0,1.0,0.0,0.0,0.0,1.0
19,16,6,All,16,3,Final,0.7962962962962963,54,0.3333333333333333,6,,0.0,0.8333333333333334,6.0,0.3333333333333333,6.0,0.4,0.8,0.4,5.0
19,17,5,All,17,3,Final,0.9111111111111111,45,1.0,5,1.0,2.0,1.0,3.0,1.0,3.0,0.5,0.0,-0.5,2.0
19,18,2,All,18,3,Final,0.8888888888888888,18,0.5,2,0.0,1.0,1.0,1.0,1.0,1.0,0.5,0.0,-0.5,2.0
20,1,4,All,1,1,First,0.8529411764705882,34,0.75,4,1.0,1.0,1.0,3.0,0.6666666666666666,3.0,0.5,1.0,0.5,2.0
20,2,3,All,2,1,First,0.9615384615384616,26,1.0,3,1.0,2.0,1.0,1.0,1.0,1.0,,,,
20,3,2,All,3,1,First,0.9444444444444444,18,1.0,2,1.0,1.0,1.0,1.0,1.0,1.0,,,,
20,4,1,All,4,1,First,1.0,9,1.0,1,1.0,1.0,,0.0,,0.0,,,,
20,5,5,All,5,1,First,0.7954545454545454,44,0.5,4,1.0,2.0,0.5,2.0,0.0,2.0,0.5,1.1666666666666667,0.6666666666666666,6.0
20,6,6,All,6,1,First,0.8703703703703703,54,0.6666666666666666,6,1.0,3.0,0.3333333333333333,3.0,0.3333333333333333,3.0,0.8,0.6,-0.2,5.0
20,7,2,All,7,2,Middle,0.8333333333333334,18,0.5,2,,0.0,1.0,2.0,0.5,2.0,0.0,1.0,1.0,1.0
20,8,4,All,8,2,Middle,0.9166666666666666,36,0.75,4,1.0,3.0,0.0,1.0,0.0,1.0,1.5,0.0,-1.5,2.0
20,9,5,All,9,2,Middle,0.9777777777777777,45,1.0,5,1.0,4.0,1.0,1.0,1.0,1.0,,,,
20,10,3,All,10,2,Middle,0.9230769230769231,26,0.6666666666666666,3,1.0,1.0,1.0,1.0,0.0,1.0,0.0,1.0,1.0,1.0
20,11,6,All,11,2,Middle,0.9814814814814815,54,1.0,6,1.0,6.0,,0.0,,0.0,0.0,0.0,0.0,1.0
20,12,1,All,12,2,Middle,0.8888888888888888,9,1.0,1,,0.0,1.0,1.0,1.0,1.0,,,,
20,13,3,All,13,3,Final,1.0,27,1.0,3,1.0,3.0,,0.0,,0.0,,,,
20,14,6,All,14,3,Final,0.9444444444444444,54,1.0,6,1.0,4.0,1.0,2.0,1.0,2.0,1.5,0.0,-1.5,2.0
20,15,1,All,15,3,Final,0.7777777777777778,9,0.0,1,,0.0,1.0,1.0,0.0,1.0,0.0,1.0,1.0,1.0
20,16,2,All,16,3,Final,1.0,18,1.0,2,1.0,2.0,,0.0,,0.0,,,,
20,17,4,All,17,3,Final,0.8888888888888888,36,0.75,4,1.0,3.0,1.0,1.0,0.0,1.0,0.3333333333333333,0.6666666666666666,0.3333333333333333,3.0
20,18,5,All,18,3,Final,0.8666666666666667,45,0.8,5,1.0,2.0,1.0,3.0,0.6666666666666666,3.0,0.3333333333333333,0.3333333333333333,0.0,3.0
21,1,3,All,1,1,First,0.8846153846153846,26,0.6666666666666666,3,1.0,1.0,1.0,1.0,0.0,1.0,0.5,1.0,0.5,2.0
21,2,1,All,2,1,First,0.7777777777777778,9,0.0,1,,0.0,1.0,1.0,0.0,1.0,0.0,1.0,1.0,1.0
21,3,4,All,3,1,First,0.7777777777777778,36,0.5,4,1.0,1.0,1.0,3.0,0.3333333333333333,3.0,0.8333333333333334,1.3333333333333333,0.5,6.0
21,4,6,All,4,1,First,0.6111111111111112,54,0.5,6,1.0,3.0,0.0,3.0,0.0,3.0,1.6666666666666667,2.0,0.3333333333333333,18.0
21,5,2,All,5,1,First,0.9411764705882353,17,1.0,2,1.0,1.0,1.0,1.0,1.0,1.0,0.0,1.0,1.0,1.0
21,6,5,All,6,1,First,0.9090909090909091,44,0.6,5,1.0,3.0,0.0,2.0,0.0,2.0,1.0,0.0,-1.0,2.0
21,7,4,All,7,2,Middle,0.6111111111111112,36,0.25,4,,0.0,0.75,4.0,0.25,4.0,0.8,1.4,0.6,10.0
21,8,3,All,8,2,Middle,0.5555555555555556,27,0.0,3,0.0,1.0,1.0,2.0,0.0,2.0,1.4166666666666667,1.75,0.3333333333333333,12.0
21,9,2,All,9,2,Middle,0.9444444444444444,18,1.0,2,1.0,1.0,1.0,1.0,1.0,1.0,,,,
21,10,1,All,10,2,Middle,0.8888888888888888,9,1.0,1,,0.0,1.0,1.0,1.0,1.0,,,,
21,11,5,All,11,2,Middle,0.7954545454545454,44,0.6,5,1.0,3.0,0.5,2.0,0.0,2.0,0.5,1.0,0.5,8.0
21,12,6,All,12,2,Middle,0.6296296296296297,54,0.3333333333333333,6,0.3333333333333333,3.0,0.6666666666666666,3.0,0.3333333333333333,3.0,1.5294117647058822,1.411764705882353,-0.11764705882352941,17.0
21,13,6,All,13,3,Final,0.8518518518518519,54,0.6666666666666666,6,1.0,1.0,0.8,5.0,0.6,5.0,0.75,0.5,-0.25,4.0
21,14,2,All,14,3,Final,0.9444444444444444,18,1.0,2,1.0,2.0,,0.0,,0.0,0.0,0.0,0.0,1.0
21,15,3,All,15,3,Final,1.0,27,1.0,3,1.0,3.0,,0.0,,0.0,,,,
21,16,5,All,16,3,Final,0.9318181818181818,44,0.8,5,1.0,4.0,,0.0,,0.0,0.0,0.25,0.25,4.0
21,17,1,All,17,3,Final,1.0,9,1.0,1,1.0,1.0,,0.0,,0.0,,,,
21,18,4,All,18,3,Final,0.9444444444444444,36,0.75,4,1.0,3.0,0.0,1.0,0.0,1.0,1.0,0.0,-1.0,1.0
22,1,1,All,1,1,First,0.7777777777777778,9,1.0,1,1.0,1.0,,0.0,,0.0,0.0,0.5,0.5,2.0
22,2,6,All,2,1,First,0.6666666666666666,51,0.5,6,1.0,2.0,1.0,4.0,0.25,4.0,0.9230769230769231,1.4615384615384615,0.5384615384615384,13.0
22,3,3,All,3,1,First,0.9629629629629629,27,1.0,3,1.0,3.0,,0.0,,0.0,0.0,0.0,0.0,1.0
22,4,5,All,4,1,First,0.8809523809523809,42,0.6,5,0.75,4.0,1.0,1.0,0.0,1.0,0.25,0.25,0.0,4.0
22,5,4,All,5,1,First,0.7428571428571429,35,0.5,4,1.0,1.0,1.0,3.0,0.3333333333333333,3.0,0.6666666666666666,0.8333333333333334,0.16666666666666666,6.0
22,6,2,All,6,1,First,0.8333333333333334,18,0.0,2,0.0,1.0,1.0,1.0,0.0,1.0,0.0,0.5,0.5,2.0
22,7,3,All,7,2,Middle,0.76,25,0.3333333333333333,3,,0.0,0.6666666666666666,3.0,0.3333333333333333,3.0,0.3333333333333333,1.0,0.6666666666666666,3.0
22,8,1,All,8,2,Middle,0.8888888888888888,9,1.0,1,,0.0,1.0,1.0,1.0,1.0,,,,
22,9,4,All,9,2,Middle,0.8,35,0.5,4,1.0,2.0,0.5,2.0,0.0,2.0,0.4,0.8,0.4,5.0
22,10,6,All,10,2,Middle,0.7962962962962963,54,0.5,6,1.0,3.0,1.0,3.0,0.0,3.0,0.5,0.625,0.125,8.0
22,11,2,All,11,2,Middle,0.8333333333333334,18,0.5,2,,0.0,1.0,2.0,0.5,2.0,0.0,1.0,1.0,1.0
22,12,5,All,12,2,Middle,0.5555555555555556,45,0.2,5,1.0,1.0,0.25,4.0,0.0,4.0,1.3125,1.3125,0.0,16.0
22,13,2,All,13,3,Final,0.7777777777777778,18,1.0,2,,0.0,1.0,2.0,1.0,2.0,0.5,0.5,0.0,2.0
22,14,5,All,14,3,Final,0.7333333333333333,45,0.4,5,1.0,1.0,0.75,4.0,0.25,4.0,1.0,1.125,0.125,8.0
22,15,6,All,15,3,Final,0.6415094339622641,53,0.5,6,,0.0,1.0,6.0,0.5,6.0,1.2142857142857142,0.5714285714285714,-0.6428571428571429,14.0
22,16,4,All,16,3,Final,0.6666666666666666,36,0.25,4,1.0,1.0,0.6666666666666666,3.0,0.0,3.0,0.8888888888888888,1.2222222222222223,0.3333333333333333,9.0
22,17,3,All,17,3,Final,0.8148148148148148,27,1.0,3,,0.0,1.0,3.0,1.0,3.0,0.5,0.5,0.0,2.0
22,18,1,All,18,3,Final,0.8888888888888888,9,1.0,1,,0.0,1.0,1.0,1.0,1.0,,,,
23,1,6,All,1,1,First,0.8461538461538461,52,0.6666666666666666,6,1.0,2.0,0.75,4.0,0.5,4.0,0.5,0.75,0.25,4.0
23,2,5,All,2,1,First,0.8222222222222222,45,0.6,5,1.0,1.0,0.75,4.0,0.5,4.0,0.5,1.0,0.5,4.0
23,3,1,All,3,1,First,0.8888888888888888,9,1.0,1,,0.0,1.0,1.0,1.0,1.0,,,,
23,4,2,All,4,1,First,0.8333333333333334,18,0.5,2,1.0,1.0,1.0,1.0,0.0,1.0,0.0,0.5,0.5,2.0
23,5,3,All,5,1,First,0.9615384615384616,26,1.0,3,1.0,2.0,1.0,1.0,1.0,1.0,,,,
23,6,4,All,6,1,First,0.75,36,0.5,4,1.0,2.0,1.0,2.0,0.0,2.0,1.1428571428571428,1.4285714285714286,0.2857142857142857,7.0
23,7,1,All,7,2,Middle,0.75,8,0.0,1,,0.0,1.0,1.0,0.0,1.0,0.0,1.0,1.0,1.0
23,8,6,All,8,2,Middle,0.803921568627451,51,0.6666666666666666,6,1.0,1.0,1.0,3.0,0.6666666666666666,3.0,0.5714285714285714,0.2857142857142857,-0.2857142857142857,7.0
23,9,3,All,9,2,Middle,0.8888888888888888,27,1.0,3,1.0,1.0,1.0,2.0,1.0,2.0,0.0,0.5,0.5,2.0
23,10,5,All,10,2,Middle,0.8409090909090909,44,0.4,5,1.0,1.0,1.0,4.0,0.25,4.0,0.0,1.0,1.0,3.0
23,11,4,All,11,2,Middle,0.8611111111111112,36,0.5,4,1.0,1.0,1.0,3.0,0.3333333333333333,3.0,0.0,1.0,1.0,2.0
23,12,2,All,12,2,Middle,0.8333333333333334,18,0.5,2,,0.0,1.0,2.0,0.5,2.0,0.0,1.0,1.0,1.0
23,13,5,All,13,3,Final,0.8444444444444444,45,0.6,5,1.0,1.0,1.0,4.0,0.5,4.0,0.25,0.75,0.5,4.0
23,14,4,All,14,3,Final,0.9166666666666666,36,1.0,4,1.0,2.0,1.0,2.0,1.0,2.0,0.0,1.0,1.0,1.0
23,15,2,All,15,3,Final,0.8888888888888888,18,1.0,2,1.0,1.0,1.0,1.0,1.0,1.0,1.0,0.0,-1.0,1.0
23,16,1,All,16,3,Final,1.0,9,1.0,1,1.0,1.0,,0.0,,0.0,,,,
23,17,6,All,17,3,Final,0.660377358490566,53,0.6666666666666666,6,1.0,2.0,0.5,4.0,0.5,4.0,1.6428571428571428,1.0,-0.6428571428571429,14.0
23,18,3,All,18,3,Final,0.8888888888888888,27,0.6666666666666666,3,1.0,1.0,1.0,2.0,0.5,2.0,0.0,1.0,1.0,1.0
24,1,5,All,1,1,First,0.8863636363636364,44,0.6,5,1.0,2.0,1.0,3.0,0.3333333333333333,3.0,0.0,1.0,1.0,2.0
24,2,2,All,2,1,First,0.8888888888888888,18,0.5,2,1.0,1.0,1.0,1.0,0.0,1.0,0.0,1.0,1.0,1.0
24,3,6,All,3,1,First,0.660377358490566,53,0.5,6,1.0,1.0,0.8,5.0,0.4,5.0,1.9375,1.5,-0.4375,16.0
24,4,4,All,4,1,First,0.8888888888888888,36,1.0,4,1.0,1.0,1.0,3.0,1.0,3.0,0.0,1.0,1.0,1.0
24,5,1,All,5,1,First,0.8888888888888888,9,1.0,1,,0.0,1.0,1.0,1.0,1.0,,,,
24,6,3,All,6,1,First,0.8518518518518519,27,0.3333333333333333,3,1.0,1.0,1.0,2.0,0.0,2.0,0.0,1.0,1.0,2.0
24,7,6,All,7,2,Middle,0.9074074074074074,54,0.8333333333333334,6,1.0,2.0,1.0,4.0,0.75,4.0,0.0,1.0,1.0,1.0
24,8,5,All,8,2,Middle,0.8444444444444444,45,0.8,5,1.0,1.0,1.0,4.0,0.75,4.0,0.0,0.6666666666666666,0.6666666666666666,3.0
24,9,1,All,9,2,Middle,0.8888888888888888,9,1.0,1,,0.0,1.0,1.0,1.0,1.0,,,,
24,10,2,All,10,2,Middle,0.9444444444444444,18,1.0,2,1.0,1.0,1.0,1.0,1.0,1.0,,,,
24,11,3,All,11,2,Middle,0.8518518518518519,27,0.6666666666666666,3,1.0,1.0,1.0,2.0,0.5,2.0,0.0,0.5,0.5,2.0
24,12,4,All,12,2,Middle,0.9166666666666666,36,0.75,4,1.0,2.0,1.0,2.0,0.5,2.0,0.0,1.0,1.0,2.0
24,13,4,All,13,3,Final,0.8611111111111112,36,0.5,4,1.0,1.0,1.0,3.0,0.3333333333333333,3.0,0.0,1.0,1.0,2.0
24,14,1,All,14,3,Final,1.0,9,1.0,1,1.0,1.0,,0.0,,0.0,,,,
24,15,5,All,15,3,Final,0.8666666666666667,45,0.6,5,1.0,1.0,1.0,4.0,0.5,4.0,0.0,1.0,1.0,2.0
24,16,3,All,16,3,Final,1.0,27,1.0,3,1.0,3.0,,0.0,,0.0,,,,
24,17,2,All,17,3,Final,0.8888888888888888,18,1.0,2,,0.0,1.0,2.0,1.0,2.0,,,,
24,18,6,All,18,3,Final,0.8518518518518519,54,0.5,6,0.6666666666666666,3.0,0.6666666666666666,3.0,0.3333333333333333,3.0,0.6,0.8,0.2,5.0
25,1,2,All,1,1,First,1.0,18,1.0,2,1.0,2.0,,0.0,,0.0,,,,
25,2,4,All,2,1,First,0.7941176470588235,34,0.75,4,1.0,1.0,0.6666666666666666,3.0,0.6666666666666666,3.0,0.5,0.5,0.0,4.0
25,3,5,All,3,1,First,0.7272727272727273,44,0.25,4,1.0,1.0,1.0,3.0,0.0,3.0,0.625,1.25,0.625,8.0
25,4,3,All,4,1,First,0.7727272727272727,22,0.5,2,1.0,1.0,1.0,1.0,0.0,1.0,1.0,0.3333333333333333,-0.6666666666666666,3.0
25,5,6,All,5,1,First,0.7021276595744681,47,0.6,5,1.0,3.0,1.0,1.0,0.0,1.0,1.3076923076923077,1.0769230769230769,-0.23076923076923078,13.0
25,6,1,All,6,1,First,1.0,9,1.0,1,1.0,1.0,,0.0,,0.0,,,,
25,7,1,All,7,2,Middle,0.875,8,1.0,1,,0.0,1.0,1.0,1.0,1.0,,,,
25,8,3,All,8,2,Middle,0.84,25,1.0,3,1.0,2.0,1.0,1.0,1.0,1.0,0.3333333333333333,0.0,-0.3333333333333333,3.0
25,9,4,All,9,2,Middle,0.6551724137931034,29,0.5,2,1.0,1.0,0.0,1.0,0.0,1.0,0.9,0.8,-0.1,10.0
25,10,6,All,10,2,Middle,0.5471698113207547,53,0.0,6,0.0,4.0,1.0,2.0,0.0,2.0,1.6521739130434783,0.8695652173913043,-0.782608695652174,23.0
25,11,5,All,11,2,Middle,0.8055555555555556,36,0.6,5,1.0,2.0,0.3333333333333333,3.0,0.3333333333333333,3.0,0.42857142857142855,1.0,0.5714285714285714,7.0
25,12,2,All,12,2,Middle,0.8,10,1.0,1,1.0,1.0,,0.0,,0.0,0.0,0.0,0.0,1.0
25,13,5,All,13,3,Final,0.7435897435897436,39,0.6,5,1.0,3.0,0.5,2.0,0.0,2.0,1.25,1.4166666666666667,0.16666666666666666,12.0
25,14,2,All,14,3,Final,0.75,12,1.0,2,,0.0,1.0,2.0,1.0,2.0,1.0,0.0,-1.0,1.0
25,15,6,All,15,3,Final,0.5769230769230769,52,0.3333333333333333,6,1.0,1.0,0.8,5.0,0.2,5.0,1.631578947368421,1.5789473684210527,-0.05263157894736842,19.0
25,16,4,All,16,3,Final,0.9444444444444444,36,0.75,4,1.0,3.0,1.0,1.0,0.0,1.0,0.0,1.0,1.0,1.0
25,17,1,All,17,3,Final,0.8888888888888888,9,1.0,1,,0.0,1.0,1.0,1.0,1.0,,,,
25,18,3,All,18,3,Final,0.5,26,0.0,3,,0.0,0.5,2.0,0.0,2.0,1.0,1.1666666666666667,0.16666666666666666,12.0
26,1,4,All,1,1,First,0.75,28,1.0,1,,,,,,,0.5,0.625,0.125,8.0
26,2,3,All,2,1,First,0.8076923076923077,26,0.3333333333333333,3,1.0,1.0,1.0,2.0,0.0,2.0,0.3333333333333333,1.0,0.6666666666666666,3.0
26,3,2,All,3,1,First,0.8888888888888888,18,0.5,2,1.0,1.0,1.0,1.0,0.0,1.0,0.0,1.0,1.0,1.0
26,4,1,All,4,1,First,0.7777777777777778,9,0.0,1,,0.0,1.0,1.0,0.0,1.0,0.0,1.0,1.0,1.0
26,5,5,All,5,1,First,0.8888888888888888,45,0.6,5,1.0,2.0,1.0,3.0,0.3333333333333333,3.0,0.0,1.0,1.0,2.0
26,6,6,All,6,1,First,0.8627450980392157,51,0.6,5,1.0,1.0,1.0,4.0,0.5,4.0,0.3333333333333333,1.0,0.6666666666666666,3.0
26,7,3,All,7,2,Middle,0.9615384615384616,26,1.0,3,1.0,2.0,1.0,1.0,1.0,1.0,,,,
26,8,6,All,8,2,Middle,0.8653846153846154,52,0.8333333333333334,6,1.0,3.0,1.0,3.0,0.6666666666666666,3.0,1.0,1.5,0.5,4.0
26,9,1,All,9,2,Middle,0.8888888888888888,9,1.0,1,,0.0,1.0,1.0,1.0,1.0,,,,
26,10,2,All,10,2,Middle,0.8888888888888888,18,1.0,2,,0.0,1.0,2.0,1.0,2.0,,,,
26,11,4,All,11,2,Middle,0.8571428571428571,35,0.5,4,0.5,2.0,1.0,1.0,1.0,1.0,0.25,0.5,0.25,4.0
26,12,5,All,12,2,Middle,0.9333333333333333,45,1.0,5,1.0,3.0,1.0,2.0,1.0,2.0,0.0,0.0,0.0,1.0
26,13,2,All,13,3,Final,0.9444444444444444,18,0.5,2,0.5,2.0,,0.0,,0.0,0.0,0.0,0.0,1.0
26,14,4,All,14,3,Final,0.9722222222222222,36,1.0,4,1.0,3.0,1.0,1.0,1.0,1.0,,,,
26,15,5,All,15,3,Final,0.9777777777777777,45,1.0,5,1.0,4.0,1.0,1.0,1.0,1.0,,,,
26,16,3,All,16,3,Final,1.0,27,1.0,3,1.0,3.0,,0.0,,0.0,0.0,0.0,0.0,1.0
26,17,6,All,17,3,Final,0.9230769230769231,52,0.8333333333333334,6,1.0,3.0,1.0,2.0,0.5,2.0,0.3333333333333333,0.6666666666666666,0.3333333333333333,3.0
26,18,1,All,18,3,Final,0.7777777777777778,9,0.0,1,,0.0,1.0,1.0,0.0,1.0,0.0,1.0,1.0,1.0
27,1,3,All,1,1,First,0.9259259259259259,27,1.0,3,1.0,1.0,1.0,2.0,1.0,2.0,,,,
27,2,1,All,2,1,First,0.7777777777777778,9,0.0,1,,0.0,1.0,1.0,0.0,1.0,0.0,1.0,1.0,1.0
27,3,4,All,3,1,First,0.78125,32,0.5,4,1.0,1.0,1.0,2.0,0.5,2.0,0.16666666666666666,0.6666666666666666,0.5,6.0
27,4,6,All,4,1,First,0.78,50,0.8333333333333334,6,1.0,3.0,0.6666666666666666,3.0,0.6666666666666666,3.0,1.4,1.1,-0.3,10.0
27,5,2,All,5,1,First,0.9333333333333333,15,1.0,2,1.0,1.0,1.0,1.0,1.0,1.0,,,,
27,6,5,All,6,1,First,0.7692307692307693,39,0.4,5,1.0,1.0,1.0,1.0,1.0,1.0,0.7777777777777778,0.6666666666666666,-0.1111111111111111,9.0
27,7,6,All,7,2,Middle,0.717391304347826,46,0.5,6,1.0,1.0,0.8,5.0,0.4,5.0,0.625,1.25,0.625,8.0
27,8,2,All,8,2,Middle,0.8333333333333334,18,1.0,2,1.0,2.0,,0.0,,0.0,0.3333333333333333,0.0,-0.3333333333333333,3.0
27,9,3,All,9,2,Middle,0.9615384615384616,26,1.0,3,1.0,3.0,,0.0,,0.0,0.0,0.0,0.0,1.0
27,10,5,All,10,2,Middle,0.7674418604651163,43,0.6,5,1.0,2.0,0.6666666666666666,3.0,0.3333333333333333,3.0,0.875,0.75,-0.125,8.0
27,11,1,All,11,2,Middle,1.0,8,1.0,1,1.0,1.0,,0.0,,0.0,,,,
27,12,4,All,12,2,Middle,0.7272727272727273,33,0.25,4,,0.0,0.75,4.0,0.25,4.0,0.4,1.0,0.6,5.0
27,13,4,All,13,3,Final,0.8484848484848485,33,0.5,4,0.0,1.0,1.0,3.0,0.6666666666666666,3.0,0.0,0.5,0.5,2.0
27,14,3,All,14,3,Final,0.9230769230769231,26,0.6666666666666666,3,1.0,2.0,1.0,1.0,0.0,1.0,0.0,1.0,1.0,1.0
27,15,2,All,15,3,Final,0.8333333333333334,18,0.5,2,,0.0,1.0,2.0,0.5,2.0,0.0,1.0,1.0,1.0
27,16,1,All,16,3,Final,0.8888888888888888,9,1.0,1,,0.0,1.0,1.0,1.0,1.0,,,,
27,17,5,All,17,3,Final,0.8372093023255814,43,0.6,5,1.0,3.0,1.0,2.0,0.0,2.0,0.4,0.6,0.2,5.0
27,18,6,All,18,3,Final,0.36,50,0.0,6,0.0,1.0,1.0,5.0,0.0,5.0,1.5517241379310345,2.0344827586206895,0.4827586206896552,29.0
