subject,group,block,set_size,set_size_exposure,stimulus,iteration,chosen_error_count,unchosen_error_count,error_avoidance_D
2,All,2,6,1,2,2,0,1,1
2,All,2,6,1,2,6,1,1,0
2,All,2,6,1,2,9,2,1,-1
2,All,2,6,1,3,2,1,0,-1
2,All,2,6,1,3,3,0,2,2
2,All,2,6,1,3,4,2,1,-1
2,All,2,6,1,3,5,1,3,2
2,All,2,6,1,3,9,3,2,-1
2,All,2,6,1,3,10,4,2,-2
2,All,2,6,1,4,2,0,1,1
2,All,2,6,1,4,4,1,1,0
2,All,2,6,1,4,5,1,2,1
2,All,2,6,1,4,10,2,2,0
2,All,2,6,1,4,11,3,2,-1
2,All,2,6,1,6,4,0,0,0
2,All,3,1,1,1,2,0,1,1
2,All,4,2,1,1,2,0,1,1
2,All,4,2,1,2,3,0,1,1
2,All,5,4,1,4,2,0,1,1
2,All,5,4,1,4,3,1,1,0
2,All,6,5,1,3,3,0,1,1
2,All,6,5,1,3,5,1,1,0
2,All,6,5,1,4,2,1,0,-1
2,All,6,5,1,4,3,0,2,2
2,All,6,5,1,5,2,0,1,1
2,All,7,4,2,4,2,0,1,1
2,All,7,4,2,4,3,1,1,0
2,All,9,2,2,2,2,0,1,1
2,All,9,2,2,2,11,1,1,0
2,All,10,5,2,1,4,0,0,0
2,All,10,5,2,4,2,0,1,1
2,All,10,5,2,4,11,1,1,0
2,All,11,3,2,3,2,0,1,1
2,All,12,6,2,2,2,0,0,0
2,All,12,6,2,2,3,0,1,1
2,All,12,6,2,3,2,1,0,-1
2,All,12,6,2,3,4,0,2,2
2,All,12,6,2,3,5,2,1,-1
2,All,12,6,2,3,6,1,3,2
2,All,12,6,2,4,10,1,0,-1
2,All,12,6,2,5,2,0,1,1
2,All,12,6,2,6,2,0,1,1
2,All,14,3,3,2,6,0,0,0
2,All,14,3,3,3,2,0,1,1
2,All,15,5,3,1,2,0,0,0
2,All,15,5,3,3,3,1,0,-1
2,All,15,5,3,3,4,0,2,2
2,All,15,5,3,3,5,2,1,-1
2,All,15,5,3,3,6,1,3,2
2,All,15,5,3,5,2,0,1,1
2,All,15,5,3,5,12,1,1,0
2,All,16,4,3,2,12,0,1,1
2,All,16,4,3,3,2,0,1,1
2,All,16,4,3,4,2,0,1,1
2,All,17,1,3,1,2,0,1,1
2,All,18,6,3,2,2,0,1,1
2,All,18,6,3,3,3,0,1,1
2,All,18,6,3,4,2,1,0,-1
2,All,18,6,3,5,2,0,1,1
2,All,18,6,3,6,2,0,1,1
3,All,1,1,1,1,2,0,1,1
3,All,2,3,1,1,2,0,1,1
3,All,2,3,1,3,2,0,0,0
3,All,3,4,1,4,2,0,1,1
3,All,4,6,1,1,2,0,1,1
3,All,4,6,1,1,3,1,1,0
3,All,4,6,1,1,4,2,1,-1
3,All,4,6,1,1,6,3,1,-2
3,All,4,6,1,2,4,0,1,1
3,All,4,6,1,3,2,0,1,1
3,All,4,6,1,3,4,1,1,0
3,All,4,6,1,3,6,1,2,1
3,All,4,6,1,4,2,0,1,1
3,All,4,6,1,5,12,1,0,-1
3,All,4,6,1,6,2,0,1,1
3,All,4,6,1,6,3,1,1,0
3,All,4,6,1,6,4,1,2,1
3,All,4,6,1,6,6,2,2,0
3,All,4,6,1,6,7,3,2,-1
3,All,4,6,1,6,8,2,4,2
3,All,4,6,1,6,10,3,4,1
3,All,5,5,1,2,2,0,0,0
3,All,5,5,1,2,3,0,1,1
3,All,5,5,1,2,4,1,1,0
3,All,5,5,1,2,6,2,1,-1
3,All,5,5,1,2,7,1,3,2
3,All,5,5,1,3,2,1,0,-1
3,All,5,5,1,3,3,0,2,2
3,All,5,5,1,3,5,1,2,1
3,All,5,5,1,3,6,2,2,0
3,All,5,5,1,3,7,2,3,1
3,All,5,5,1,5,2,0,1,1
3,All,5,5,1,5,3,1,1,0
3,All,7,2,2,1,2,0,1,1
3,All,8,4,2,2,3,0,1,1
3,All,8,4,2,3,2,0,1,1
3,All,8,4,2,4,3,0,1,1
3,All,9,3,2,2,2,0,1,1
3,All,9,3,2,3,2,0,1,1
3,All,11,6,2,3,9,0,0,0
3,All,12,5,2,1,11,0,0,0
3,All,12,5,2,4,2,0,1,1
3,All,12,5,2,4,3,1,1,0
3,All,12,5,2,5,2,0,1,1
3,All,13,5,3,4,2,0,1,1
3,All,13,5,3,5,2,0,1,1
3,All,14,2,3,2,2,0,1,1
3,All,14,2,3,2,5,1,1,0
3,All,14,2,3,2,9,2,1,-1
3,All,15,1,3,1,2,0,1,1
3,All,16,3,3,3,2,0,1,1
3,All,17,6,3,1,9,0,1,1
3,All,18,4,3,4,2,0,1,1
4,All,1,6,1,2,3,1,0,-1
4,All,1,6,1,2,4,2,0,-2
4,All,1,6,1,2,5,0,3,3
4,All,1,6,1,2,6,3,1,-2
4,All,1,6,1,2,7,1,4,3
4,All,1,6,1,2,8,4,2,-2
4,All,1,6,1,2,10,5,2,-3
4,All,1,6,1,2,11,2,6,4
4,All,1,6,1,2,12,6,3,-3
4,All,1,6,1,3,2,0,1,1
4,All,1,6,1,3,3,1,1,0
4,All,1,6,1,3,5,1,2,1
4,All,1,6,1,3,6,2,2,0
4,All,1,6,1,3,7,2,3,1
4,All,1,6,1,3,9,3,3,0
4,All,1,6,1,3,10,4,3,-1
4,All,1,6,1,4,3,0,1,1
4,All,1,6,1,4,4,1,1,0
4,All,1,6,1,4,6,1,2,1
4,All,1,6,1,4,8,2,2,0
4,All,1,6,1,4,9,2,3,1
4,All,1,6,1,5,2,0,1,1
4,All,1,6,1,5,5,1,1,0
4,All,1,6,1,5,6,2,1,-1
4,All,1,6,1,5,7,3,1,-2
4,All,1,6,1,5,8,1,4,3
4,All,1,6,1,5,9,2,4,2
4,All,1,6,1,5,13,4,3,-1
4,All,3,3,1,1,10,0,0,0
4,All,3,3,1,2,2,0,1,1
4,All,4,5,1,2,2,0,1,1
4,All,4,5,1,2,10,1,1,0
4,All,4,5,1,4,2,0,1,1
4,All,4,5,1,5,2,0,1,1
4,All,4,5,1,5,4,1,1,0
4,All,6,4,1,1,2,0,0,0
4,All,6,4,1,1,6,0,1,1
4,All,6,4,1,2,8,0,0,0
4,All,6,4,1,4,2,1,0,-1
4,All,6,4,1,4,3,0,2,2
4,All,6,4,1,4,4,1,2,1
4,All,8,5,2,1,2,0,0,0
4,All,8,5,2,3,3,1,0,-1
4,All,8,5,2,3,4,0,2,2
4,All,8,5,2,3,7,2,1,-1
4,All,8,5,2,4,2,1,0,-1
4,All,8,5,2,4,3,0,2,2
4,All,9,4,2,1,2,1,0,-1
4,All,9,4,2,2,4,0,1,1
4,All,9,4,2,3,2,1,0,-1
4,All,9,4,2,3,3,0,2,2
4,All,9,4,2,4,2,1,0,-1
4,All,9,4,2,4,3,0,2,2
4,All,9,4,2,4,5,1,2,1
4,All,9,4,2,4,6,2,2,0
4,All,10,6,2,1,12,0,0,0
4,All,10,6,2,2,4,0,1,1
4,All,10,6,2,3,2,0,0,0
4,All,10,6,2,4,2,1,0,-1
4,All,10,6,2,4,7,2,0,-2
4,All,10,6,2,4,10,3,0,-3
4,All,10,6,2,5,2,1,0,-1
4,All,10,6,2,5,3,0,2,2
4,All,10,6,2,6,2,0,1,1
4,All,10,6,2,6,3,1,1,0
4,All,11,2,2,1,2,0,1,1
4,All,11,2,2,2,2,0,1,1
4,All,13,3,3,1,2,0,0,0
4,All,13,3,3,1,4,0,1,1
4,All,14,4,3,1,2,0,1,1
4,All,14,4,3,1,3,1,1,0
4,All,14,4,3,1,4,1,2,1
4,All,14,4,3,2,3,1,0,-1
4,All,14,4,3,2,6,2,0,-2
4,All,14,4,3,3,2,0,0,0
4,All,14,4,3,3,3,0,1,1
4,All,14,4,3,3,4,1,1,0
4,All,14,4,3,4,2,0,1,1
4,All,14,4,3,4,3,1,1,0
4,All,14,4,3,4,12,1,2,1
4,All,15,2,3,2,2,0,1,1
4,All,16,6,3,2,4,0,1,1
4,All,16,6,3,3,2,0,1,1
4,All,16,6,3,5,5,0,0,0
4,All,17,5,3,1,2,0,0,0
4,All,17,5,3,1,12,0,1,1
4,All,17,5,3,1,13,1,1,0
4,All,17,5,3,2,2,1,0,-1
4,All,17,5,3,3,5,1,0,-1
4,All,17,5,3,3,6,0,2,2
4,All,17,5,3,4,7,0,0,0
4,All,17,5,3,5,2,1,0,-1
4,All,18,1,3,1,2,0,1,1
5,All,1,2,1,2,4,0,0,0
5,All,1,2,1,2,7,1,0,-1
5,All,2,5,1,1,5,0,0,0
5,All,2,5,1,1,8,1,0,-1
5,All,2,5,1,1,13,2,0,-2
5,All,2,5,1,2,6,1,0,-1
5,All,2,5,1,3,2,1,0,-1
5,All,2,5,1,3,3,0,2,2
5,All,2,5,1,3,6,1,2,1
5,All,2,5,1,3,9,2,2,0
5,All,2,5,1,4,2,0,1,1
5,All,2,5,1,4,5,1,1,0
5,All,2,5,1,5,2,1,0,-1
5,All,2,5,1,5,8,2,0,-2
5,All,3,6,1,1,8,1,0,-1
5,All,3,6,1,4,2,0,0,0
5,All,3,6,1,4,11,1,0,-1
5,All,3,6,1,5,11,0,0,0
5,All,3,6,1,6,2,1,0,-1
5,All,3,6,1,6,8,0,2,2
5,All,3,6,1,6,9,2,1,-1
5,All,4,4,1,1,2,0,1,1
5,All,4,4,1,1,3,1,1,0
5,All,4,4,1,1,7,2,1,-1
5,All,4,4,1,3,2,0,1,1
5,All,4,4,1,3,3,1,1,0
5,All,4,4,1,3,4,2,1,-1
5,All,4,4,1,3,5,1,3,2
5,All,4,4,1,3,11,2,3,1
5,All,4,4,1,4,2,0,1,1
5,All,5,3,1,1,4,0,0,0
5,All,5,3,1,3,8,0,0,0
5,All,6,1,1,1,2,0,1,1
5,All,7,5,2,1,2,0,1,1
5,All,7,5,2,1,3,1,1,0
5,All,7,5,2,1,5,2,1,-1
5,All,7,5,2,1,8,1,3,2
5,All,7,5,2,1,12,2,3,1
5,All,7,5,2,3,2,1,0,-1
5,All,7,5,2,3,5,0,2,2
5,All,7,5,2,3,8,2,1,-1
5,All,7,5,2,3,9,3,1,-2
5,All,7,5,2,4,2,1,0,-1
5,All,7,5,2,4,5,2,0,-2
5,All,7,5,2,4,9,3,0,-3
5,All,7,5,2,5,2,0,0,0
5,All,7,5,2,5,3,0,1,1
5,All,7,5,2,5,4,1,1,0
5,All,7,5,2,5,7,1,2,1
5,All,7,5,2,5,8,2,2,0
5,All,8,6,2,1,3,0,0,0
5,All,8,6,2,1,9,0,1,1
5,All,8,6,2,2,2,0,0,0
5,All,8,6,2,2,3,1,0,-1
5,All,8,6,2,2,4,2,0,-2
5,All,8,6,2,2,5,0,3,3
5,All,8,6,2,2,6,3,1,-2
5,All,8,6,2,2,7,4,1,-3
5,All,8,6,2,3,2,1,0,-1
5,All,8,6,2,3,9,2,0,-2
5,All,8,6,2,4,2,1,0,-1
5,All,8,6,2,4,3,2,0,-2
5,All,8,6,2,4,4,3,0,-3
5,All,8,6,2,4,5,4,0,-4
5,All,8,6,2,4,9,5,0,-5
5,All,8,6,2,5,2,0,1,1
5,All,8,6,2,5,3,1,1,0
5,All,8,6,2,5,4,1,2,1
5,All,8,6,2,5,7,2,2,0
5,All,8,6,2,6,2,0,1,1
5,All,8,6,2,6,5,1,1,0
5,All,8,6,2,6,13,1,2,1
5,All,10,3,2,2,2,0,0,0
5,All,10,3,2,2,6,0,1,1
5,All,11,4,2,2,2,1,0,-1
5,All,11,4,2,2,3,0,2,2
5,All,11,4,2,2,4,1,2,1
5,All,11,4,2,3,4,0,1,1
5,All,11,4,2,4,4,1,0,-1
5,All,11,4,2,4,5,2,0,-2
5,All,12,2,2,1,11,0,0,0
5,All,12,2,2,2,2,0,1,1
5,All,13,4,3,3,2,0,1,1
5,All,13,4,3,4,3,0,1,1
5,All,14,6,3,1,2,0,1,1
5,All,14,6,3,1,4,1,1,0
5,All,14,6,3,1,8,2,1,-1
5,All,14,6,3,1,10,3,1,-2
5,All,14,6,3,1,12,4,1,-3
5,All,14,6,3,2,5,0,0,0
5,All,14,6,3,3,11,1,0,-1
5,All,14,6,3,4,5,0,1,1
5,All,14,6,3,4,8,1,1,0
5,All,14,6,3,5,2,1,0,-1
5,All,14,6,3,5,3,2,0,-2
5,All,14,6,3,5,4,3,0,-3
5,All,14,6,3,5,5,4,0,-4
5,All,14,6,3,5,7,0,5,5
5,All,14,6,3,5,11,1,5,4
5,All,15,3,3,1,3,0,0,0
5,All,15,3,3,1,5,0,1,1
5,All,15,3,3,1,11,1,1,0
5,All,15,3,3,2,2,1,0,-1
5,All,15,3,3,2,5,2,0,-2
5,All,15,3,3,2,9,3,0,-3
5,All,15,3,3,3,2,1,0,-1
5,All,15,3,3,3,3,0,2,2
5,All,15,3,3,3,4,1,2,1
5,All,15,3,3,3,5,2,2,0
5,All,17,2,3,1,2,0,1,1
5,All,17,2,3,1,3,1,1,0
5,All,18,5,3,3,3,0,1,1
5,All,18,5,3,3,4,1,1,0
5,All,18,5,3,3,5,2,1,-1
5,All,18,5,3,3,6,3,1,-2
5,All,18,5,3,5,8,0,0,0
6,All,1,5,1,2,4,1,0,-1
6,All,1,5,1,3,3,0,0,0
6,All,1,5,1,3,4,0,1,1
6,All,1,5,1,3,6,1,1,0
6,All,1,5,1,3,7,2,1,-1
6,All,1,5,1,3,8,1,3,2
6,All,1,5,1,3,9,2,3,1
6,All,1,5,1,3,10,3,3,0
6,All,1,5,1,4,2,0,1,1
6,All,1,5,1,4,3,1,1,0
6,All,1,5,1,4,4,1,2,1
6,All,1,5,1,4,5,2,2,0
6,All,1,5,1,4,7,3,2,-1
6,All,1,5,1,4,8,4,2,-2
6,All,1,5,1,4,10,5,2,-3
6,All,1,5,1,4,12,6,2,-4
6,All,1,5,1,5,2,1,0,-1
6,All,1,5,1,5,5,2,0,-2
6,All,1,5,1,5,7,0,3,3
6,All,1,5,1,5,8,3,1,-2
6,All,1,5,1,5,9,4,1,-3
6,All,1,5,1,5,10,1,5,4
6,All,1,5,1,5,11,2,5,3
6,All,1,5,1,5,12,5,3,-2
6,All,2,4,1,1,4,0,0,0
6,All,2,4,1,2,2,0,1,1
6,All,2,4,1,3,5,1,0,-1
6,All,2,4,1,3,6,2,0,-2
6,All,2,4,1,3,7,3,0,-3
6,All,2,4,1,4,2,0,1,1
6,All,2,4,1,4,5,1,1,0
6,All,2,4,1,4,7,1,2,1
6,All,3,2,1,1,4,0,0,0
6,All,5,6,1,1,9,0,0,0
6,All,5,6,1,2,4,1,0,-1
6,All,5,6,1,2,6,2,0,-2
6,All,5,6,1,3,10,0,0,0
6,All,5,6,1,4,2,0,1,1
6,All,5,6,1,4,4,1,1,0
6,All,5,6,1,4,8,2,1,-1
6,All,5,6,1,5,2,0,1,1
6,All,5,6,1,5,3,1,1,0
6,All,5,6,1,5,9,2,1,-1
6,All,5,6,1,5,10,3,1,-2
6,All,6,3,1,2,8,0,0,0
6,All,6,3,1,3,6,0,0,0
6,All,6,3,1,3,7,1,0,-1
6,All,7,6,2,3,3,0,1,1
6,All,7,6,2,3,6,1,1,0
6,All,7,6,2,4,2,0,1,1
6,All,7,6,2,5,9,0,0,0
6,All,7,6,2,5,11,1,0,-1
6,All,7,6,2,6,2,0,0,0
6,All,7,6,2,6,3,0,1,1
6,All,7,6,2,6,7,1,1,0
6,All,8,3,2,1,3,0,0,0
6,All,8,3,2,1,12,0,1,1
6,All,8,3,2,2,2,0,1,1
6,All,8,3,2,2,4,1,1,0
6,All,8,3,2,2,8,1,2,1
6,All,8,3,2,3,2,0,1,1
6,All,9,5,2,1,9,0,0,0
6,All,9,5,2,4,2,0,1,1
6,All,9,5,2,5,6,0,0,0
6,All,10,2,2,1,2,0,1,1
6,All,12,4,2,1,4,0,0,0
6,All,12,4,2,1,5,1,0,-1
6,All,12,4,2,2,6,0,1,1
6,All,12,4,2,2,9,1,1,0
6,All,12,4,2,2,10,1,2,1
6,All,12,4,2,4,2,0,1,1
6,All,12,4,2,4,7,1,1,0
6,All,12,4,2,4,9,2,1,-1
6,All,12,4,2,4,10,3,1,-2
6,All,13,6,3,1,5,0,0,0
6,All,13,6,3,2,3,0,0,0
6,All,13,6,3,2,8,0,1,1
6,All,13,6,3,2,12,1,1,0
6,All,13,6,3,3,8,0,0,0
6,All,13,6,3,4,7,1,0,-1
6,All,13,6,3,4,10,2,0,-2
6,All,13,6,3,5,3,0,1,1
6,All,13,6,3,5,4,1,1,0
6,All,13,6,3,5,5,2,1,-1
6,All,13,6,3,5,6,3,1,-2
6,All,13,6,3,5,7,4,1,-3
6,All,13,6,3,5,8,5,1,-4
6,All,13,6,3,6,2,0,1,1
6,All,13,6,3,6,7,1,1,0
6,All,14,1,3,1,2,0,1,1
6,All,15,4,3,2,2,1,0,-1
6,All,15,4,3,2,3,0,2,2
6,All,15,4,3,2,5,1,2,1
6,All,15,4,3,2,6,2,2,0
6,All,15,4,3,2,7,2,3,1
6,All,15,4,3,2,8,3,3,0
6,All,15,4,3,4,2,1,0,-1
6,All,15,4,3,4,10,2,0,-2
6,All,15,4,3,4,11,3,0,-3
6,All,16,5,3,1,11,0,0,0
6,All,16,5,3,2,8,1,0,-1
6,All,16,5,3,3,2,1,0,-1
6,All,16,5,3,3,3,2,0,-2
6,All,16,5,3,4,2,0,0,0
6,All,16,5,3,4,3,1,0,-1
6,All,16,5,3,4,4,2,0,-2
6,All,16,5,3,4,6,0,3,3
6,All,16,5,3,5,2,0,1,1
6,All,16,5,3,5,6,1,1,0
6,All,16,5,3,5,7,2,1,-1
6,All,16,5,3,5,8,3,1,-2
6,All,16,5,3,5,12,4,1,-3
6,All,17,3,3,1,12,0,0,0
6,All,17,3,3,3,3,1,0,-1
6,All,17,3,3,3,7,0,2,2
6,All,18,2,3,2,3,0,1,1
6,All,18,2,3,2,5,1,1,0
6,All,18,2,3,2,11,1,2,1
7,All,1,4,1,1,9,0,0,0
7,All,1,4,1,3,2,1,0,-1
7,All,1,4,1,3,3,0,2,2
7,All,1,4,1,4,2,1,0,-1
7,All,1,4,1,4,3,2,0,-2
7,All,1,4,1,4,5,0,3,3
7,All,2,1,1,1,2,0,1,1
7,All,3,5,1,1,4,0,0,0
7,All,3,5,1,1,9,1,0,-1
7,All,3,5,1,1,11,2,0,-2
7,All,3,5,1,3,3,1,0,-1
7,All,3,5,1,4,2,1,0,-1
7,All,3,5,1,4,3,0,2,2
7,All,4,3,1,2,8,0,0,0
7,All,5,2,1,1,2,0,1,1
7,All,6,6,1,1,12,0,0,0
7,All,6,6,1,2,4,0,1,1
7,All,6,6,1,2,9,1,1,0
7,All,6,6,1,2,10,2,1,-1
7,All,6,6,1,4,2,0,1,1
7,All,6,6,1,4,6,1,1,0
7,All,6,6,1,5,2,1,0,-1
7,All,6,6,1,5,3,0,2,2
7,All,7,1,2,1,2,0,1,1
7,All,8,5,2,1,2,1,0,-1
7,All,8,5,2,1,3,0,2,2
7,All,8,5,2,1,6,2,1,-1
7,All,8,5,2,1,10,3,1,-2
7,All,8,5,2,2,3,1,0,-1
7,All,8,5,2,3,2,1,0,-1
7,All,8,5,2,3,3,0,2,2
7,All,8,5,2,3,4,2,1,-1
7,All,8,5,2,3,6,3,1,-2
7,All,8,5,2,3,8,4,1,-3
7,All,8,5,2,3,10,5,1,-4
7,All,8,5,2,4,2,0,1,1
7,All,8,5,2,4,5,1,1,0
7,All,8,5,2,5,2,0,1,1
7,All,9,6,2,1,2,0,0,0
7,All,9,6,2,1,9,0,1,1
7,All,9,6,2,1,12,1,1,0
7,All,9,6,2,5,2,0,1,1
7,All,9,6,2,6,2,1,0,-1
7,All,10,2,2,1,5,0,0,0
7,All,10,2,2,2,4,0,0,0
7,All,11,4,2,1,2,0,1,1
7,All,11,4,2,2,2,0,1,1
7,All,11,4,2,3,2,0,1,1
7,All,11,4,2,4,3,1,0,-1
7,All,11,4,2,4,8,0,2,2
7,All,11,4,2,4,12,1,2,1
7,All,12,3,2,3,2,0,1,1
7,All,12,3,2,3,10,1,1,0
7,All,13,3,3,1,2,0,0,0
7,All,13,3,3,1,7,1,0,-1
7,All,13,3,3,1,11,2,0,-2
7,All,13,3,3,2,2,0,1,1
7,All,14,2,3,2,2,0,1,1
7,All,14,2,3,2,11,1,1,0
7,All,15,6,3,1,2,0,1,1
7,All,15,6,3,6,2,0,1,1
7,All,16,4,3,1,2,0,1,1
7,All,16,4,3,1,3,1,1,0
7,All,16,4,3,2,12,0,0,0
7,All,16,4,3,4,2,1,0,-1
7,All,16,4,3,4,3,0,2,2
7,All,16,4,3,4,4,2,1,-1
7,All,16,4,3,4,6,1,3,2
7,All,17,5,3,5,6,0,1,1
8,All,2,3,1,1,5,0,0,0
8,All,2,3,1,2,2,1,0,-1
8,All,2,3,1,2,3,2,0,-2
8,All,3,4,1,2,4,0,0,0
8,All,3,4,1,4,2,0,1,1
8,All,3,4,1,4,6,1,1,0
8,All,4,6,1,2,2,0,0,0
8,All,4,6,1,2,3,1,0,-1
8,All,4,6,1,2,4,2,0,-2
8,All,4,6,1,2,5,0,3,3
8,All,4,6,1,3,2,1,0,-1
8,All,4,6,1,3,6,2,0,-2
8,All,4,6,1,3,8,0,3,3
8,All,4,6,1,4,2,1,0,-1
8,All,4,6,1,4,3,2,0,-2
8,All,4,6,1,4,4,0,3,3
8,All,4,6,1,4,5,3,1,-2
8,All,4,6,1,4,7,4,1,-3
8,All,4,6,1,4,8,1,5,4
8,All,4,6,1,4,9,5,2,-3
8,All,4,6,1,4,10,6,2,-4
8,All,4,6,1,5,7,0,0,0
8,All,4,6,1,5,11,0,1,1
8,All,5,5,1,1,3,0,0,0
8,All,5,5,1,2,2,0,1,1
8,All,5,5,1,2,3,1,1,0
8,All,5,5,1,2,4,1,2,1
8,All,5,5,1,2,5,2,2,0
8,All,5,5,1,2,6,3,2,-1
8,All,5,5,1,2,7,2,4,2
8,All,5,5,1,2,11,3,4,1
8,All,5,5,1,3,2,0,0,0
8,All,5,5,1,3,5,1,0,-1
8,All,5,5,1,3,7,2,0,-2
8,All,5,5,1,3,8,3,0,-3
8,All,5,5,1,3,9,4,0,-4
8,All,5,5,1,3,10,5,0,-5
8,All,5,5,1,4,5,0,0,0
8,All,5,5,1,4,8,0,1,1
8,All,5,5,1,5,2,0,0,0
8,All,7,5,2,3,3,1,0,-1
8,All,7,5,2,3,7,2,0,-2
8,All,7,5,2,3,9,3,0,-3
8,All,7,5,2,4,3,0,0,0
8,All,7,5,2,4,5,1,0,-1
8,All,7,5,2,4,7,2,0,-2
8,All,7,5,2,4,8,3,0,-3
8,All,7,5,2,5,7,0,0,0
8,All,8,2,2,1,6,0,0,0
8,All,9,1,2,1,2,0,1,1
8,All,11,6,2,2,2,0,0,0
8,All,11,6,2,2,3,1,0,-1
8,All,11,6,2,2,4,2,0,-2
8,All,11,6,2,2,5,0,3,3
8,All,11,6,2,2,10,3,1,-2
8,All,11,6,2,3,3,0,0,0
8,All,11,6,2,3,4,1,0,-1
8,All,11,6,2,3,5,2,0,-2
8,All,11,6,2,4,2,1,0,-1
8,All,11,6,2,4,4,2,0,-2
8,All,11,6,2,4,5,3,0,-3
8,All,11,6,2,4,7,4,0,-4
8,All,11,6,2,4,8,0,5,5
8,All,11,6,2,6,4,0,0,0
8,All,11,6,2,6,8,0,1,1
8,All,11,6,2,6,10,1,1,0
8,All,12,4,2,1,3,1,0,-1
8,All,12,4,2,1,8,2,0,-2
8,All,12,4,2,2,3,0,0,0
8,All,12,4,2,3,6,0,0,0
8,All,12,4,2,3,8,1,0,-1
8,All,12,4,2,4,2,0,0,0
8,All,13,2,3,2,2,1,0,-1
8,All,14,4,3,2,2,1,0,-1
8,All,14,4,3,3,2,0,1,1
8,All,14,4,3,3,3,1,1,0
8,All,14,4,3,3,4,2,1,-1
8,All,14,4,3,3,5,1,3,2
8,All,14,4,3,4,9,0,1,1
8,All,14,4,3,4,11,1,1,0
8,All,15,3,3,2,6,0,0,0
8,All,15,3,3,3,9,0,0,0
8,All,16,1,3,1,2,0,1,1
8,All,17,6,3,1,3,0,1,1
8,All,17,6,3,1,6,1,1,0
8,All,17,6,3,2,5,1,0,-1
8,All,17,6,3,3,3,0,0,0
8,All,17,6,3,5,3,1,0,-1
8,All,17,6,3,5,4,2,0,-2
8,All,17,6,3,5,5,3,0,-3
8,All,17,6,3,5,6,4,0,-4
8,All,17,6,3,5,7,5,0,-5
8,All,17,6,3,5,9,6,0,-6
8,All,17,6,3,5,11,7,0,-7
8,All,18,5,3,3,2,1,0,-1
8,All,18,5,3,3,3,2,0,-2
8,All,18,5,3,3,5,3,0,-3
8,All,18,5,3,4,2,0,0,0
8,All,18,5,3,4,3,1,0,-1
8,All,18,5,3,4,4,2,0,-2
8,All,18,5,3,4,9,3,0,-3
9,All,2,6,1,2,2,0,1,1
9,All,2,6,1,2,3,1,1,0
9,All,2,6,1,6,2,0,0,0
9,All,2,6,1,6,3,0,1,1
9,All,2,6,1,6,5,1,1,0
9,All,5,4,1,4,2,0,1,1
9,All,5,4,1,4,6,1,1,0
9,All,6,5,1,2,2,0,1,1
9,All,6,5,1,2,3,1,1,0
9,All,6,5,1,4,2,0,1,1
9,All,6,5,1,5,2,0,1,1
9,All,7,2,2,2,2,0,1,1
9,All,8,3,2,3,2,1,0,-1
9,All,9,5,2,3,3,0,1,1
9,All,9,5,2,3,13,1,1,0
9,All,9,5,2,4,2,0,1,1
9,All,9,5,2,4,11,1,1,0
9,All,9,5,2,5,2,0,1,1
9,All,10,4,2,3,2,0,1,1
9,All,10,4,2,4,2,1,0,-1
9,All,10,4,2,4,3,0,2,2
9,All,10,4,2,4,4,1,2,1
9,All,12,6,2,1,3,0,1,1
9,All,12,6,2,1,4,1,1,0
9,All,12,6,2,6,9,1,0,-1
9,All,13,4,3,2,2,1,0,-1
9,All,13,4,3,4,2,0,1,1
9,All,15,2,3,2,3,0,0,0
9,All,15,2,3,2,12,1,0,-1
9,All,16,5,3,1,8,0,0,0
9,All,16,5,3,3,2,0,1,1
9,All,16,5,3,4,3,0,1,1
9,All,16,5,3,4,4,1,1,0
9,All,16,5,3,4,5,2,1,-1
9,All,16,5,3,5,2,0,1,1
9,All,16,5,3,5,5,1,1,0
9,All,16,5,3,5,9,2,1,-1
9,All,17,3,3,2,2,1,0,-1
9,All,17,3,3,2,3,0,2,2
9,All,17,3,3,3,2,0,1,1
9,All,18,6,3,2,2,0,1,1
9,All,18,6,3,2,3,1,1,0
9,All,18,6,3,3,2,1,0,-1
9,All,18,6,3,3,3,0,2,2
9,All,18,6,3,3,5,1,2,1
9,All,18,6,3,4,2,0,1,1
9,All,18,6,3,4,3,1,1,0
9,All,18,6,3,4,5,2,1,-1
9,All,18,6,3,4,6,3,1,-2
9,All,18,6,3,4,9,4,1,-3
9,All,18,6,3,5,3,1,0,-1
9,All,18,6,3,5,4,0,2,2
9,All,18,6,3,6,2,0,1,1
10,All,1,6,1,1,2,0,1,1
10,All,1,6,1,1,3,1,1,0
10,All,1,6,1,1,8,2,1,-1
10,All,1,6,1,3,2,1,0,-1
10,All,1,6,1,3,3,0,2,2
10,All,1,6,1,3,4,2,1,-1
10,All,1,6,1,3,5,1,3,2
10,All,1,6,1,3,6,3,2,-1
10,All,1,6,1,3,8,4,2,-2
10,All,1,6,1,3,9,5,2,-3
10,All,1,6,1,4,2,0,1,1
10,All,1,6,1,4,3,1,1,0
10,All,1,6,1,4,7,1,2,1
10,All,1,6,1,5,2,1,0,-1
10,All,1,6,1,5,3,0,2,2
10,All,1,6,1,5,4,1,2,1
10,All,1,6,1,5,5,2,2,0
10,All,1,6,1,5,6,3,2,-1
10,All,1,6,1,5,7,4,2,-2
10,All,1,6,1,6,2,0,1,1
10,All,1,6,1,6,3,1,1,0
10,All,1,6,1,6,4,2,1,-1
10,All,1,6,1,6,5,3,1,-2
10,All,2,2,1,2,2,0,1,1
10,All,3,3,1,2,2,0,1,1
10,All,3,3,1,2,8,1,1,0
10,All,4,5,1,2,8,0,0,0
10,All,6,4,1,3,2,1,0,-1
10,All,6,4,1,3,3,2,0,-2
10,All,6,4,1,3,4,0,3,3
10,All,6,4,1,3,6,1,3,2
10,All,10,6,2,5,2,0,1,1
10,All,10,6,2,5,3,1,1,0
10,All,10,6,2,5,5,2,1,-1
10,All,11,5,2,1,12,0,0,0
10,All,11,5,2,4,3,1,0,-1
10,All,14,5,3,2,3,1,0,-1
10,All,14,5,3,3,4,1,0,-1
11,All,1,2,1,2,4,0,0,0
11,All,2,5,1,3,2,0,1,1
11,All,2,5,1,4,2,0,1,1
11,All,2,5,1,4,3,1,1,0
11,All,2,5,1,4,5,2,1,-1
11,All,2,5,1,5,3,1,0,-1
11,All,2,5,1,5,7,2,0,-2
11,All,4,4,1,3,2,0,1,1
11,All,4,4,1,3,6,1,1,0
11,All,4,4,1,4,2,0,1,1
11,All,5,3,1,2,2,0,1,1
11,All,5,3,1,2,6,1,1,0
11,All,5,3,1,3,2,0,1,1
11,All,5,3,1,3,11,1,1,0
11,All,7,4,2,4,2,0,1,1
11,All,8,6,2,2,2,0,1,1
11,All,8,6,2,4,3,0,1,1
11,All,8,6,2,4,4,1,1,0
11,All,8,6,2,6,2,0,1,1
11,All,9,3,2,3,2,0,1,1
11,All,12,5,2,2,2,0,1,1
11,All,12,5,2,2,3,1,1,0
11,All,12,5,2,4,2,1,0,-1
11,All,12,5,2,4,3,0,2,2
11,All,12,5,2,5,2,0,1,1
11,All,12,5,2,5,3,1,1,0
11,All,13,5,3,5,2,0,1,1
11,All,14,6,3,5,2,1,0,-1
11,All,14,6,3,5,3,0,2,2
11,All,14,6,3,5,4,1,2,1
11,All,14,6,3,6,2,0,1,1
11,All,15,1,3,1,2,0,1,1
11,All,16,3,3,3,2,0,0,0
11,All,17,4,3,4,2,0,1,1
11,All,18,2,3,1,11,0,0,0
11,All,18,2,3,2,2,1,0,-1
12,All,1,5,1,1,3,0,0,0
12,All,1,5,1,3,2,0,1,1
12,All,1,5,1,3,8,1,1,0
12,All,1,5,1,5,2,0,1,1
12,All,1,5,1,5,4,1,1,0
12,All,1,5,1,5,7,2,1,-1
12,All,1,5,1,5,10,3,1,-2
12,All,2,4,1,1,3,1,0,-1
12,All,2,4,1,1,4,2,0,-2
12,All,2,4,1,1,5,0,3,3
12,All,2,4,1,2,3,1,0,-1
12,All,2,4,1,2,6,0,2,2
12,All,2,4,1,2,9,1,2,1
12,All,2,4,1,2,12,2,2,0
12,All,2,4,1,3,2,1,0,-1
12,All,2,4,1,4,2,0,1,1
12,All,2,4,1,4,3,1,1,0
12,All,2,4,1,4,4,2,1,-1
12,All,2,4,1,4,10,3,1,-2
12,All,3,2,1,1,2,1,0,-1
12,All,3,2,1,1,3,0,2,2
12,All,3,2,1,1,6,2,1,-1
12,All,3,2,1,1,7,1,3,2
12,All,3,2,1,2,4,0,0,0
12,All,5,6,1,2,2,0,1,1
12,All,5,6,1,2,7,1,1,0
12,All,5,6,1,5,2,0,1,1
12,All,5,6,1,5,3,1,1,0
12,All,5,6,1,6,2,0,0,0
12,All,6,3,1,2,2,0,0,0
12,All,7,6,2,1,2,0,0,0
12,All,7,6,2,1,3,1,0,-1
12,All,7,6,2,1,7,0,2,2
12,All,7,6,2,1,10,2,1,-1
12,All,7,6,2,1,11,1,3,2
12,All,7,6,2,1,13,3,2,-1
12,All,7,6,2,2,2,0,0,0
12,All,7,6,2,2,5,0,1,1
12,All,7,6,2,2,7,1,1,0
12,All,7,6,2,3,2,0,0,0
12,All,7,6,2,3,3,1,0,-1
12,All,7,6,2,3,7,2,0,-2
12,All,7,6,2,3,8,3,0,-3
12,All,7,6,2,3,10,4,0,-4
12,All,7,6,2,4,2,0,1,1
12,All,7,6,2,4,4,1,1,0
12,All,7,6,2,4,5,2,1,-1
12,All,7,6,2,4,8,3,1,-2
12,All,7,6,2,6,2,1,0,-1
12,All,7,6,2,6,3,0,2,2
12,All,7,6,2,6,4,2,1,-1
12,All,7,6,2,6,5,1,3,2
12,All,7,6,2,6,6,3,2,-1
12,All,7,6,2,6,7,2,4,2
12,All,7,6,2,6,8,4,3,-1
12,All,7,6,2,6,9,5,3,-2
12,All,7,6,2,6,10,6,3,-3
12,All,7,6,2,6,11,3,7,4
12,All,7,6,2,6,12,7,4,-3
12,All,8,1,2,1,2,0,1,1
12,All,9,4,2,1,2,0,0,0
12,All,9,4,2,1,5,1,0,-1
12,All,9,4,2,2,2,0,1,1
12,All,9,4,2,2,4,1,1,0
12,All,9,4,2,2,5,1,2,1
12,All,9,4,2,2,6,2,2,0
12,All,9,4,2,2,8,2,3,1
12,All,9,4,2,3,2,1,0,-1
12,All,9,4,2,3,7,2,0,-2
12,All,9,4,2,3,10,0,3,3
12,All,9,4,2,4,2,0,1,1
12,All,9,4,2,4,8,1,1,0
12,All,9,4,2,4,11,2,1,-1
12,All,9,4,2,4,13,3,1,-2
12,All,10,5,2,1,2,1,0,-1
12,All,10,5,2,1,3,0,2,2
12,All,10,5,2,3,2,1,0,-1
12,All,10,5,2,3,4,0,2,2
12,All,10,5,2,3,6,1,2,1
12,All,10,5,2,3,9,2,2,0
12,All,10,5,2,3,11,2,3,1
12,All,10,5,2,4,9,0,0,0
12,All,10,5,2,4,12,0,1,1
12,All,10,5,2,5,2,1,0,-1
12,All,10,5,2,5,3,2,0,-2
12,All,10,5,2,5,4,0,3,3
12,All,10,5,2,5,5,3,1,-2
12,All,11,3,2,1,4,0,0,0
12,All,11,3,2,1,6,1,0,-1
12,All,11,3,2,1,8,0,2,2
12,All,11,3,2,1,9,1,2,1
12,All,11,3,2,2,3,1,0,-1
12,All,11,3,2,2,6,2,0,-2
12,All,11,3,2,2,8,3,0,-3
12,All,11,3,2,3,3,0,0,0
12,All,11,3,2,3,5,1,0,-1
12,All,11,3,2,3,6,2,0,-2
12,All,11,3,2,3,7,3,0,-3
12,All,11,3,2,3,8,0,4,4
12,All,11,3,2,3,9,4,1,-3
12,All,11,3,2,3,13,5,1,-4
12,All,12,2,2,1,4,0,0,0
12,All,12,2,2,1,6,1,0,-1
12,All,12,2,2,1,7,2,0,-2
12,All,12,2,2,1,8,0,3,3
12,All,12,2,2,1,12,1,3,2
12,All,12,2,2,2,4,0,0,0
12,All,12,2,2,2,7,0,1,1
12,All,12,2,2,2,8,1,1,0
12,All,13,6,3,1,2,1,0,-1
12,All,13,6,3,1,3,0,2,2
12,All,13,6,3,1,4,2,1,-1
12,All,13,6,3,1,6,3,1,-2
12,All,13,6,3,1,7,1,4,3
12,All,13,6,3,1,9,4,2,-2
12,All,13,6,3,1,12,2,5,3
12,All,13,6,3,3,3,0,1,1
12,All,13,6,3,3,4,1,1,0
12,All,13,6,3,4,2,1,0,-1
12,All,13,6,3,4,3,0,2,2
12,All,13,6,3,4,4,2,1,-1
12,All,13,6,3,4,5,3,1,-2
12,All,13,6,3,4,7,1,4,3
12,All,13,6,3,4,8,4,2,-2
12,All,13,6,3,6,2,0,0,0
12,All,13,6,3,6,3,1,0,-1
12,All,13,6,3,6,7,0,2,2
12,All,14,3,3,1,8,0,0,0
12,All,14,3,3,2,2,0,1,1
12,All,15,5,3,1,2,0,0,0
12,All,15,5,3,1,3,0,1,1
12,All,15,5,3,3,2,1,0,-1
12,All,15,5,3,3,3,0,2,2
12,All,15,5,3,3,5,1,2,1
12,All,15,5,3,3,6,2,2,0
12,All,15,5,3,5,8,0,1,1
12,All,16,2,3,2,2,0,1,1
12,All,16,2,3,2,9,1,1,0
12,All,17,1,3,1,4,0,0,0
12,All,17,1,3,1,5,0,1,1
12,All,17,1,3,1,7,1,1,0
12,All,17,1,3,1,10,1,2,1
12,All,18,4,3,1,4,0,0,0
12,All,18,4,3,1,6,0,1,1
12,All,18,4,3,1,7,1,1,0
12,All,18,4,3,1,8,2,1,-1
12,All,18,4,3,1,9,1,3,2
12,All,18,4,3,1,10,2,3,1
12,All,18,4,3,1,11,3,3,0
12,All,18,4,3,1,12,4,3,-1
12,All,18,4,3,1,13,3,5,2
12,All,18,4,3,2,2,0,0,0
12,All,18,4,3,2,3,1,0,-1
12,All,18,4,3,2,6,2,0,-2
12,All,18,4,3,2,11,3,0,-3
12,All,18,4,3,3,2,0,1,1
12,All,18,4,3,3,3,1,1,0
12,All,18,4,3,3,7,1,2,1
12,All,18,4,3,3,8,2,2,0
12,All,18,4,3,3,9,3,2,-1
12,All,18,4,3,3,11,2,4,2
12,All,18,4,3,4,2,0,1,1
12,All,18,4,3,4,7,1,1,0
13,All,1,1,1,1,2,0,1,1
13,All,2,5,1,1,2,0,1,1
13,All,2,5,1,2,2,0,1,1
13,All,2,5,1,2,4,1,1,0
13,All,2,5,1,2,5,1,2,1
13,All,2,5,1,2,6,2,2,0
13,All,2,5,1,2,7,2,3,1
13,All,2,5,1,2,8,3,3,0
13,All,2,5,1,4,3,1,0,-1
13,All,2,5,1,4,4,2,0,-2
13,All,2,5,1,5,2,0,0,0
13,All,3,6,1,1,2,1,0,-1
13,All,3,6,1,1,3,0,2,2
13,All,3,6,1,1,6,1,2,1
13,All,4,2,1,1,2,0,0,0
13,All,5,4,1,3,2,0,1,1
13,All,5,4,1,4,2,0,1,1
13,All,7,4,2,3,2,0,1,1
13,All,7,4,2,3,3,1,1,0
13,All,9,5,2,2,2,0,1,1
13,All,9,5,2,2,3,1,1,0
13,All,9,5,2,2,4,1,2,1
13,All,9,5,2,4,2,0,1,1
13,All,9,5,2,5,9,0,0,0
13,All,10,3,2,2,2,0,0,0
13,All,12,6,2,2,3,0,0,0
13,All,12,6,2,2,4,1,0,-1
13,All,12,6,2,2,7,2,0,-2
13,All,12,6,2,3,2,0,1,1
13,All,12,6,2,3,3,1,1,0
13,All,12,6,2,3,5,1,2,1
13,All,12,6,2,4,2,1,0,-1
13,All,12,6,2,4,3,0,2,2
13,All,13,3,3,2,2,0,1,1
13,All,14,2,3,1,4,1,0,-1
13,All,14,2,3,2,2,0,1,1
13,All,15,6,3,1,10,0,0,0
13,All,15,6,3,2,2,0,1,1
13,All,15,6,3,2,3,1,1,0
13,All,15,6,3,2,4,1,2,1
13,All,15,6,3,3,9,0,1,1
13,All,15,6,3,4,2,0,1,1
13,All,15,6,3,4,3,1,1,0
13,All,15,6,3,4,4,1,2,1
13,All,15,6,3,4,6,2,2,0
13,All,15,6,3,5,12,0,0,0
13,All,16,4,3,2,2,0,1,1
13,All,17,5,3,2,2,0,1,1
14,All,1,5,1,4,2,0,1,1
14,All,2,2,1,2,2,0,1,1
14,All,3,1,1,1,2,0,1,1
14,All,4,3,1,3,2,0,1,1
14,All,4,3,1,3,8,1,1,0
14,All,5,6,1,1,6,0,0,0
14,All,5,6,1,1,9,0,1,1
14,All,5,6,1,2,2,0,1,1
14,All,5,6,1,4,3,0,1,1
14,All,5,6,1,4,4,1,1,0
14,All,5,6,1,4,6,2,1,-1
14,All,5,6,1,5,2,0,1,1
14,All,5,6,1,5,3,1,1,0
14,All,5,6,1,5,4,1,2,1
14,All,5,6,1,5,12,2,2,0
14,All,6,4,1,2,2,0,1,1
14,All,6,4,1,4,3,0,1,1
14,All,8,3,2,3,8,0,1,1
14,All,9,4,2,4,2,0,1,1
14,All,10,6,2,2,9,0,0,0
14,All,10,6,2,3,2,0,1,1
14,All,10,6,2,3,3,1,1,0
14,All,10,6,2,4,8,0,1,1
14,All,10,6,2,5,3,0,1,1
14,All,10,6,2,6,3,0,1,1
14,All,11,5,2,2,11,0,1,1
14,All,11,5,2,5,2,0,1,1
14,All,12,2,2,1,4,0,0,0
14,All,12,2,2,2,2,0,0,0
14,All,14,4,3,1,9,0,0,0
14,All,14,4,3,4,2,1,0,-1
14,All,14,4,3,4,7,2,0,-2
14,All,15,3,3,3,2,1,0,-1
14,All,15,3,3,3,3,0,2,2
14,All,17,6,3,2,3,0,1,1
14,All,17,6,3,2,5,1,1,0
14,All,17,6,3,2,12,2,1,-1
14,All,17,6,3,3,11,0,1,1
14,All,17,6,3,4,4,0,1,1
14,All,17,6,3,5,2,0,1,1
14,All,17,6,3,5,4,1,1,0
14,All,17,6,3,6,2,0,1,1
14,All,18,5,3,1,3,1,0,-1
14,All,18,5,3,2,3,0,1,1
14,All,18,5,3,5,2,0,1,1
15,All,1,2,1,1,2,1,0,-1
15,All,1,2,1,1,3,0,2,2
15,All,1,2,1,1,4,1,2,1
15,All,3,5,1,2,3,0,1,1
15,All,3,5,1,3,3,1,0,-1
15,All,4,4,1,3,2,0,1,1
15,All,6,6,1,1,2,1,0,-1
15,All,6,6,1,1,3,0,2,2
15,All,6,6,1,1,4,2,1,-1
15,All,6,6,1,1,5,3,1,-2
15,All,6,6,1,1,6,1,4,3
15,All,6,6,1,5,2,1,0,-1
15,All,6,6,1,5,5,2,0,-2
15,All,6,6,1,6,2,1,0,-1
15,All,6,6,1,6,4,2,0,-2
15,All,6,6,1,6,5,0,3,3
15,All,7,3,2,3,2,0,1,1
15,All,8,6,2,3,3,0,1,1
15,All,11,4,2,1,2,0,1,1
15,All,11,4,2,4,2,0,0,0
15,All,11,4,2,4,5,0,1,1
15,All,12,5,2,2,9,0,0,0
15,All,12,5,2,3,2,0,1,1
15,All,12,5,2,3,3,1,1,0
15,All,12,5,2,3,4,1,2,1
15,All,15,2,3,1,2,0,1,1
15,All,16,5,3,4,2,0,1,1
15,All,16,5,3,4,3,1,1,0
15,All,16,5,3,4,4,1,2,1
15,All,17,3,3,1,7,0,0,0
15,All,18,6,3,1,2,0,1,1
15,All,18,6,3,1,3,1,1,0
15,All,18,6,3,1,4,2,1,-1
15,All,18,6,3,1,5,1,3,2
15,All,18,6,3,1,6,3,2,-1
15,All,18,6,3,1,7,2,4,2
15,All,18,6,3,3,3,0,1,1
15,All,18,6,3,3,4,1,1,0
15,All,18,6,3,3,5,2,1,-1
15,All,18,6,3,3,7,3,1,-2
15,All,18,6,3,4,2,0,1,1
15,All,18,6,3,4,6,1,1,0
15,All,18,6,3,5,4,0,0,0
15,All,18,6,3,5,7,1,0,-1
15,All,18,6,3,6,2,0,1,1
15,All,18,6,3,6,3,1,1,0
15,All,18,6,3,6,5,2,1,-1
16,All,2,4,1,1,4,0,0,0
16,All,2,4,1,4,5,0,0,0
16,All,2,4,1,4,8,1,0,-1
16,All,4,6,1,1,2,0,1,1
16,All,4,6,1,1,8,1,1,0
16,All,4,6,1,2,2,1,0,-1
16,All,4,6,1,6,4,1,0,-1
16,All,4,6,1,6,6,0,2,2
16,All,4,6,1,6,12,1,2,1
16,All,5,5,1,2,10,1,0,-1
16,All,5,5,1,2,11,2,0,-2
16,All,5,5,1,2,12,3,0,-3
16,All,5,5,1,4,2,1,0,-1
16,All,5,5,1,4,3,0,2,2
16,All,5,5,1,4,4,1,2,1
16,All,5,5,1,4,5,2,2,0
16,All,5,5,1,5,2,0,1,1
16,All,5,5,1,5,4,1,1,0
16,All,5,5,1,5,5,1,2,1
16,All,5,5,1,5,6,2,2,0
16,All,5,5,1,5,8,3,2,-1
16,All,5,5,1,5,9,4,2,-2
16,All,5,5,1,5,10,5,2,-3
16,All,6,1,1,1,2,0,1,1
16,All,7,6,2,3,4,0,1,1
16,All,7,6,2,3,5,1,1,0
16,All,7,6,2,4,2,1,0,-1
16,All,7,6,2,5,2,0,1,1
16,All,8,2,2,2,2,0,1,1
16,All,9,3,2,2,2,0,1,1
16,All,9,3,2,3,2,0,1,1
16,All,9,3,2,3,13,1,1,0
16,All,10,5,2,1,6,0,1,1
16,All,10,5,2,1,10,1,1,0
16,All,10,5,2,3,2,0,0,0
16,All,10,5,2,4,2,0,1,1
16,All,10,5,2,4,3,1,1,0
16,All,10,5,2,4,4,2,1,-1
16,All,10,5,2,4,5,1,3,2
16,All,10,5,2,4,6,2,3,1
16,All,10,5,2,4,7,3,3,0
16,All,12,4,2,2,2,0,0,0
16,All,12,4,2,2,8,1,0,-1
16,All,12,4,2,4,2,0,1,1
16,All,12,4,2,4,4,1,1,0
16,All,14,5,3,1,7,0,0,0
16,All,14,5,3,4,2,0,1,1
16,All,14,5,3,4,3,1,1,0
16,All,14,5,3,5,2,0,1,1
16,All,14,5,3,5,4,1,1,0
16,All,15,4,3,1,2,0,0,0
16,All,15,4,3,1,3,0,1,1
16,All,15,4,3,1,4,1,1,0
16,All,15,4,3,1,5,2,1,-1
16,All,15,4,3,1,6,1,3,2
16,All,15,4,3,1,10,3,2,-1
16,All,15,4,3,2,3,1,0,-1
16,All,15,4,3,2,5,2,0,-2
16,All,15,4,3,2,6,3,0,-3
16,All,15,4,3,2,7,0,4,4
16,All,15,4,3,2,8,4,1,-3
16,All,15,4,3,2,10,5,1,-4
16,All,15,4,3,2,11,1,6,5
16,All,15,4,3,2,12,6,2,-4
16,All,15,4,3,3,3,0,0,0
16,All,15,4,3,3,4,0,1,1
16,All,15,4,3,3,11,1,1,0
16,All,15,4,3,4,2,0,1,1
16,All,15,4,3,4,3,1,1,0
16,All,15,4,3,4,4,2,1,-1
16,All,15,4,3,4,5,1,3,2
16,All,16,6,3,2,2,0,1,1
16,All,16,6,3,2,3,1,1,0
16,All,16,6,3,2,4,2,1,-1
16,All,16,6,3,3,4,0,1,1
16,All,16,6,3,3,6,1,1,0
16,All,16,6,3,3,10,2,1,-1
16,All,16,6,3,4,2,0,1,1
16,All,16,6,3,4,3,1,1,0
16,All,16,6,3,4,4,2,1,-1
16,All,16,6,3,4,6,1,3,2
16,All,16,6,3,4,7,2,3,1
16,All,16,6,3,4,8,3,3,0
16,All,16,6,3,4,9,4,3,-1
16,All,16,6,3,4,10,5,3,-2
16,All,16,6,3,4,11,3,6,3
16,All,16,6,3,4,12,6,4,-2
16,All,16,6,3,5,3,0,1,1
16,All,16,6,3,6,2,0,1,1
16,All,16,6,3,6,3,1,1,0
16,All,16,6,3,6,5,2,1,-1
16,All,17,2,3,2,2,0,1,1
16,All,17,2,3,2,3,1,1,0
16,All,18,3,3,2,4,1,0,-1
16,All,18,3,3,2,5,2,0,-2
16,All,18,3,3,2,7,3,0,-3
16,All,18,3,3,3,3,1,0,-1
17,All,1,4,1,3,2,0,1,1
17,All,1,4,1,3,3,1,1,0
17,All,1,4,1,3,4,1,2,1
17,All,2,6,1,1,4,1,0,-1
17,All,2,6,1,1,5,2,0,-2
17,All,2,6,1,1,6,0,3,3
17,All,2,6,1,1,7,3,1,-2
17,All,2,6,1,1,11,4,1,-3
17,All,2,6,1,3,5,0,1,1
17,All,2,6,1,4,2,0,1,1
17,All,2,6,1,4,3,1,1,0
17,All,2,6,1,4,4,2,1,-1
17,All,2,6,1,4,5,1,3,2
17,All,2,6,1,4,7,2,3,1
17,All,2,6,1,4,9,3,3,0
17,All,2,6,1,4,10,3,4,1
17,All,2,6,1,4,11,4,4,0
17,All,2,6,1,5,2,1,0,-1
17,All,2,6,1,5,3,0,2,2
17,All,2,6,1,5,5,2,1,-1
17,All,2,6,1,5,6,3,1,-2
17,All,2,6,1,5,7,1,4,3
17,All,2,6,1,5,8,2,4,2
17,All,2,6,1,5,9,4,3,-1
17,All,3,3,1,3,2,0,1,1
17,All,3,3,1,3,4,1,1,0
17,All,3,3,1,3,12,2,1,-1
17,All,5,2,1,2,2,0,1,1
17,All,6,5,1,2,2,0,1,1
17,All,6,5,1,2,4,1,1,0
17,All,6,5,1,3,2,0,1,1
17,All,6,5,1,3,10,1,1,0
17,All,6,5,1,5,2,0,1,1
17,All,6,5,1,5,3,1,1,0
17,All,7,2,2,2,9,0,0,0
17,All,8,5,2,2,3,1,0,-1
17,All,8,5,2,2,4,2,0,-2
17,All,8,5,2,2,6,0,3,3
17,All,8,5,2,3,2,0,0,0
17,All,8,5,2,4,2,0,1,1
17,All,8,5,2,4,4,1,1,0
17,All,8,5,2,4,5,2,1,-1
17,All,8,5,2,4,8,3,1,-2
17,All,8,5,2,4,11,4,1,-3
17,All,8,5,2,5,2,0,1,1
17,All,9,6,2,1,2,0,0,0
17,All,9,6,2,2,2,1,0,-1
17,All,9,6,2,2,3,0,2,2
17,All,9,6,2,2,4,2,1,-1
17,All,9,6,2,2,5,1,3,2
17,All,9,6,2,3,2,0,0,0
17,All,9,6,2,3,5,1,0,-1
17,All,9,6,2,3,6,2,0,-2
17,All,9,6,2,3,11,3,0,-3
17,All,9,6,2,4,2,0,1,1
17,All,9,6,2,4,3,1,1,0
17,All,9,6,2,4,6,2,1,-1
17,All,9,6,2,5,2,0,1,1
17,All,9,6,2,5,4,1,1,0
17,All,9,6,2,5,6,1,2,1
17,All,9,6,2,6,2,0,1,1
17,All,9,6,2,6,3,1,1,0
17,All,9,6,2,6,4,1,2,1
17,All,10,4,2,3,2,0,1,1
17,All,10,4,2,4,2,0,1,1
17,All,11,3,2,2,2,0,0,0
17,All,11,3,2,3,2,0,1,1
17,All,12,1,2,1,2,0,1,1
17,All,13,5,3,1,2,0,1,1
17,All,13,5,3,1,3,1,1,0
17,All,13,5,3,2,2,0,0,0
17,All,13,5,3,3,2,1,0,-1
17,All,13,5,3,3,3,0,2,2
17,All,13,5,3,4,2,1,0,-1
17,All,13,5,3,4,3,2,0,-2
17,All,13,5,3,4,4,3,0,-3
17,All,13,5,3,4,6,4,0,-4
17,All,13,5,3,4,7,5,0,-5
17,All,13,5,3,4,12,0,6,6
17,All,13,5,3,5,2,1,0,-1
17,All,13,5,3,5,3,0,2,2
17,All,13,5,3,5,4,2,1,-1
17,All,13,5,3,5,5,1,3,2
17,All,13,5,3,5,6,3,2,-1
17,All,13,5,3,5,8,4,2,-2
17,All,13,5,3,5,9,2,5,3
17,All,13,5,3,5,10,3,5,2
17,All,13,5,3,5,11,4,5,1
17,All,14,6,3,3,3,0,1,1
17,All,14,6,3,4,2,0,1,1
17,All,14,6,3,4,3,1,1,0
17,All,14,6,3,4,5,2,1,-1
17,All,14,6,3,4,10,3,1,-2
17,All,16,3,3,1,4,0,0,0
17,All,16,3,3,2,2,0,1,1
17,All,17,4,3,2,3,0,1,1
17,All,17,4,3,2,5,1,1,0
17,All,17,4,3,2,7,2,1,-1
17,All,17,4,3,2,8,3,1,-2
17,All,17,4,3,3,2,0,1,1
17,All,17,4,3,3,3,1,1,0
17,All,17,4,3,4,2,0,1,1
17,All,18,2,3,2,12,0,1,1
18,All,1,6,1,3,2,0,1,1
18,All,1,6,1,4,3,1,0,-1
18,All,1,6,1,4,5,2,0,-2
18,All,1,6,1,5,3,0,0,0
18,All,3,4,1,1,2,0,1,1
18,All,3,4,1,1,3,1,1,0
18,All,3,4,1,3,2,1,0,-1
18,All,3,4,1,3,3,0,2,2
18,All,3,4,1,3,11,2,1,-1
18,All,3,4,1,4,2,0,1,1
18,All,3,4,1,4,8,1,1,0
18,All,4,5,1,2,3,0,1,1
18,All,4,5,1,4,3,0,0,0
18,All,4,5,1,5,2,0,1,1
18,All,4,5,1,5,4,1,1,0
18,All,5,3,1,1,6,0,1,1
18,All,5,3,1,1,7,1,1,0
18,All,5,3,1,2,2,0,1,1
18,All,5,3,1,3,2,0,1,1
18,All,6,2,1,2,2,0,1,1
18,All,7,5,2,1,9,0,0,0
18,All,7,5,2,3,2,1,0,-1
18,All,7,5,2,3,3,0,2,2
18,All,7,5,2,3,5,1,2,1
18,All,7,5,2,4,2,1,0,-1
18,All,7,5,2,4,3,0,2,2
18,All,8,4,2,1,4,0,0,0
18,All,8,4,2,3,2,0,1,1
18,All,9,2,2,1,2,0,1,1
18,All,9,2,2,2,2,0,1,1
18,All,9,2,2,2,3,1,1,0
18,All,11,6,2,3,2,1,0,-1
18,All,11,6,2,3,3,0,2,2
18,All,11,6,2,3,8,1,2,1
18,All,11,6,2,6,2,1,0,-1
18,All,12,3,2,2,4,0,0,0
18,All,12,3,2,3,5,0,0,0
18,All,12,3,2,3,12,0,1,1
18,All,13,6,3,3,5,1,0,-1
18,All,13,6,3,5,2,0,1,1
18,All,14,3,3,1,2,0,0,0
18,All,14,3,3,1,5,0,1,1
18,All,14,3,3,3,2,0,0,0
18,All,14,3,3,3,5,0,1,1
18,All,15,5,3,1,11,0,0,0
18,All,15,5,3,2,2,1,0,-1
18,All,15,5,3,2,3,0,2,2
18,All,15,5,3,5,2,0,1,1
18,All,15,5,3,5,4,1,1,0
18,All,15,5,3,5,5,1,2,1
18,All,16,2,3,1,2,0,0,0
18,All,16,2,3,1,3,1,0,-1
18,All,16,2,3,1,7,2,0,-2
18,All,16,2,3,2,2,0,1,1
18,All,18,4,3,3,2,0,1,1
18,All,18,4,3,4,8,0,1,1
18,All,18,4,3,4,13,1,1,0
19,All,1,2,1,2,2,0,1,1
19,All,2,4,1,1,12,0,0,0
19,All,2,4,1,4,2,1,0,-1
19,All,3,5,1,3,4,1,0,-1
19,All,3,5,1,5,2,0,1,1
19,All,3,5,1,5,9,1,1,0
19,All,4,3,1,1,9,0,0,0
19,All,4,3,1,2,2,0,1,1
19,All,4,3,1,2,4,1,1,0
19,All,4,3,1,3,2,0,1,1
19,All,4,3,1,3,8,1,1,0
19,All,5,6,1,3,3,1,0,-1
19,All,7,5,2,1,4,0,1,1
19,All,7,5,2,1,12,1,1,0
19,All,7,5,2,2,6,1,0,-1
19,All,7,5,2,3,2,1,0,-1
19,All,7,5,2,4,2,0,1,1
19,All,7,5,2,4,5,1,1,0
19,All,7,5,2,5,2,0,1,1
19,All,8,2,2,2,2,0,1,1
19,All,9,6,2,1,3,0,0,0
19,All,9,6,2,1,8,0,1,1
19,All,9,6,2,2,2,0,1,1
19,All,9,6,2,2,5,1,1,0
19,All,9,6,2,2,7,2,1,-1
19,All,9,6,2,4,6,1,0,-1
19,All,9,6,2,6,2,0,1,1
19,All,10,4,2,3,2,0,1,1
19,All,10,4,2,4,2,0,1,1
19,All,12,3,2,1,11,0,0,0
19,All,12,3,2,2,2,0,0,0
19,All,12,3,2,3,5,1,0,-1
19,All,15,4,3,4,12,0,0,0
19,All,16,6,3,1,2,0,1,1
19,All,16,6,3,1,3,1,1,0
19,All,16,6,3,2,2,1,0,-1
19,All,16,6,3,4,2,0,1,1
19,All,16,6,3,5,2,0,1,1
19,All,17,5,3,1,11,0,0,0
19,All,17,5,3,3,4,1,0,-1
19,All,18,2,3,1,2,0,0,0
19,All,18,2,3,1,10,1,0,-1
20,All,1,4,1,4,2,0,1,1
20,All,1,4,1,4,3,1,1,0
20,All,5,5,1,1,3,0,1,1
20,All,5,5,1,3,2,0,1,1
20,All,5,5,1,3,3,1,1,0
20,All,5,5,1,3,4,1,2,1
20,All,5,5,1,4,2,1,0,-1
20,All,5,5,1,4,3,0,2,2
20,All,6,6,1,2,2,1,0,-1
20,All,6,6,1,3,10,0,0,0
20,All,6,6,1,4,2,1,0,-1
20,All,6,6,1,4,3,2,0,-2
20,All,6,6,1,4,4,0,3,3
20,All,7,2,2,1,2,0,1,1
20,All,8,4,2,3,2,1,0,-1
20,All,8,4,2,3,5,2,0,-2
20,All,10,3,2,2,2,0,1,1
20,All,11,6,2,2,3,0,0,0
20,All,14,6,3,5,3,1,0,-1
20,All,14,6,3,5,12,2,0,-2
20,All,15,1,3,1,2,0,1,1
20,All,17,4,3,2,3,0,0,0
20,All,17,4,3,3,2,0,1,1
20,All,17,4,3,3,5,1,1,0
20,All,18,5,3,1,8,0,0,0
20,All,18,5,3,2,6,1,0,-1
20,All,18,5,3,4,2,0,1,1
21,All,1,3,1,1,2,0,1,1
21,All,1,3,1,1,3,1,1,0
21,All,2,1,1,1,2,0,1,1
21,All,3,4,1,2,2,0,1,1
21,All,3,4,1,2,3,1,1,0
21,All,3,4,1,4,2,0,1,1
21,All,3,4,1,4,3,1,1,0
21,All,3,4,1,4,4,1,2,1
21,All,3,4,1,4,10,2,2,0
21,All,4,6,1,1,2,1,0,-1
21,All,4,6,1,1,3,0,2,2
21,All,4,6,1,1,4,2,1,-1
21,All,4,6,1,1,5,1,3,2
21,All,4,6,1,1,6,3,2,-1
21,All,4,6,1,1,7,2,4,2
21,All,4,6,1,1,8,3,4,1
21,All,4,6,1,1,9,4,4,0
21,All,4,6,1,4,2,1,0,-1
21,All,4,6,1,4,3,2,0,-2
21,All,4,6,1,4,5,3,0,-3
21,All,4,6,1,4,7,0,4,4
21,All,4,6,1,4,8,1,4,3
21,All,4,6,1,5,2,1,0,-1
21,All,4,6,1,5,3,0,2,2
21,All,4,6,1,5,4,2,1,-1
21,All,4,6,1,5,7,1,3,2
21,All,4,6,1,5,9,3,2,-1
21,All,5,2,1,2,10,0,1,1
21,All,6,5,1,1,2,1,0,-1
21,All,6,5,1,4,2,1,0,-1
21,All,7,4,2,2,2,1,0,-1
21,All,7,4,2,2,3,0,2,2
21,All,7,4,2,2,4,1,2,1
21,All,7,4,2,3,2,0,1,1
21,All,7,4,2,3,3,1,1,0
21,All,7,4,2,3,8,1,2,1
21,All,7,4,2,4,2,0,1,1
21,All,7,4,2,4,3,1,1,0
21,All,7,4,2,4,4,1,2,1
21,All,7,4,2,4,5,2,2,0
21,All,8,3,2,1,2,0,0,0
21,All,8,3,2,2,2,0,1,1
21,All,8,3,2,2,3,1,1,0
21,All,8,3,2,2,4,2,1,-1
21,All,8,3,2,2,5,1,3,2
21,All,8,3,2,2,6,3,2,-1
21,All,8,3,2,2,9,4,2,-2
21,All,8,3,2,2,11,2,5,3
21,All,8,3,2,3,2,0,1,1
21,All,8,3,2,3,3,1,1,0
21,All,8,3,2,3,4,2,1,-1
21,All,8,3,2,3,11,1,3,2
21,All,11,5,2,1,2,0,1,1
21,All,11,5,2,1,3,1,1,0
21,All,11,5,2,1,5,1,2,1
21,All,11,5,2,2,6,0,0,0
21,All,11,5,2,3,7,0,0,0
21,All,11,5,2,5,2,1,0,-1
21,All,11,5,2,5,3,0,2,2
21,All,11,5,2,5,10,1,2,1
21,All,12,6,2,2,2,1,0,-1
21,All,12,6,2,2,4,2,0,-2
21,All,12,6,2,3,2,0,0,0
21,All,12,6,2,4,2,0,1,1
21,All,12,6,2,4,3,1,1,0
21,All,12,6,2,4,4,1,2,1
21,All,12,6,2,4,5,2,2,0
21,All,12,6,2,4,6,2,3,1
21,All,12,6,2,4,7,3,3,0
21,All,12,6,2,4,8,4,3,-1
21,All,12,6,2,4,9,5,3,-2
21,All,12,6,2,5,3,1,0,-1
21,All,12,6,2,5,4,0,2,2
21,All,12,6,2,5,6,1,2,1
21,All,12,6,2,5,7,2,2,0
21,All,12,6,2,6,2,0,0,0
21,All,12,6,2,6,3,1,0,-1
21,All,13,6,3,2,12,0,1,1
21,All,13,6,3,5,2,0,1,1
21,All,13,6,3,6,2,1,0,-1
21,All,13,6,3,6,3,2,0,-2
21,All,14,2,3,1,8,0,0,0
21,All,16,5,3,2,8,0,0,0
21,All,16,5,3,4,13,0,0,0
21,All,16,5,3,5,2,0,0,0
21,All,16,5,3,5,3,0,1,1
21,All,18,4,3,4,2,1,0,-1
22,All,1,1,1,1,7,0,0,0
22,All,1,1,1,1,8,0,1,1
22,All,2,6,1,1,3,0,1,1
22,All,2,6,1,2,2,0,1,1
22,All,2,6,1,2,3,1,1,0
22,All,2,6,1,2,4,1,2,1
22,All,2,6,1,4,2,0,1,1
22,All,2,6,1,4,3,1,1,0
22,All,2,6,1,4,4,1,2,1
22,All,2,6,1,4,5,2,2,0
22,All,2,6,1,4,6,2,3,1
22,All,2,6,1,4,7,3,3,0
22,All,2,6,1,5,5,0,0,0
22,All,2,6,1,6,2,0,1,1
22,All,2,6,1,6,4,1,1,0
22,All,3,3,1,1,6,0,0,0
22,All,4,5,1,1,2,0,0,0
22,All,4,5,1,1,5,1,0,-1
22,All,4,5,1,3,4,0,0,0
22,All,4,5,1,4,2,0,1,1
22,All,5,4,1,1,7,0,0,0
22,All,5,4,1,2,2,0,1,1
22,All,5,4,1,2,4,1,1,0
22,All,5,4,1,4,2,0,1,1
22,All,5,4,1,4,4,1,1,0
22,All,5,4,1,4,5,2,1,-1
22,All,6,2,1,1,2,0,0,0
22,All,6,2,1,2,2,0,1,1
22,All,7,3,2,1,2,1,0,-1
22,All,7,3,2,1,3,0,2,2
22,All,7,3,2,3,2,0,1,1
22,All,9,4,2,1,8,0,0,0
22,All,9,4,2,3,2,1,0,-1
22,All,9,4,2,3,3,0,2,2
22,All,9,4,2,4,2,0,1,1
22,All,9,4,2,4,3,1,1,0
22,All,10,6,2,1,2,0,1,1
22,All,10,6,2,3,7,0,0,0
22,All,10,6,2,4,2,0,1,1
22,All,10,6,2,5,2,0,1,1
22,All,10,6,2,5,3,1,1,0
22,All,10,6,2,5,5,2,1,-1
22,All,10,6,2,6,3,0,0,0
22,All,10,6,2,6,5,1,0,-1
22,All,11,2,2,2,2,0,1,1
22,All,12,5,2,1,2,1,0,-1
22,All,12,5,2,1,3,0,2,2
22,All,12,5,2,1,4,2,1,-1
22,All,12,5,2,1,5,3,1,-2
22,All,12,5,2,1,6,4,1,-3
22,All,12,5,2,3,2,1,0,-1
22,All,12,5,2,3,3,0,2,2
22,All,12,5,2,3,5,1,2,1
22,All,12,5,2,4,2,1,0,-1
22,All,12,5,2,4,3,0,2,2
22,All,12,5,2,4,9,1,2,1
22,All,12,5,2,5,2,0,1,1
22,All,12,5,2,5,3,1,1,0
22,All,12,5,2,5,4,1,2,1
22,All,12,5,2,5,5,2,2,0
22,All,12,5,2,5,9,3,2,-1
22,All,13,2,3,1,4,1,0,-1
22,All,13,2,3,2,6,0,1,1
22,All,14,5,3,1,2,0,1,1
22,All,14,5,3,2,2,1,0,-1
22,All,14,5,3,2,3,0,2,2
22,All,14,5,3,2,6,1,2,1
22,All,14,5,3,4,2,0,1,1
22,All,14,5,3,4,4,1,1,0
22,All,14,5,3,4,5,2,1,-1
22,All,14,5,3,4,7,3,1,-2
22,All,15,6,3,1,2,0,1,1
22,All,15,6,3,1,4,1,1,0
22,All,15,6,3,2,2,0,1,1
22,All,15,6,3,2,3,1,1,0
22,All,15,6,3,2,6,2,1,-1
22,All,15,6,3,3,3,1,0,-1
22,All,15,6,3,3,4,2,0,-2
22,All,15,6,3,3,8,3,0,-3
22,All,15,6,3,4,2,0,1,1
22,All,15,6,3,4,4,1,1,0
22,All,15,6,3,4,10,2,1,-1
22,All,15,6,3,5,3,1,0,-1
22,All,15,6,3,6,4,1,0,-1
22,All,15,6,3,6,9,2,0,-2
22,All,16,4,3,1,2,0,1,1
22,All,16,4,3,1,3,1,1,0
22,All,16,4,3,1,4,1,2,1
22,All,16,4,3,1,9,2,2,0
22,All,16,4,3,3,2,1,0,-1
22,All,16,4,3,3,3,2,0,-2
22,All,16,4,3,3,7,0,3,3
22,All,16,4,3,4,2,0,1,1
22,All,16,4,3,4,5,1,1,0
22,All,17,3,3,1,3,1,0,-1
22,All,17,3,3,2,3,0,1,1
23,All,1,6,1,1,3,0,1,1
23,All,1,6,1,1,5,1,1,0
23,All,1,6,1,5,2,0,1,1
23,All,1,6,1,6,2,1,0,-1
23,All,2,5,1,4,2,1,0,-1
23,All,2,5,1,4,3,0,2,2
23,All,2,5,1,5,2,0,1,1
23,All,2,5,1,5,3,1,1,0
23,All,4,2,1,1,4,0,0,0
23,All,4,2,1,2,2,0,1,1
23,All,6,4,1,3,2,0,1,1
23,All,6,4,1,3,3,1,1,0
23,All,6,4,1,3,4,1,2,1
23,All,6,4,1,3,7,2,2,0
23,All,6,4,1,3,9,3,2,-1
23,All,6,4,1,4,2,0,1,1
23,All,6,4,1,4,4,1,1,0
23,All,7,1,2,1,2,0,1,1
23,All,8,6,2,2,6,0,0,0
23,All,8,6,2,2,8,1,0,-1
23,All,8,6,2,3,4,1,0,-1
23,All,8,6,2,4,3,1,0,-1
23,All,8,6,2,5,2,0,0,0
23,All,8,6,2,6,2,0,1,1
23,All,8,6,2,6,3,1,1,0
23,All,9,3,2,1,7,0,0,0
23,All,9,3,2,1,12,0,1,1
23,All,10,5,2,1,2,0,1,1
23,All,10,5,2,4,2,0,1,1
23,All,10,5,2,5,2,0,1,1
23,All,11,4,2,3,2,0,1,1
23,All,11,4,2,4,2,0,1,1
23,All,12,2,2,2,2,0,1,1
23,All,13,5,3,1,10,0,0,0
23,All,13,5,3,2,2,0,1,1
23,All,13,5,3,2,6,1,1,0
23,All,13,5,3,5,2,0,1,1
23,All,14,4,3,2,6,0,1,1
23,All,15,2,3,2,5,1,0,-1
23,All,17,6,3,1,5,0,0,0
23,All,17,6,3,2,4,1,0,-1
23,All,17,6,3,2,5,2,0,-2
23,All,17,6,3,2,6,0,3,3
23,All,17,6,3,2,7,3,1,-2
23,All,17,6,3,2,8,1,4,3
23,All,17,6,3,2,9,4,2,-2
23,All,17,6,3,3,2,1,0,-1
23,All,17,6,3,3,3,2,0,-2
23,All,17,6,3,3,5,3,0,-3
23,All,17,6,3,5,2,1,0,-1
23,All,17,6,3,5,3,2,0,-2
23,All,17,6,3,5,4,3,0,-3
23,All,17,6,3,5,6,0,4,4
23,All,18,3,3,3,2,0,1,1
24,All,1,5,1,4,2,0,1,1
24,All,1,5,1,5,2,0,1,1
24,All,2,2,1,2,2,0,1,1
24,All,3,6,1,3,3,1,0,-1
24,All,3,6,1,3,4,0,2,2
24,All,3,6,1,3,7,1,2,1
24,All,3,6,1,3,8,2,2,0
24,All,3,6,1,3,10,3,2,-1
24,All,3,6,1,4,2,0,1,1
24,All,3,6,1,4,3,1,1,0
24,All,3,6,1,4,5,2,1,-1
24,All,3,6,1,4,6,1,3,2
24,All,3,6,1,4,7,3,2,-1
24,All,3,6,1,4,8,4,2,-2
24,All,3,6,1,4,11,5,2,-3
24,All,3,6,1,4,13,6,2,-4
24,All,3,6,1,5,2,0,1,1
24,All,3,6,1,5,3,1,1,0
24,All,3,6,1,6,2,1,0,-1
24,All,4,4,1,4,4,0,1,1
24,All,6,3,1,2,2,0,1,1
24,All,6,3,1,3,2,0,1,1
24,All,7,6,2,5,2,0,1,1
24,All,8,5,2,1,5,0,0,0
24,All,8,5,2,3,3,0,1,1
24,All,8,5,2,5,2,0,1,1
24,All,11,3,2,1,3,0,0,0
24,All,11,3,2,3,2,0,1,1
24,All,12,4,2,1,2,0,1,1
24,All,12,4,2,4,11,0,1,1
24,All,13,4,3,3,2,0,1,1
24,All,13,4,3,4,2,0,1,1
24,All,15,5,3,4,2,0,1,1
24,All,15,5,3,5,2,0,1,1
24,All,18,6,3,1,2,0,0,0
24,All,18,6,3,2,2,0,1,1
24,All,18,6,3,2,3,1,1,0
24,All,18,6,3,2,4,1,2,1
24,All,18,6,3,6,2,1,0,-1
25,All,2,4,1,3,2,1,0,-1
25,All,2,4,1,3,3,0,2,2
25,All,2,4,1,4,4,0,0,0
25,All,2,4,1,4,6,1,0,-1
25,All,3,5,1,2,2,0,1,1
25,All,3,5,1,3,3,1,0,-1
25,All,3,5,1,3,4,0,2,2
25,All,3,5,1,4,2,0,1,1
25,All,3,5,1,4,4,1,1,0
25,All,3,5,1,4,6,1,2,1
25,All,3,5,1,4,8,2,2,0
25,All,3,5,1,5,2,0,1,1
25,All,4,3,1,1,7,1,0,-1
25,All,4,3,1,1,8,2,0,-2
25,All,4,3,1,3,2,0,1,1
25,All,5,6,1,2,2,0,0,0
25,All,5,6,1,2,3,1,0,-1
25,All,5,6,1,2,4,2,0,-2
25,All,5,6,1,2,6,3,0,-3
25,All,5,6,1,2,7,0,4,4
25,All,5,6,1,2,9,4,1,-3
25,All,5,6,1,4,4,1,0,-1
25,All,5,6,1,4,6,2,0,-2
25,All,5,6,1,4,9,0,3,3
25,All,5,6,1,5,2,0,1,1
25,All,5,6,1,5,3,1,1,0
25,All,5,6,1,5,4,1,2,1
25,All,5,6,1,5,12,2,2,0
25,All,8,3,2,2,3,0,0,0
25,All,8,3,2,3,3,0,0,0
25,All,8,3,2,3,8,1,0,-1
25,All,9,4,2,1,2,1,0,-1
25,All,9,4,2,1,5,2,0,-2
25,All,9,4,2,1,10,0,3,3
25,All,9,4,2,2,5,0,0,0
25,All,9,4,2,2,10,0,1,1
25,All,9,4,2,3,4,0,0,0
25,All,9,4,2,4,4,1,0,-1
25,All,9,4,2,4,6,2,0,-2
25,All,9,4,2,4,8,3,0,-3
25,All,9,4,2,4,9,0,4,4
25,All,10,6,2,1,2,0,1,1
25,All,10,6,2,1,3,1,1,0
25,All,10,6,2,2,2,0,0,0
25,All,10,6,2,2,5,0,1,1
25,All,10,6,2,2,6,1,1,0
25,All,10,6,2,2,7,1,2,1
25,All,10,6,2,3,2,0,0,0
25,All,10,6,2,4,2,0,1,1
25,All,10,6,2,4,3,1,1,0
25,All,10,6,2,4,4,2,1,-1
25,All,10,6,2,4,5,3,1,-2
25,All,10,6,2,4,6,4,1,-3
25,All,10,6,2,4,7,5,1,-4
25,All,10,6,2,4,8,6,1,-5
25,All,10,6,2,4,11,7,1,-6
25,All,10,6,2,5,2,0,0,0
25,All,10,6,2,5,5,0,1,1
25,All,10,6,2,5,6,1,1,0
25,All,10,6,2,5,7,2,1,-1
25,All,10,6,2,5,9,1,3,2
25,All,10,6,2,6,2,0,0,0
25,All,10,6,2,6,3,1,0,-1
25,All,10,6,2,6,6,2,0,-2
25,All,11,5,2,2,4,0,0,0
25,All,11,5,2,3,12,0,1,1
25,All,11,5,2,4,2,1,0,-1
25,All,11,5,2,4,3,0,2,2
25,All,11,5,2,4,10,1,2,1
25,All,11,5,2,5,2,1,0,-1
25,All,11,5,2,5,13,0,2,2
25,All,12,2,2,1,6,0,0,0
25,All,13,5,3,2,9,0,0,0
25,All,13,5,3,2,12,1,0,-1
25,All,13,5,3,3,2,0,1,1
25,All,13,5,3,3,9,1,1,0
25,All,13,5,3,4,2,1,0,-1
25,All,13,5,3,4,3,2,0,-2
25,All,13,5,3,4,5,3,0,-3
25,All,13,5,3,4,6,0,4,4
25,All,13,5,3,4,9,4,1,-3
25,All,13,5,3,4,10,1,5,4
25,All,13,5,3,4,11,2,5,3
25,All,13,5,3,5,11,0,0,0
25,All,14,2,3,2,3,1,0,-1
25,All,15,6,3,1,2,1,0,-1
25,All,15,6,3,1,3,2,0,-2
25,All,15,6,3,2,6,0,1,1
25,All,15,6,3,3,2,0,1,1
25,All,15,6,3,3,6,1,1,0
25,All,15,6,3,3,8,2,1,-1
25,All,15,6,3,3,9,1,3,2
25,All,15,6,3,3,12,3,2,-1
25,All,15,6,3,4,2,0,1,1
25,All,15,6,3,4,3,1,1,0
25,All,15,6,3,4,4,1,2,1
25,All,15,6,3,4,5,2,2,0
25,All,15,6,3,4,6,2,3,1
25,All,15,6,3,4,7,3,3,0
25,All,15,6,3,4,9,4,3,-1
25,All,15,6,3,4,10,5,3,-2
25,All,15,6,3,5,2,0,1,1
25,All,15,6,3,5,3,1,1,0
25,All,15,6,3,5,4,2,1,-1
25,All,16,4,3,3,2,0,1,1
25,All,18,3,3,1,2,0,1,1
25,All,18,3,3,1,3,1,1,0
25,All,18,3,3,1,4,1,2,1
25,All,18,3,3,1,10,2,2,0
25,All,18,3,3,2,2,0,0,0
25,All,18,3,3,2,3,1,0,-1
25,All,18,3,3,2,4,0,2,2
25,All,18,3,3,2,5,1,2,1
25,All,18,3,3,3,2,1,0,-1
25,All,18,3,3,3,3,0,2,2
25,All,18,3,3,3,6,2,1,-1
25,All,18,3,3,3,8,3,1,-2
26,All,1,4,1,1,3,0,0,0
26,All,1,4,1,1,8,0,1,1
26,All,1,4,1,1,9,1,1,0
26,All,1,4,1,2,4,0,0,0
26,All,1,4,1,4,3,0,0,0
26,All,1,4,1,4,4,0,1,1
26,All,1,4,1,4,5,1,1,0
26,All,1,4,1,4,12,2,1,-1
26,All,2,3,1,2,2,0,1,1
26,All,2,3,1,3,2,0,1,1
26,All,2,3,1,3,3,1,1,0
26,All,3,2,1,2,2,0,1,1
26,All,4,1,1,1,2,0,1,1
26,All,5,5,1,4,2,0,1,1
26,All,5,5,1,5,2,0,1,1
26,All,6,6,1,5,2,0,1,1
26,All,6,6,1,5,12,1,1,0
26,All,6,6,1,6,2,0,1,1
26,All,8,6,2,3,2,0,1,1
26,All,8,6,2,3,3,1,1,0
26,All,8,6,2,3,4,1,2,1
26,All,8,6,2,3,9,2,2,0
26,All,11,4,2,1,2,0,0,0
26,All,11,4,2,3,2,0,0,0
26,All,11,4,2,3,3,0,1,1
26,All,11,4,2,3,5,1,1,0
26,All,12,5,2,5,4,0,0,0
26,All,13,2,3,1,2,0,0,0
26,All,16,3,3,3,11,0,0,0
26,All,17,6,3,1,10,0,0,0
26,All,17,6,3,3,2,0,1,1
26,All,17,6,3,3,3,1,1,0
26,All,18,1,3,1,2,0,1,1
27,All,2,1,1,1,2,0,1,1
27,All,3,4,1,1,3,0,0,0
27,All,3,4,1,1,4,0,1,1
27,All,3,4,1,3,2,0,1,1
27,All,3,4,1,4,2,0,0,0
27,All,3,4,1,4,5,0,1,1
27,All,3,4,1,4,12,1,1,0
27,All,4,6,1,2,3,0,0,0
27,All,4,6,1,2,6,0,1,1
27,All,4,6,1,2,7,1,1,0
27,All,4,6,1,2,9,1,2,1
27,All,4,6,1,2,11,2,2,0
27,All,4,6,1,5,2,1,0,-1
27,All,4,6,1,5,3,0,2,2
27,All,4,6,1,5,5,2,1,-1
27,All,4,6,1,5,9,3,1,-2
27,All,4,6,1,5,10,4,1,-3
27,All,6,5,1,2,2,0,0,0
27,All,6,5,1,4,2,0,0,0
27,All,6,5,1,4,6,1,0,-1
27,All,6,5,1,4,8,0,2,2
27,All,6,5,1,5,2,0,0,0
27,All,6,5,1,5,3,0,1,1
27,All,6,5,1,5,5,1,1,0
27,All,6,5,1,5,6,2,1,-1
27,All,6,5,1,5,10,3,1,-2
27,All,7,6,2,2,2,0,1,1
27,All,7,6,2,2,6,1,1,0
27,All,7,6,2,2,7,1,2,1
27,All,7,6,2,3,2,0,1,1
27,All,7,6,2,3,4,1,1,0
27,All,7,6,2,3,6,1,2,1
27,All,7,6,2,6,2,1,0,-1
27,All,7,6,2,6,3,0,2,2
27,All,8,2,2,1,7,0,0,0
27,All,8,2,2,2,3,0,0,0
27,All,8,2,2,2,7,1,0,-1
27,All,9,3,2,3,8,0,0,0
27,All,10,5,2,1,2,0,1,1
27,All,10,5,2,1,12,1,1,0
27,All,10,5,2,2,2,1,0,-1
27,All,10,5,2,2,4,2,0,-2
27,All,10,5,2,2,5,0,3,3
27,All,10,5,2,2,6,3,1,-2
27,All,10,5,2,4,4,0,0,0
27,All,10,5,2,5,8,0,0,0
27,All,12,4,2,1,2,0,1,1
27,All,12,4,2,2,2,1,0,-1
27,All,12,4,2,2,3,0,2,2
27,All,12,4,2,3,2,0,1,1
27,All,12,4,2,3,3,1,1,0
27,All,13,4,3,1,2,0,1,1
27,All,13,4,3,4,2,0,0,0
27,All,14,3,3,2,2,0,1,1
27,All,15,2,3,1,2,0,1,1
27,All,17,5,3,1,2,0,1,1
27,All,17,5,3,3,3,0,0,0
27,All,17,5,3,3,8,1,0,-1
27,All,17,5,3,4,2,0,1,1
27,All,17,5,3,4,7,1,1,0
27,All,18,6,3,1,2,0,1,1
27,All,18,6,3,1,3,1,1,0
27,All,18,6,3,1,4,1,2,1
27,All,18,6,3,1,6,2,2,0
27,All,18,6,3,1,7,2,3,1
27,All,18,6,3,1,8,3,3,0
27,All,18,6,3,1,10,3,4,1
27,All,18,6,3,2,2,0,1,1
27,All,18,6,3,2,3,1,1,0
27,All,18,6,3,2,4,1,2,1
27,All,18,6,3,2,5,2,2,0
27,All,18,6,3,2,6,3,2,-1
27,All,18,6,3,2,7,4,2,-2
27,All,18,6,3,2,8,2,5,3
27,All,18,6,3,2,9,3,5,2
27,All,18,6,3,3,2,0,1,1
27,All,18,6,3,3,3,1,1,0
27,All,18,6,3,3,4,1,2,1
27,All,18,6,3,3,5,2,2,0
27,All,18,6,3,3,6,2,3,1
27,All,18,6,3,3,7,3,3,0
27,All,18,6,3,3,11,4,3,-1
27,All,18,6,3,4,2,0,1,1
27,All,18,6,3,5,2,0,0,0
27,All,18,6,3,5,3,0,1,1
27,All,18,6,3,5,5,1,1,0
27,All,18,6,3,5,6,1,2,1
27,All,18,6,3,5,9,2,2,0
27,All,18,6,3,6,2,0,1,1
