subject,group,block,set_size,set_size_exposure,iteration,accuracy,n_stimuli_contributing
2,All,1,3,1,1,0.6666666666666666,3
2,All,1,3,1,2,1.0,3
2,All,1,3,1,3,1.0,3
2,All,1,3,1,4,1.0,3
2,All,1,3,1,5,1.0,3
2,All,1,3,1,6,1.0,3
2,All,1,3,1,7,1.0,3
2,All,1,3,1,8,1.0,3
2,All,1,3,1,9,1.0,3
2,All,2,6,1,1,0.5,6
2,All,2,6,1,2,0.5,6
2,All,2,6,1,3,0.75,4
2,All,2,6,1,4,0.4,5
2,All,2,6,1,5,0.6666666666666666,6
2,All,2,6,1,6,0.8,5
2,All,2,6,1,7,1.0,6
2,All,2,6,1,8,1.0,6
2,All,2,6,1,9,0.6666666666666666,6
2,All,3,1,1,1,0.0,1
2,All,3,1,1,2,0.0,1
2,All,3,1,1,3,1.0,1
2,All,3,1,1,4,1.0,1
2,All,3,1,1,5,1.0,1
2,All,3,1,1,6,1.0,1
2,All,3,1,1,7,1.0,1
2,All,3,1,1,8,1.0,1
2,All,3,1,1,9,1.0,1
2,All,4,2,1,1,0.0,2
2,All,4,2,1,2,0.5,2
2,All,4,2,1,3,0.5,2
2,All,4,2,1,4,1.0,2
2,All,4,2,1,5,1.0,2
2,All,4,2,1,6,1.0,2
2,All,4,2,1,7,1.0,2
2,All,4,2,1,8,1.0,2
2,All,4,2,1,9,1.0,2
2,All,5,4,1,1,0.25,4
2,All,5,4,1,2,0.75,4
2,All,5,4,1,3,0.75,4
2,All,5,4,1,4,1.0,4
2,All,5,4,1,5,1.0,4
2,All,5,4,1,6,1.0,4
2,All,5,4,1,7,1.0,4
2,All,5,4,1,8,1.0,4
2,All,5,4,1,9,1.0,4
2,All,6,5,1,1,0.2,5
2,All,6,5,1,2,0.6,5
2,All,6,5,1,3,0.6,5
2,All,6,5,1,4,1.0,5
2,All,6,5,1,5,0.8,5
2,All,6,5,1,6,1.0,5
2,All,6,5,1,7,1.0,5
2,All,6,5,1,8,1.0,5
2,All,6,5,1,9,1.0,5
2,All,7,4,2,1,0.75,4
2,All,7,4,2,2,0.75,4
2,All,7,4,2,3,0.75,4
2,All,7,4,2,4,1.0,4
2,All,7,4,2,5,1.0,4
2,All,7,4,2,6,1.0,4
2,All,7,4,2,7,1.0,4
2,All,7,4,2,8,1.0,4
2,All,7,4,2,9,1.0,4
2,All,8,1,2,1,0.0,1
2,All,8,1,2,2,1.0,1
2,All,8,1,2,3,1.0,1
2,All,8,1,2,4,1.0,1
2,All,8,1,2,5,1.0,1
2,All,8,1,2,6,1.0,1
2,All,8,1,2,7,1.0,1
2,All,8,1,2,8,1.0,1
2,All,8,1,2,9,1.0,1
2,All,9,2,2,1,0.0,2
2,All,9,2,2,2,0.5,2
2,All,9,2,2,3,1.0,2
2,All,9,2,2,4,1.0,2
2,All,9,2,2,5,1.0,2
2,All,9,2,2,6,1.0,2
2,All,9,2,2,7,1.0,2
2,All,9,2,2,8,1.0,2
2,All,9,2,2,9,1.0,2
2,All,10,5,2,1,0.6,5
2,All,10,5,2,2,0.8,5
2,All,10,5,2,3,1.0,5
2,All,10,5,2,4,0.8,5
2,All,10,5,2,5,1.0,5
2,All,10,5,2,6,1.0,5
2,All,10,5,2,7,1.0,5
2,All,10,5,2,8,1.0,5
2,All,10,5,2,9,1.0,5
2,All,11,3,2,1,0.3333333333333333,3
2,All,11,3,2,2,0.6666666666666666,3
2,All,11,3,2,3,1.0,3
2,All,11,3,2,4,1.0,3
2,All,11,3,2,5,1.0,3
2,All,11,3,2,6,1.0,3
2,All,11,3,2,7,1.0,3
2,All,11,3,2,8,1.0,3
2,All,11,3,2,9,1.0,3
2,All,12,6,2,1,0.3333333333333333,6
2,All,12,6,2,2,0.3333333333333333,6
2,All,12,6,2,3,0.8333333333333334,6
2,All,12,6,2,4,0.8333333333333334,6
2,All,12,6,2,5,0.8333333333333334,6
2,All,12,6,2,6,0.8333333333333334,6
2,All,12,6,2,7,1.0,6
2,All,12,6,2,8,1.0,6
2,All,12,6,2,9,1.0,6
2,All,13,2,3,1,0.0,2
2,All,13,2,3,2,1.0,2
2,All,13,2,3,3,1.0,2
2,All,13,2,3,4,1.0,2
2,All,13,2,3,5,1.0,2
2,All,13,2,3,6,1.0,2
2,All,13,2,3,7,1.0,2
2,All,13,2,3,8,1.0,2
2,All,13,2,3,9,1.0,2
2,All,14,3,3,1,0.3333333333333333,3
2,All,14,3,3,2,0.6666666666666666,3
2,All,14,3,3,3,1.0,3
2,All,14,3,3,4,1.0,3
2,All,14,3,3,5,1.0,3
2,All,14,3,3,6,0.6666666666666666,3
2,All,14,3,3,7,1.0,3
2,All,14,3,3,8,1.0,3
2,All,14,3,3,9,1.0,3
2,All,15,5,3,1,0.2,5
2,All,15,5,3,2,0.6,5
2,All,15,5,3,3,0.8,5
2,All,15,5,3,4,0.8,5
2,All,15,5,3,5,0.8,5
2,All,15,5,3,6,0.8,5
2,All,15,5,3,7,1.0,5
2,All,15,5,3,8,1.0,5
2,All,15,5,3,9,1.0,5
2,All,16,4,3,1,0.25,4
2,All,16,4,3,2,0.5,4
2,All,16,4,3,3,1.0,4
2,All,16,4,3,4,1.0,4
2,All,16,4,3,5,1.0,4
2,All,16,4,3,6,1.0,4
2,All,16,4,3,7,1.0,4
2,All,16,4,3,8,1.0,4
2,All,16,4,3,9,1.0,4
2,All,17,1,3,1,0.0,1
2,All,17,1,3,2,0.0,1
2,All,17,1,3,3,1.0,1
2,All,17,1,3,4,1.0,1
2,All,17,1,3,5,1.0,1
2,All,17,1,3,6,1.0,1
2,All,17,1,3,7,1.0,1
2,All,17,1,3,8,1.0,1
2,All,17,1,3,9,1.0,1
2,All,18,6,3,1,0.16666666666666666,6
2,All,18,6,3,2,0.3333333333333333,6
2,All,18,6,3,3,0.8333333333333334,6
2,All,18,6,3,4,1.0,6
2,All,18,6,3,5,1.0,6
2,All,18,6,3,6,1.0,6
2,All,18,6,3,7,1.0,6
2,All,18,6,3,8,1.0,6
2,All,18,6,3,9,1.0,6
3,All,1,1,1,1,0.0,1
3,All,1,1,1,2,0.0,1
3,All,1,1,1,3,1.0,1
3,All,1,1,1,4,1.0,1
3,All,1,1,1,5,1.0,1
3,All,1,1,1,6,1.0,1
3,All,1,1,1,7,1.0,1
3,All,1,1,1,8,1.0,1
3,All,1,1,1,9,1.0,1
3,All,2,3,1,1,0.6666666666666666,3
3,All,2,3,1,2,0.3333333333333333,3
3,All,2,3,1,3,1.0,3
3,All,2,3,1,4,1.0,3
3,All,2,3,1,5,1.0,3
3,All,2,3,1,6,1.0,3
3,All,2,3,1,7,1.0,3
3,All,2,3,1,8,1.0,3
3,All,2,3,1,9,1.0,3
3,All,3,4,1,1,0.5,4
3,All,3,4,1,2,0.75,4
3,All,3,4,1,3,1.0,4
3,All,3,4,1,4,1.0,4
3,All,3,4,1,5,1.0,4
3,All,3,4,1,6,1.0,4
3,All,3,4,1,7,1.0,4
3,All,3,4,1,8,1.0,4
3,All,3,4,1,9,1.0,4
3,All,4,6,1,1,0.0,6
3,All,4,6,1,2,0.2,5
3,All,4,6,1,3,0.6,5
3,All,4,6,1,4,0.3333333333333333,6
3,All,4,6,1,5,1.0,4
3,All,4,6,1,6,0.5,6
3,All,4,6,1,7,0.8333333333333334,6
3,All,4,6,1,8,0.8333333333333334,6
3,All,4,6,1,9,1.0,6
3,All,5,5,1,1,0.5,4
3,All,5,5,1,2,0.4,5
3,All,5,5,1,3,0.4,5
3,All,5,5,1,4,0.75,4
3,All,5,5,1,5,0.75,4
3,All,5,5,1,6,0.6,5
3,All,5,5,1,7,0.6,5
3,All,5,5,1,8,1.0,4
3,All,5,5,1,9,1.0,5
3,All,6,2,1,1,0.0,2
3,All,6,2,1,2,1.0,2
3,All,6,2,1,3,1.0,2
3,All,6,2,1,4,1.0,2
3,All,6,2,1,5,1.0,2
3,All,6,2,1,6,1.0,2
3,All,6,2,1,7,1.0,2
3,All,6,2,1,8,1.0,2
3,All,6,2,1,9,1.0,2
3,All,7,2,2,1,0.0,2
3,All,7,2,2,2,0.5,2
3,All,7,2,2,3,1.0,2
3,All,7,2,2,4,1.0,2
3,All,7,2,2,5,1.0,2
3,All,7,2,2,6,1.0,2
3,All,7,2,2,7,1.0,2
3,All,7,2,2,8,1.0,2
3,All,7,2,2,9,1.0,2
3,All,8,4,2,1,0.25,4
3,All,8,4,2,2,0.6666666666666666,3
3,All,8,4,2,3,0.5,4
3,All,8,4,2,4,1.0,4
3,All,8,4,2,5,1.0,4
3,All,8,4,2,6,1.0,4
3,All,8,4,2,7,1.0,4
3,All,8,4,2,8,1.0,4
3,All,8,4,2,9,1.0,4
3,All,9,3,2,1,0.3333333333333333,3
3,All,9,3,2,2,0.3333333333333333,3
3,All,9,3,2,3,1.0,3
3,All,9,3,2,4,1.0,3
3,All,9,3,2,5,1.0,3
3,All,9,3,2,6,1.0,3
3,All,9,3,2,7,1.0,3
3,All,9,3,2,8,1.0,3
3,All,9,3,2,9,1.0,3
3,All,10,1,2,1,0.0,1
3,All,10,1,2,2,1.0,1
3,All,10,1,2,3,1.0,1
3,All,10,1,2,4,1.0,1
3,All,10,1,2,5,1.0,1
3,All,10,1,2,6,1.0,1
3,All,10,1,2,7,1.0,1
3,All,10,1,2,8,1.0,1
3,All,10,1,2,9,1.0,1
3,All,11,6,2,1,0.6666666666666666,6
3,All,11,6,2,2,1.0,6
3,All,11,6,2,3,1.0,6
3,All,11,6,2,4,1.0,6
3,All,11,6,2,5,1.0,6
3,All,11,6,2,6,1.0,6
3,All,11,6,2,7,1.0,6
3,All,11,6,2,8,1.0,6
3,All,11,6,2,9,0.8333333333333334,6
3,All,12,5,2,1,0.2,5
3,All,12,5,2,2,0.6,5
3,All,12,5,2,3,0.8,5
3,All,12,5,2,4,1.0,5
3,All,12,5,2,5,1.0,5
3,All,12,5,2,6,1.0,5
3,All,12,5,2,7,1.0,5
3,All,12,5,2,8,1.0,5
3,All,12,5,2,9,1.0,5
3,All,13,5,3,1,0.4,5
3,All,13,5,3,2,0.6,5
3,All,13,5,3,3,1.0,5
3,All,13,5,3,4,1.0,5
3,All,13,5,3,5,1.0,5
3,All,13,5,3,6,1.0,4
3,All,13,5,3,7,1.0,5
3,All,13,5,3,8,1.0,5
3,All,13,5,3,9,1.0,5
3,All,14,2,3,1,0.0,2
3,All,14,2,3,2,0.5,2
3,All,14,2,3,3,1.0,2
3,All,14,2,3,4,1.0,2
3,All,14,2,3,5,0.5,2
3,All,14,2,3,6,1.0,2
3,All,14,2,3,7,1.0,2
3,All,14,2,3,8,1.0,2
3,All,14,2,3,9,0.5,2
3,All,15,1,3,1,0.0,1
3,All,15,1,3,2,0.0,1
3,All,15,1,3,3,1.0,1
3,All,15,1,3,4,1.0,1
3,All,15,1,3,5,1.0,1
3,All,15,1,3,6,1.0,1
3,All,15,1,3,7,1.0,1
3,All,15,1,3,8,1.0,1
3,All,15,1,3,9,1.0,1
3,All,16,3,3,1,0.6666666666666666,3
3,All,16,3,3,2,0.6666666666666666,3
3,All,16,3,3,3,1.0,3
3,All,16,3,3,4,1.0,3
3,All,16,3,3,5,1.0,3
3,All,16,3,3,6,1.0,3
3,All,16,3,3,7,1.0,3
3,All,16,3,3,8,1.0,3
3,All,16,3,3,9,1.0,3
3,All,17,6,3,1,0.3333333333333333,6
3,All,17,6,3,2,1.0,6
3,All,17,6,3,3,1.0,6
3,All,17,6,3,4,1.0,5
3,All,17,6,3,5,1.0,6
3,All,17,6,3,6,1.0,6
3,All,17,6,3,7,1.0,6
3,All,17,6,3,8,1.0,6
3,All,17,6,3,9,0.8333333333333334,6
3,All,18,4,3,1,0.25,4
3,All,18,4,3,2,0.75,4
3,All,18,4,3,3,1.0,4
3,All,18,4,3,4,1.0,3
3,All,18,4,3,5,1.0,4
3,All,18,4,3,6,1.0,4
3,All,18,4,3,7,1.0,4
3,All,18,4,3,8,1.0,4
3,All,18,4,3,9,1.0,4
4,All,1,6,1,1,0.16666666666666666,6
4,All,1,6,1,2,0.6666666666666666,6
4,All,1,6,1,3,0.5,6
4,All,1,6,1,4,0.6666666666666666,6
4,All,1,6,1,5,0.4,5
4,All,1,6,1,6,0.3333333333333333,6
4,All,1,6,1,7,0.5,6
4,All,1,6,1,8,0.4,5
4,All,1,6,1,9,0.5,6
4,All,2,2,1,1,1.0,2
4,All,2,2,1,2,1.0,2
4,All,2,2,1,3,1.0,2
4,All,2,2,1,4,1.0,2
4,All,2,2,1,5,1.0,2
4,All,2,2,1,6,1.0,2
4,All,2,2,1,7,1.0,2
4,All,2,2,1,8,1.0,2
4,All,2,2,1,9,1.0,2
4,All,3,3,1,1,0.3333333333333333,3
4,All,3,3,1,2,0.6666666666666666,3
4,All,3,3,1,3,1.0,3
4,All,3,3,1,4,1.0,3
4,All,3,3,1,5,1.0,3
4,All,3,3,1,6,1.0,3
4,All,3,3,1,7,1.0,3
4,All,3,3,1,8,1.0,2
4,All,3,3,1,9,1.0,3
4,All,4,5,1,1,0.4,5
4,All,4,5,1,2,0.4,5
4,All,4,5,1,3,1.0,5
4,All,4,5,1,4,0.8,5
4,All,4,5,1,5,1.0,5
4,All,4,5,1,6,1.0,4
4,All,4,5,1,7,1.0,5
4,All,4,5,1,8,1.0,5
4,All,4,5,1,9,1.0,5
4,All,5,1,1,1,0.0,1
4,All,5,1,1,2,1.0,1
4,All,5,1,1,3,1.0,1
4,All,5,1,1,4,1.0,1
4,All,5,1,1,5,1.0,1
4,All,5,1,1,6,1.0,1
4,All,5,1,1,7,1.0,1
4,All,5,1,1,8,1.0,1
4,All,5,1,1,9,1.0,1
4,All,6,4,1,1,0.75,4
4,All,6,4,1,2,0.5,4
4,All,6,4,1,3,0.75,4
4,All,6,4,1,4,0.75,4
4,All,6,4,1,5,1.0,4
4,All,6,4,1,6,0.75,4
4,All,6,4,1,7,1.0,4
4,All,6,4,1,8,0.75,4
4,All,6,4,1,9,1.0,4
4,All,7,1,2,1,1.0,1
4,All,7,1,2,2,1.0,1
4,All,7,1,2,3,1.0,1
4,All,7,1,2,4,1.0,1
4,All,7,1,2,5,1.0,1
4,All,7,1,2,6,1.0,1
4,All,7,1,2,7,1.0,1
4,All,7,1,2,8,1.0,1
4,All,7,1,2,9,1.0,1
4,All,8,5,2,1,0.25,4
4,All,8,5,2,2,0.6,5
4,All,8,5,2,3,0.5,4
4,All,8,5,2,4,0.8,5
4,All,8,5,2,5,1.0,5
4,All,8,5,2,6,1.0,5
4,All,8,5,2,7,0.8,5
4,All,8,5,2,8,1.0,4
4,All,8,5,2,9,1.0,5
4,All,9,4,2,1,0.0,4
4,All,9,4,2,2,0.25,4
4,All,9,4,2,3,0.5,4
4,All,9,4,2,4,0.75,4
4,All,9,4,2,5,0.6666666666666666,3
4,All,9,4,2,6,0.75,4
4,All,9,4,2,7,1.0,4
4,All,9,4,2,8,1.0,3
4,All,9,4,2,9,1.0,4
4,All,10,6,2,1,0.2,5
4,All,10,6,2,2,0.2,5
4,All,10,6,2,3,0.6666666666666666,6
4,All,10,6,2,4,0.8333333333333334,6
4,All,10,6,2,5,1.0,6
4,All,10,6,2,6,1.0,5
4,All,10,6,2,7,0.8,5
4,All,10,6,2,8,1.0,6
4,All,10,6,2,9,1.0,5
4,All,11,2,2,1,0.0,2
4,All,11,2,2,2,0.0,2
4,All,11,2,2,3,1.0,2
4,All,11,2,2,4,1.0,2
4,All,11,2,2,5,1.0,2
4,All,11,2,2,6,1.0,2
4,All,11,2,2,7,1.0,2
4,All,11,2,2,8,1.0,2
4,All,11,2,2,9,1.0,2
4,All,12,3,2,1,1.0,3
4,All,12,3,2,2,1.0,3
4,All,12,3,2,3,1.0,3
4,All,12,3,2,4,1.0,3
4,All,12,3,2,5,1.0,3
4,All,12,3,2,6,1.0,3
4,All,12,3,2,7,1.0,3
4,All,12,3,2,8,1.0,2
4,All,12,3,2,9,1.0,2
4,All,13,3,3,1,0.6666666666666666,3
4,All,13,3,3,2,0.6666666666666666,3
4,All,13,3,3,3,1.0,2
4,All,13,3,3,4,0.6666666666666666,3
4,All,13,3,3,5,1.0,3
4,All,13,3,3,6,1.0,3
4,All,13,3,3,7,1.0,2
4,All,13,3,3,8,1.0,3
4,All,13,3,3,9,1.0,3
4,All,14,4,3,1,0.0,3
4,All,14,4,3,2,0.25,4
4,All,14,4,3,3,0.0,4
4,All,14,4,3,4,0.5,4
4,All,14,4,3,5,1.0,4
4,All,14,4,3,6,0.75,4
4,All,14,4,3,7,1.0,2
4,All,14,4,3,8,1.0,4
4,All,14,4,3,9,1.0,4
4,All,15,2,3,1,0.0,2
4,All,15,2,3,2,0.5,2
4,All,15,2,3,3,1.0,2
4,All,15,2,3,4,1.0,2
4,All,15,2,3,5,1.0,1
4,All,15,2,3,6,1.0,2
4,All,15,2,3,7,1.0,2
4,All,15,2,3,8,1.0,2
4,All,15,2,3,9,1.0,2
4,All,16,6,3,1,0.4,5
4,All,16,6,3,2,0.8,5
4,All,16,6,3,3,1.0,5
4,All,16,6,3,4,0.8333333333333334,6
4,All,16,6,3,5,0.8,5
4,All,16,6,3,6,1.0,4
4,All,16,6,3,7,1.0,5
4,All,16,6,3,8,1.0,5
4,All,16,6,3,9,1.0,5
4,All,17,5,3,1,0.4,5
4,All,17,5,3,2,0.4,5
4,All,17,5,3,3,1.0,4
4,All,17,5,3,4,1.0,5
4,All,17,5,3,5,0.6666666666666666,3
4,All,17,5,3,6,0.75,4
4,All,17,5,3,7,0.75,4
4,All,17,5,3,8,1.0,5
4,All,17,5,3,9,1.0,4
4,All,18,1,3,1,0.0,1
4,All,18,1,3,2,0.0,1
4,All,18,1,3,3,1.0,1
4,All,18,1,3,4,1.0,1
4,All,18,1,3,5,1.0,1
4,All,18,1,3,6,1.0,1
4,All,18,1,3,7,1.0,1
4,All,18,1,3,8,1.0,1
4,All,18,1,3,9,1.0,1
5,All,1,2,1,1,1.0,2
5,All,1,2,1,2,1.0,2
5,All,1,2,1,3,1.0,2
5,All,1,2,1,4,0.5,2
5,All,1,2,1,5,1.0,2
5,All,1,2,1,6,1.0,2
5,All,1,2,1,7,0.5,2
5,All,1,2,1,8,1.0,2
5,All,1,2,1,9,1.0,2
5,All,2,5,1,1,0.2,5
5,All,2,5,1,2,0.4,5
5,All,2,5,1,3,0.8,5
5,All,2,5,1,4,1.0,5
5,All,2,5,1,5,0.6,5
5,All,2,5,1,6,0.6,5
5,All,2,5,1,7,1.0,5
5,All,2,5,1,8,0.6,5
5,All,2,5,1,9,0.8,5
5,All,3,6,1,1,0.5,6
5,All,3,6,1,2,0.6666666666666666,6
5,All,3,6,1,3,1.0,6
5,All,3,6,1,4,1.0,6
5,All,3,6,1,5,1.0,6
5,All,3,6,1,6,1.0,6
5,All,3,6,1,7,1.0,6
5,All,3,6,1,8,0.6666666666666666,6
5,All,3,6,1,9,0.8333333333333334,6
5,All,4,4,1,1,0.25,4
5,All,4,4,1,2,0.25,4
5,All,4,4,1,3,0.5,4
5,All,4,4,1,4,0.75,4
5,All,4,4,1,5,0.75,4
5,All,4,4,1,6,1.0,4
5,All,4,4,1,7,0.75,4
5,All,4,4,1,8,1.0,3
5,All,4,4,1,9,1.0,4
5,All,5,3,1,1,1.0,3
5,All,5,3,1,2,1.0,3
5,All,5,3,1,3,1.0,3
5,All,5,3,1,4,0.6666666666666666,3
5,All,5,3,1,5,1.0,3
5,All,5,3,1,6,1.0,3
5,All,5,3,1,7,1.0,3
5,All,5,3,1,8,0.6666666666666666,3
5,All,5,3,1,9,1.0,3
5,All,6,1,1,1,0.0,1
5,All,6,1,1,2,0.0,1
5,All,6,1,1,3,1.0,1
5,All,6,1,1,4,1.0,1
5,All,6,1,1,5,1.0,1
5,All,6,1,1,6,1.0,1
5,All,6,1,1,7,1.0,1
5,All,6,1,1,8,1.0,1
5,All,6,1,1,9,1.0,1
5,All,7,5,2,1,0.25,4
5,All,7,5,2,2,0.2,5
5,All,7,5,2,3,0.6,5
5,All,7,5,2,4,0.8,5
5,All,7,5,2,5,0.4,5
5,All,7,5,2,6,1.0,5
5,All,7,5,2,7,0.8,5
5,All,7,5,2,8,0.4,5
5,All,7,5,2,9,0.6,5
5,All,8,6,2,1,0.3333333333333333,6
5,All,8,6,2,2,0.16666666666666666,6
5,All,8,6,2,3,0.3333333333333333,6
5,All,8,6,2,4,0.5,6
5,All,8,6,2,5,0.5,6
5,All,8,6,2,6,0.8333333333333334,6
5,All,8,6,2,7,0.6666666666666666,6
5,All,8,6,2,8,1.0,6
5,All,8,6,2,9,0.5,6
5,All,9,1,2,1,1.0,1
5,All,9,1,2,2,1.0,1
5,All,9,1,2,3,1.0,1
5,All,9,1,2,4,1.0,1
5,All,9,1,2,5,1.0,1
5,All,9,1,2,6,1.0,1
5,All,9,1,2,7,1.0,1
5,All,9,1,2,8,1.0,1
5,All,9,1,2,9,1.0,1
5,All,10,3,2,1,0.6666666666666666,3
5,All,10,3,2,2,0.6666666666666666,3
5,All,10,3,2,3,1.0,3
5,All,10,3,2,4,1.0,3
5,All,10,3,2,5,1.0,3
5,All,10,3,2,6,0.6666666666666666,3
5,All,10,3,2,7,1.0,3
5,All,10,3,2,8,1.0,3
5,All,10,3,2,9,1.0,3
5,All,11,4,2,1,0.25,4
5,All,11,4,2,2,0.75,4
5,All,11,4,2,3,0.75,4
5,All,11,4,2,4,0.25,4
5,All,11,4,2,5,0.75,4
5,All,11,4,2,6,1.0,4
5,All,11,4,2,7,1.0,4
5,All,11,4,2,8,1.0,4
5,All,11,4,2,9,1.0,4
5,All,12,2,2,1,0.5,2
5,All,12,2,2,2,0.5,2
5,All,12,2,2,3,1.0,2
5,All,12,2,2,4,1.0,2
5,All,12,2,2,5,1.0,2
5,All,12,2,2,6,1.0,2
5,All,12,2,2,7,1.0,2
5,All,12,2,2,8,1.0,2
5,All,12,2,2,9,1.0,2
5,All,13,4,3,1,0.25,4
5,All,13,4,3,2,0.75,4
5,All,13,4,3,3,0.75,4
5,All,13,4,3,4,1.0,4
5,All,13,4,3,5,1.0,4
5,All,13,4,3,6,1.0,4
5,All,13,4,3,7,1.0,4
5,All,13,4,3,8,1.0,4
5,All,13,4,3,9,1.0,4
5,All,14,6,3,1,0.16666666666666666,6
5,All,14,6,3,2,0.6666666666666666,6
5,All,14,6,3,3,0.8333333333333334,6
5,All,14,6,3,4,0.6666666666666666,6
5,All,14,6,3,5,0.5,6
5,All,14,6,3,6,1.0,6
5,All,14,6,3,7,0.8333333333333334,6
5,All,14,6,3,8,0.6666666666666666,6
5,All,14,6,3,9,1.0,6
5,All,15,3,3,1,0.3333333333333333,3
5,All,15,3,3,2,0.3333333333333333,3
5,All,15,3,3,3,0.3333333333333333,3
5,All,15,3,3,4,0.6666666666666666,3
5,All,15,3,3,5,0.0,3
5,All,15,3,3,6,1.0,3
5,All,15,3,3,7,1.0,3
5,All,15,3,3,8,1.0,3
5,All,15,3,3,9,0.6666666666666666,3
5,All,16,1,3,1,0.0,1
5,All,16,1,3,2,1.0,1
5,All,16,1,3,3,1.0,1
5,All,16,1,3,4,1.0,1
5,All,16,1,3,5,1.0,1
5,All,16,1,3,6,1.0,1
5,All,16,1,3,7,1.0,1
5,All,16,1,3,8,1.0,1
5,All,16,1,3,9,1.0,1
5,All,17,2,3,1,0.0,2
5,All,17,2,3,2,0.5,2
5,All,17,2,3,3,0.5,2
5,All,17,2,3,4,1.0,2
5,All,17,2,3,5,1.0,2
5,All,17,2,3,6,1.0,2
5,All,17,2,3,7,1.0,2
5,All,17,2,3,8,1.0,2
5,All,17,2,3,9,1.0,2
5,All,18,5,3,1,0.8,5
5,All,18,5,3,2,1.0,5
5,All,18,5,3,3,0.8,5
5,All,18,5,3,4,0.8,5
5,All,18,5,3,5,0.8,5
5,All,18,5,3,6,0.8,5
5,All,18,5,3,7,1.0,5
5,All,18,5,3,8,0.8,5
5,All,18,5,3,9,1.0,5
6,All,1,5,1,1,0.0,4
6,All,1,5,1,2,0.5,4
6,All,1,5,1,3,0.6,5
6,All,1,5,1,4,0.4,5
6,All,1,5,1,5,0.6,5
6,All,1,5,1,6,0.8,5
6,All,1,5,1,7,0.4,5
6,All,1,5,1,8,0.4,5
6,All,1,5,1,9,0.6,5
6,All,2,4,1,1,0.25,4
6,All,2,4,1,2,0.5,4
6,All,2,4,1,3,1.0,4
6,All,2,4,1,4,0.75,4
6,All,2,4,1,5,0.5,4
6,All,2,4,1,6,0.75,4
6,All,2,4,1,7,0.5,4
6,All,2,4,1,8,1.0,4
6,All,2,4,1,9,1.0,4
6,All,3,2,1,1,1.0,2
6,All,3,2,1,2,1.0,2
6,All,3,2,1,3,1.0,2
6,All,3,2,1,4,0.5,2
6,All,3,2,1,5,1.0,2
6,All,3,2,1,6,1.0,2
6,All,3,2,1,7,1.0,2
6,All,3,2,1,8,1.0,2
6,All,3,2,1,9,1.0,2
6,All,4,1,1,1,1.0,1
6,All,4,1,1,2,1.0,1
6,All,4,1,1,3,1.0,1
6,All,4,1,1,4,1.0,1
6,All,4,1,1,5,1.0,1
6,All,4,1,1,6,1.0,1
6,All,4,1,1,7,1.0,1
6,All,4,1,1,8,1.0,1
6,All,4,1,1,9,1.0,1
6,All,5,6,1,1,0.5,6
6,All,5,6,1,2,0.6666666666666666,6
6,All,5,6,1,3,0.8,5
6,All,5,6,1,4,0.6666666666666666,6
6,All,5,6,1,5,1.0,6
6,All,5,6,1,6,0.8333333333333334,6
6,All,5,6,1,7,1.0,6
6,All,5,6,1,8,0.8333333333333334,6
6,All,5,6,1,9,0.6666666666666666,6
6,All,6,3,1,1,1.0,3
6,All,6,3,1,2,1.0,3
6,All,6,3,1,3,1.0,3
6,All,6,3,1,4,1.0,3
6,All,6,3,1,5,1.0,3
6,All,6,3,1,6,0.6666666666666666,3
6,All,6,3,1,7,0.6666666666666666,3
6,All,6,3,1,8,0.6666666666666666,3
6,All,6,3,1,9,1.0,3
6,All,7,6,2,1,0.4,5
6,All,7,6,2,2,0.6666666666666666,6
6,All,7,6,2,3,0.6666666666666666,6
6,All,7,6,2,4,1.0,6
6,All,7,6,2,5,1.0,6
6,All,7,6,2,6,0.8333333333333334,6
6,All,7,6,2,7,0.8333333333333334,6
6,All,7,6,2,8,1.0,6
6,All,7,6,2,9,0.8333333333333334,6
6,All,8,3,2,1,0.3333333333333333,3
6,All,8,3,2,2,0.3333333333333333,3
6,All,8,3,2,3,0.6666666666666666,3
6,All,8,3,2,4,0.6666666666666666,3
6,All,8,3,2,5,1.0,3
6,All,8,3,2,6,1.0,3
6,All,8,3,2,7,1.0,3
6,All,8,3,2,8,0.6666666666666666,3
6,All,8,3,2,9,1.0,2
6,All,9,5,2,1,0.6,5
6,All,9,5,2,2,0.8,5
6,All,9,5,2,3,1.0,5
6,All,9,5,2,4,1.0,4
6,All,9,5,2,5,1.0,4
6,All,9,5,2,6,0.8,5
6,All,9,5,2,7,1.0,5
6,All,9,5,2,8,1.0,5
6,All,9,5,2,9,0.8,5
6,All,10,2,2,1,0.0,2
6,All,10,2,2,2,0.5,2
6,All,10,2,2,3,1.0,2
6,All,10,2,2,4,1.0,2
6,All,10,2,2,5,1.0,1
6,All,10,2,2,6,1.0,2
6,All,10,2,2,7,1.0,2
6,All,10,2,2,8,1.0,2
6,All,10,2,2,9,1.0,2
6,All,11,1,2,1,0.0,1
6,All,11,1,2,2,1.0,1
6,All,11,1,2,3,1.0,1
6,All,11,1,2,4,1.0,1
6,All,11,1,2,5,1.0,1
6,All,11,1,2,6,1.0,1
6,All,11,1,2,7,1.0,1
6,All,11,1,2,8,1.0,1
6,All,11,1,2,9,1.0,1
6,All,12,4,2,1,0.5,4
6,All,12,4,2,2,0.75,4
6,All,12,4,2,3,1.0,4
6,All,12,4,2,4,0.75,4
6,All,12,4,2,5,0.75,4
6,All,12,4,2,6,0.75,4
6,All,12,4,2,7,0.75,4
6,All,12,4,2,8,1.0,4
6,All,12,4,2,9,0.5,4
6,All,13,6,3,1,0.5,6
6,All,13,6,3,2,0.8333333333333334,6
6,All,13,6,3,3,0.6666666666666666,6
6,All,13,6,3,4,0.8333333333333334,6
6,All,13,6,3,5,0.8,5
6,All,13,6,3,6,0.8333333333333334,6
6,All,13,6,3,7,0.5,6
6,All,13,6,3,8,0.5,6
6,All,13,6,3,9,1.0,6
6,All,14,1,3,1,0.0,1
6,All,14,1,3,2,0.0,1
6,All,14,1,3,3,1.0,1
6,All,14,1,3,4,1.0,1
6,All,14,1,3,5,1.0,1
6,All,14,1,3,6,1.0,1
6,All,14,1,3,7,1.0,1
6,All,14,1,3,8,1.0,1
6,All,15,4,3,1,0.5,4
6,All,15,4,3,2,0.5,4
6,All,15,4,3,3,0.75,4
6,All,15,4,3,4,1.0,4
6,All,15,4,3,5,0.75,4
6,All,15,4,3,6,0.75,4
6,All,15,4,3,7,0.75,4
6,All,15,4,3,8,0.75,4
6,All,15,4,3,9,1.0,4
6,All,16,5,3,1,0.4,5
6,All,16,5,3,2,0.4,5
6,All,16,5,3,3,0.6,5
6,All,16,5,3,4,0.8,5
6,All,16,5,3,5,1.0,5
6,All,16,5,3,6,0.6,5
6,All,16,5,3,7,0.8,5
6,All,16,5,3,8,0.6,5
6,All,16,5,3,9,1.0,5
6,All,17,3,3,1,0.6666666666666666,3
6,All,17,3,3,2,1.0,3
6,All,17,3,3,3,0.6666666666666666,3
6,All,17,3,3,4,1.0,3
6,All,17,3,3,5,1.0,2
6,All,17,3,3,6,1.0,3
6,All,17,3,3,7,0.6666666666666666,3
6,All,17,3,3,8,1.0,3
6,All,17,3,3,9,1.0,3
6,All,18,2,3,1,0.5,2
6,All,18,2,3,2,1.0,2
6,All,18,2,3,3,0.5,2
6,All,18,2,3,4,1.0,2
6,All,18,2,3,5,0.5,2
6,All,18,2,3,6,1.0,2
6,All,18,2,3,7,1.0,2
6,All,18,2,3,8,1.0,2
6,All,18,2,3,9,1.0,2
7,All,1,4,1,1,0.25,4
7,All,1,4,1,2,0.5,4
7,All,1,4,1,3,0.5,4
7,All,1,4,1,4,1.0,4
7,All,1,4,1,5,0.75,4
7,All,1,4,1,6,1.0,4
7,All,1,4,1,7,1.0,4
7,All,1,4,1,8,1.0,4
7,All,1,4,1,9,0.75,4
7,All,2,1,1,1,0.0,1
7,All,2,1,1,2,0.0,1
7,All,2,1,1,3,1.0,1
7,All,2,1,1,4,1.0,1
7,All,2,1,1,5,1.0,1
7,All,2,1,1,6,1.0,1
7,All,2,1,1,7,1.0,1
7,All,2,1,1,8,1.0,1
7,All,2,1,1,9,1.0,1
7,All,3,5,1,1,0.4,5
7,All,3,5,1,2,0.8,5
7,All,3,5,1,3,0.6,5
7,All,3,5,1,4,0.8,5
7,All,3,5,1,5,1.0,5
7,All,3,5,1,6,1.0,5
7,All,3,5,1,7,1.0,5
7,All,3,5,1,8,1.0,5
7,All,3,5,1,9,0.8,5
7,All,4,3,1,1,1.0,3
7,All,4,3,1,2,1.0,3
7,All,4,3,1,3,1.0,3
7,All,4,3,1,4,1.0,3
7,All,4,3,1,5,1.0,3
7,All,4,3,1,6,1.0,3
7,All,4,3,1,7,1.0,3
7,All,4,3,1,8,0.6666666666666666,3
7,All,4,3,1,9,1.0,3
7,All,5,2,1,1,0.0,2
7,All,5,2,1,2,0.5,2
7,All,5,2,1,3,1.0,2
7,All,5,2,1,4,1.0,2
7,All,5,2,1,5,1.0,2
7,All,5,2,1,6,1.0,2
7,All,5,2,1,7,1.0,2
7,All,5,2,1,8,1.0,2
7,All,5,2,1,9,1.0,2
7,All,6,6,1,1,0.3333333333333333,6
7,All,6,6,1,2,0.6666666666666666,6
7,All,6,6,1,3,0.8333333333333334,6
7,All,6,6,1,4,0.8333333333333334,6
7,All,6,6,1,5,1.0,6
7,All,6,6,1,6,0.8333333333333334,6
7,All,6,6,1,7,1.0,6
7,All,6,6,1,8,1.0,6
7,All,6,6,1,9,0.8333333333333334,6
7,All,7,1,2,1,0.0,1
7,All,7,1,2,2,0.0,1
7,All,7,1,2,3,1.0,1
7,All,7,1,2,4,1.0,1
7,All,7,1,2,5,1.0,1
7,All,7,1,2,6,1.0,1
7,All,7,1,2,7,1.0,1
7,All,7,1,2,8,1.0,1
7,All,7,1,2,9,1.0,1
7,All,8,5,2,1,0.0,5
7,All,8,5,2,2,0.2,5
7,All,8,5,2,3,0.4,5
7,All,8,5,2,4,0.8,5
7,All,8,5,2,5,0.8,5
7,All,8,5,2,6,0.6,5
7,All,8,5,2,7,1.0,5
7,All,8,5,2,8,0.8,5
7,All,8,5,2,9,1.0,5
7,All,9,6,2,1,0.6666666666666666,6
7,All,9,6,2,2,0.5,6
7,All,9,6,2,3,1.0,6
7,All,9,6,2,4,1.0,6
7,All,9,6,2,5,1.0,6
7,All,9,6,2,6,1.0,6
7,All,9,6,2,7,1.0,6
7,All,9,6,2,8,1.0,6
7,All,9,6,2,9,0.8333333333333334,6
7,All,10,2,2,1,1.0,2
7,All,10,2,2,2,1.0,2
7,All,10,2,2,3,1.0,2
7,All,10,2,2,4,0.5,2
7,All,10,2,2,5,0.5,2
7,All,10,2,2,6,1.0,2
7,All,10,2,2,7,1.0,2
7,All,10,2,2,8,1.0,2
7,All,10,2,2,9,1.0,2
7,All,11,4,2,1,0.0,4
7,All,11,4,2,2,0.25,4
7,All,11,4,2,3,0.6666666666666666,3
7,All,11,4,2,4,1.0,3
7,All,11,4,2,5,1.0,4
7,All,11,4,2,6,1.0,4
7,All,11,4,2,7,1.0,4
7,All,11,4,2,8,0.75,4
7,All,11,4,2,9,1.0,4
7,All,12,3,2,1,0.6666666666666666,3
7,All,12,3,2,2,0.6666666666666666,3
7,All,12,3,2,3,1.0,3
7,All,12,3,2,4,1.0,3
7,All,12,3,2,5,1.0,3
7,All,12,3,2,6,1.0,3
7,All,12,3,2,7,1.0,3
7,All,12,3,2,8,1.0,3
7,All,12,3,2,9,1.0,3
7,All,13,3,3,1,0.3333333333333333,3
7,All,13,3,3,2,0.3333333333333333,3
7,All,13,3,3,3,1.0,3
7,All,13,3,3,4,1.0,3
7,All,13,3,3,5,1.0,3
7,All,13,3,3,6,1.0,3
7,All,13,3,3,7,0.6666666666666666,3
7,All,13,3,3,8,1.0,3
7,All,13,3,3,9,1.0,3
7,All,14,2,3,1,0.0,2
7,All,14,2,3,2,0.5,2
7,All,14,2,3,3,1.0,2
7,All,14,2,3,4,1.0,2
7,All,14,2,3,5,1.0,2
7,All,14,2,3,6,1.0,2
7,All,14,2,3,7,1.0,2
7,All,14,2,3,8,1.0,2
7,All,14,2,3,9,1.0,2
7,All,15,6,3,1,0.3333333333333333,6
7,All,15,6,3,2,0.6666666666666666,6
7,All,15,6,3,3,1.0,6
7,All,15,6,3,4,1.0,6
7,All,15,6,3,5,1.0,6
7,All,15,6,3,6,1.0,6
7,All,15,6,3,7,1.0,6
7,All,15,6,3,8,1.0,6
7,All,15,6,3,9,1.0,6
7,All,16,4,3,1,0.25,4
7,All,16,4,3,2,0.5,4
7,All,16,4,3,3,0.5,4
7,All,16,4,3,4,0.75,4
7,All,16,4,3,5,1.0,4
7,All,16,4,3,6,0.75,4
7,All,16,4,3,7,1.0,4
7,All,16,4,3,8,1.0,4
7,All,16,4,3,9,1.0,4
7,All,17,5,3,1,0.6,5
7,All,17,5,3,2,1.0,5
7,All,17,5,3,3,1.0,5
7,All,17,5,3,4,1.0,5
7,All,17,5,3,5,1.0,5
7,All,17,5,3,6,0.8,5
7,All,17,5,3,7,1.0,5
7,All,17,5,3,8,1.0,5
7,All,17,5,3,9,1.0,5
7,All,18,1,3,1,0.0,1
7,All,18,1,3,2,1.0,1
7,All,18,1,3,3,1.0,1
7,All,18,1,3,4,1.0,1
7,All,18,1,3,5,1.0,1
7,All,18,1,3,6,1.0,1
7,All,18,1,3,7,1.0,1
7,All,18,1,3,8,1.0,1
7,All,18,1,3,9,1.0,1
8,All,1,1,1,1,1.0,1
8,All,1,1,1,2,1.0,1
8,All,1,1,1,4,1.0,1
8,All,1,1,1,5,1.0,1
8,All,1,1,1,6,1.0,1
8,All,1,1,1,7,1.0,1
8,All,1,1,1,8,1.0,1
8,All,1,1,1,9,1.0,1
8,All,2,3,1,1,0.6666666666666666,3
8,All,2,3,1,2,0.6666666666666666,3
8,All,2,3,1,3,0.6666666666666666,3
8,All,2,3,1,4,1.0,3
8,All,2,3,1,5,0.6666666666666666,3
8,All,2,3,1,6,1.0,2
8,All,2,3,1,7,1.0,3
8,All,2,3,1,8,1.0,3
8,All,2,3,1,9,1.0,3
8,All,3,4,1,1,0.75,4
8,All,3,4,1,2,0.75,4
8,All,3,4,1,3,1.0,4
8,All,3,4,1,4,0.75,4
8,All,3,4,1,5,1.0,3
8,All,3,4,1,6,0.75,4
8,All,3,4,1,7,1.0,4
8,All,3,4,1,8,1.0,3
8,All,3,4,1,9,1.0,4
8,All,4,6,1,1,0.5,4
8,All,4,6,1,2,0.5,6
8,All,4,6,1,3,0.6666666666666666,6
8,All,4,6,1,4,0.6666666666666666,6
8,All,4,6,1,5,0.6666666666666666,6
8,All,4,6,1,6,0.8,5
8,All,4,6,1,7,0.5,4
8,All,4,6,1,8,0.5,4
8,All,4,6,1,9,0.8,5
8,All,5,5,1,1,0.5,2
8,All,5,5,1,2,0.4,5
8,All,5,5,1,3,0.3333333333333333,3
8,All,5,5,1,4,0.75,4
8,All,5,5,1,5,0.4,5
8,All,5,5,1,6,0.75,4
8,All,5,5,1,7,0.6,5
8,All,5,5,1,8,0.6,5
8,All,5,5,1,9,0.75,4
8,All,6,2,1,1,1.0,1
8,All,6,2,1,2,1.0,2
8,All,6,2,1,3,1.0,2
8,All,6,2,1,5,1.0,2
8,All,6,2,1,6,1.0,1
8,All,7,5,2,1,0.8,5
8,All,7,5,2,2,1.0,4
8,All,7,5,2,3,0.5,4
8,All,7,5,2,4,1.0,5
8,All,7,5,2,5,0.8,5
8,All,7,5,2,6,1.0,5
8,All,7,5,2,7,0.4,5
8,All,7,5,2,8,0.8,5
8,All,7,5,2,9,0.8,5
8,All,8,2,2,1,0.5,2
8,All,8,2,2,2,1.0,2
8,All,8,2,2,3,1.0,2
8,All,8,2,2,4,1.0,2
8,All,8,2,2,5,1.0,2
8,All,8,2,2,6,0.5,2
8,All,8,2,2,7,1.0,2
8,All,8,2,2,8,1.0,2
8,All,8,2,2,9,1.0,2
8,All,9,1,2,1,0.0,1
8,All,9,1,2,2,0.0,1
8,All,9,1,2,3,1.0,1
8,All,9,1,2,4,1.0,1
8,All,9,1,2,5,1.0,1
8,All,9,1,2,6,1.0,1
8,All,9,1,2,7,1.0,1
8,All,9,1,2,8,1.0,1
8,All,9,1,2,9,1.0,1
8,All,10,3,2,1,1.0,3
8,All,10,3,2,2,1.0,2
8,All,10,3,2,3,1.0,3
8,All,10,3,2,4,1.0,3
8,All,10,3,2,5,1.0,3
8,All,10,3,2,6,1.0,3
8,All,10,3,2,7,1.0,2
8,All,10,3,2,8,1.0,2
8,All,10,3,2,9,1.0,2
8,All,11,6,2,1,0.6666666666666666,6
8,All,11,6,2,2,0.6666666666666666,6
8,All,11,6,2,3,0.6,5
8,All,11,6,2,4,0.3333333333333333,6
8,All,11,6,2,5,0.5,6
8,All,11,6,2,6,1.0,6
8,All,11,6,2,7,0.8,5
8,All,11,6,2,8,0.6666666666666666,6
8,All,11,6,2,9,1.0,6
8,All,12,4,2,1,0.6666666666666666,3
8,All,12,4,2,2,0.75,4
8,All,12,4,2,3,0.5,4
8,All,12,4,2,4,1.0,4
8,All,12,4,2,5,1.0,4
8,All,12,4,2,6,0.75,4
8,All,12,4,2,7,1.0,4
8,All,12,4,2,8,0.5,4
8,All,12,4,2,9,1.0,3
8,All,13,2,3,1,0.0,2
8,All,13,2,3,2,0.5,2
8,All,13,2,3,3,1.0,2
8,All,13,2,3,4,1.0,2
8,All,13,2,3,5,1.0,2
8,All,13,2,3,6,1.0,2
8,All,13,2,3,7,1.0,2
8,All,13,2,3,8,1.0,2
8,All,13,2,3,9,1.0,2
8,All,14,4,3,1,0.25,4
8,All,14,4,3,2,0.5,4
8,All,14,4,3,3,0.75,4
8,All,14,4,3,4,0.75,4
8,All,14,4,3,5,0.75,4
8,All,14,4,3,6,1.0,4
8,All,14,4,3,7,1.0,4
8,All,14,4,3,8,1.0,4
8,All,14,4,3,9,0.75,4
8,All,15,3,3,1,1.0,3
8,All,15,3,3,2,1.0,3
8,All,15,3,3,3,1.0,3
8,All,15,3,3,4,1.0,3
8,All,15,3,3,5,1.0,3
8,All,15,3,3,6,0.6666666666666666,3
8,All,15,3,3,7,1.0,3
8,All,15,3,3,8,1.0,3
8,All,15,3,3,9,0.6666666666666666,3
8,All,16,1,3,1,0.0,1
8,All,16,1,3,2,0.0,1
8,All,16,1,3,3,1.0,1
8,All,16,1,3,4,1.0,1
8,All,16,1,3,5,1.0,1
8,All,16,1,3,6,1.0,1
8,All,16,1,3,7,1.0,1
8,All,16,1,3,8,1.0,1
8,All,16,1,3,9,1.0,1
8,All,17,6,3,1,0.5,6
8,All,17,6,3,2,1.0,5
8,All,17,6,3,3,0.5,6
8,All,17,6,3,4,0.8333333333333334,6
8,All,17,6,3,5,0.6666666666666666,6
8,All,17,6,3,6,0.6666666666666666,6
8,All,17,6,3,7,0.8333333333333334,6
8,All,17,6,3,8,1.0,6
8,All,17,6,3,9,0.8333333333333334,6
8,All,18,5,3,1,0.75,4
8,All,18,5,3,2,0.6,5
8,All,18,5,3,3,0.6,5
8,All,18,5,3,4,0.8,5
8,All,18,5,3,5,0.8,5
8,All,18,5,3,6,1.0,5
8,All,18,5,3,7,1.0,5
8,All,18,5,3,8,1.0,4
8,All,18,5,3,9,0.8,5
9,All,1,3,1,1,0.6666666666666666,3
9,All,1,3,1,2,1.0,3
9,All,1,3,1,3,1.0,3
9,All,1,3,1,4,1.0,3
9,All,1,3,1,5,1.0,3
9,All,1,3,1,6,1.0,3
9,All,1,3,1,7,1.0,3
9,All,1,3,1,8,1.0,3
9,All,1,3,1,9,1.0,3
9,All,2,6,1,1,0.6,5
9,All,2,6,1,2,0.6666666666666666,6
9,All,2,6,1,3,0.6666666666666666,6
9,All,2,6,1,4,1.0,5
9,All,2,6,1,5,0.8333333333333334,6
9,All,2,6,1,6,1.0,6
9,All,2,6,1,7,1.0,6
9,All,2,6,1,8,1.0,6
9,All,2,6,1,9,1.0,6
9,All,3,1,1,1,0.0,1
9,All,3,1,1,2,1.0,1
9,All,3,1,1,3,1.0,1
9,All,3,1,1,4,1.0,1
9,All,3,1,1,5,1.0,1
9,All,3,1,1,6,1.0,1
9,All,3,1,1,7,1.0,1
9,All,3,1,1,8,1.0,1
9,All,3,1,1,9,1.0,1
9,All,4,2,1,1,0.5,2
9,All,4,2,1,2,1.0,2
9,All,4,2,1,3,1.0,2
9,All,4,2,1,4,1.0,2
9,All,4,2,1,5,1.0,2
9,All,4,2,1,6,1.0,2
9,All,4,2,1,7,1.0,2
9,All,4,2,1,8,1.0,2
9,All,4,2,1,9,1.0,2
9,All,5,4,1,1,0.75,4
9,All,5,4,1,2,0.75,4
9,All,5,4,1,3,1.0,4
9,All,5,4,1,4,1.0,4
9,All,5,4,1,5,1.0,4
9,All,5,4,1,6,0.75,4
9,All,5,4,1,7,1.0,4
9,All,5,4,1,8,1.0,4
9,All,5,4,1,9,1.0,3
9,All,6,5,1,1,0.2,5
9,All,6,5,1,2,0.4,5
9,All,6,5,1,3,0.8,5
9,All,6,5,1,4,1.0,5
9,All,6,5,1,5,1.0,5
9,All,6,5,1,6,1.0,5
9,All,6,5,1,7,1.0,5
9,All,6,5,1,8,1.0,5
9,All,6,5,1,9,1.0,5
9,All,7,2,2,1,0.5,2
9,All,7,2,2,2,0.5,2
9,All,7,2,2,3,1.0,2
9,All,7,2,2,4,1.0,2
9,All,7,2,2,5,1.0,2
9,All,7,2,2,6,1.0,2
9,All,7,2,2,7,1.0,2
9,All,7,2,2,8,1.0,2
9,All,7,2,2,9,1.0,2
9,All,8,3,2,1,0.3333333333333333,3
9,All,8,3,2,2,0.6666666666666666,3
9,All,8,3,2,3,1.0,3
9,All,8,3,2,4,1.0,3
9,All,8,3,2,5,1.0,3
9,All,8,3,2,6,1.0,3
9,All,8,3,2,7,1.0,3
9,All,8,3,2,8,1.0,3
9,All,8,3,2,9,1.0,3
9,All,9,5,2,1,0.4,5
9,All,9,5,2,2,0.6,5
9,All,9,5,2,3,0.8,5
9,All,9,5,2,4,1.0,5
9,All,9,5,2,5,1.0,5
9,All,9,5,2,6,1.0,5
9,All,9,5,2,7,1.0,5
9,All,9,5,2,8,1.0,4
9,All,9,5,2,9,1.0,5
9,All,10,4,2,1,0.25,4
9,All,10,4,2,2,0.5,4
9,All,10,4,2,3,0.75,4
9,All,10,4,2,4,0.75,4
9,All,10,4,2,5,1.0,4
9,All,10,4,2,6,1.0,4
9,All,10,4,2,7,1.0,3
9,All,10,4,2,8,1.0,4
9,All,10,4,2,9,1.0,4
9,All,11,1,2,1,1.0,1
9,All,11,1,2,2,1.0,1
9,All,11,1,2,3,1.0,1
9,All,11,1,2,4,1.0,1
9,All,11,1,2,5,1.0,1
9,All,11,1,2,6,1.0,1
9,All,11,1,2,7,1.0,1
9,All,11,1,2,8,1.0,1
9,All,11,1,2,9,1.0,1
9,All,12,6,2,1,0.5,6
9,All,12,6,2,2,1.0,5
9,All,12,6,2,3,0.8333333333333334,6
9,All,12,6,2,4,0.8333333333333334,6
9,All,12,6,2,5,1.0,6
9,All,12,6,2,6,1.0,6
9,All,12,6,2,7,1.0,6
9,All,12,6,2,8,1.0,6
9,All,12,6,2,9,0.8333333333333334,6
9,All,13,4,3,1,0.25,4
9,All,13,4,3,2,0.5,4
9,All,13,4,3,3,1.0,4
9,All,13,4,3,4,1.0,4
9,All,13,4,3,5,1.0,4
9,All,13,4,3,6,1.0,4
9,All,13,4,3,7,1.0,4
9,All,13,4,3,8,1.0,4
9,All,13,4,3,9,1.0,4
9,All,14,1,3,1,0.0,1
9,All,14,1,3,2,1.0,1
9,All,14,1,3,3,1.0,1
9,All,14,1,3,4,1.0,1
9,All,14,1,3,5,1.0,1
9,All,14,1,3,6,1.0,1
9,All,14,1,3,7,1.0,1
9,All,14,1,3,8,1.0,1
9,All,14,1,3,9,1.0,1
9,All,15,2,3,1,1.0,2
9,All,15,2,3,2,1.0,2
9,All,15,2,3,3,0.5,2
9,All,15,2,3,4,1.0,2
9,All,15,2,3,5,1.0,2
9,All,15,2,3,6,1.0,2
9,All,15,2,3,7,1.0,2
9,All,15,2,3,8,1.0,2
9,All,15,2,3,9,1.0,2
9,All,16,5,3,1,0.2,5
9,All,16,5,3,2,0.5,4
9,All,16,5,3,3,0.8,5
9,All,16,5,3,4,0.8,5
9,All,16,5,3,5,0.6,5
9,All,16,5,3,6,1.0,5
9,All,16,5,3,7,1.0,5
9,All,16,5,3,8,0.8,5
9,All,16,5,3,9,0.8,5
9,All,17,3,3,1,0.3333333333333333,3
9,All,17,3,3,2,0.3333333333333333,3
9,All,17,3,3,3,0.6666666666666666,3
9,All,17,3,3,4,1.0,3
9,All,17,3,3,5,1.0,3
9,All,17,3,3,6,1.0,3
9,All,17,3,3,7,1.0,3
9,All,17,3,3,8,1.0,3
9,All,17,3,3,9,1.0,3
9,All,18,6,3,1,0.16666666666666666,6
9,All,18,6,3,2,0.3333333333333333,6
9,All,18,6,3,3,0.3333333333333333,6
9,All,18,6,3,4,0.8333333333333334,6
9,All,18,6,3,5,0.6666666666666666,6
9,All,18,6,3,6,0.8333333333333334,6
9,All,18,6,3,7,1.0,6
9,All,18,6,3,8,1.0,6
9,All,18,6,3,9,0.8333333333333334,6
10,All,1,6,1,1,0.0,6
10,All,1,6,1,2,0.16666666666666666,6
10,All,1,6,1,3,0.16666666666666666,6
10,All,1,6,1,4,0.5,6
10,All,1,6,1,5,0.5,6
10,All,1,6,1,6,0.6666666666666666,6
10,All,1,6,1,7,0.6666666666666666,6
10,All,1,6,1,8,0.6666666666666666,6
10,All,1,6,1,9,0.8333333333333334,6
10,All,2,2,1,1,0.5,2
10,All,2,2,1,2,0.5,2
10,All,2,2,1,3,1.0,2
10,All,2,2,1,4,1.0,2
10,All,2,2,1,5,1.0,2
10,All,2,2,1,6,1.0,2
10,All,2,2,1,7,1.0,2
10,All,2,2,1,8,1.0,2
10,All,2,2,1,9,1.0,2
10,All,3,3,1,1,0.3333333333333333,3
10,All,3,3,1,2,0.6666666666666666,3
10,All,3,3,1,3,1.0,3
10,All,3,3,1,4,1.0,3
10,All,3,3,1,5,1.0,3
10,All,3,3,1,6,1.0,3
10,All,3,3,1,7,1.0,3
10,All,3,3,1,8,0.6666666666666666,3
10,All,3,3,1,9,1.0,3
10,All,4,5,1,1,0.8,5
10,All,4,5,1,2,1.0,5
10,All,4,5,1,3,1.0,5
10,All,4,5,1,4,1.0,5
10,All,4,5,1,5,1.0,5
10,All,4,5,1,6,1.0,5
10,All,4,5,1,7,1.0,5
10,All,4,5,1,8,0.8,5
10,All,4,5,1,9,1.0,5
10,All,5,1,1,1,0.0,1
10,All,5,1,1,2,1.0,1
10,All,5,1,1,3,1.0,1
10,All,5,1,1,4,1.0,1
10,All,5,1,1,5,1.0,1
10,All,5,1,1,6,1.0,1
10,All,5,1,1,7,1.0,1
10,All,5,1,1,8,1.0,1
10,All,5,1,1,9,1.0,1
10,All,6,4,1,1,0.25,4
10,All,6,4,1,2,0.75,4
10,All,6,4,1,3,0.75,4
10,All,6,4,1,4,0.75,4
10,All,6,4,1,5,1.0,4
10,All,6,4,1,6,0.75,4
10,All,6,4,1,7,1.0,4
10,All,6,4,1,8,1.0,4
10,All,6,4,1,9,1.0,4
10,All,7,3,2,1,0.6666666666666666,3
10,All,7,3,2,2,1.0,3
10,All,7,3,2,3,1.0,3
10,All,7,3,2,4,1.0,3
10,All,7,3,2,5,1.0,3
10,All,7,3,2,6,1.0,3
10,All,7,3,2,7,1.0,3
10,All,7,3,2,8,1.0,3
10,All,7,3,2,9,1.0,3
10,All,8,4,2,1,1.0,4
10,All,8,4,2,2,1.0,4
10,All,8,4,2,3,1.0,4
10,All,8,4,2,4,1.0,4
10,All,8,4,2,5,1.0,4
10,All,8,4,2,6,1.0,3
10,All,8,4,2,7,1.0,4
10,All,8,4,2,8,1.0,4
10,All,8,4,2,9,1.0,4
10,All,9,2,2,1,0.0,2
10,All,9,2,2,2,1.0,2
10,All,9,2,2,3,1.0,2
10,All,9,2,2,4,1.0,2
10,All,9,2,2,5,1.0,2
10,All,9,2,2,6,1.0,2
10,All,9,2,2,7,1.0,2
10,All,9,2,2,8,1.0,2
10,All,9,2,2,9,1.0,2
10,All,10,6,2,1,0.5,6
10,All,10,6,2,2,0.8333333333333334,6
10,All,10,6,2,3,0.8333333333333334,6
10,All,10,6,2,4,1.0,6
10,All,10,6,2,5,0.8333333333333334,6
10,All,10,6,2,6,1.0,6
10,All,10,6,2,7,1.0,6
10,All,10,6,2,8,1.0,6
10,All,10,6,2,9,1.0,6
10,All,11,5,2,1,0.6,5
10,All,11,5,2,2,1.0,5
10,All,11,5,2,3,0.8,5
10,All,11,5,2,4,1.0,5
10,All,11,5,2,5,1.0,5
10,All,11,5,2,6,1.0,5
10,All,11,5,2,7,1.0,5
10,All,11,5,2,8,1.0,5
10,All,11,5,2,9,1.0,5
10,All,12,1,2,1,1.0,1
10,All,12,1,2,2,1.0,1
10,All,12,1,2,3,1.0,1
10,All,12,1,2,4,1.0,1
10,All,12,1,2,5,1.0,1
10,All,12,1,2,6,1.0,1
10,All,12,1,2,7,1.0,1
10,All,12,1,2,8,1.0,1
10,All,12,1,2,9,1.0,1
10,All,13,1,3,1,1.0,1
10,All,13,1,3,2,1.0,1
10,All,13,1,3,3,1.0,1
10,All,13,1,3,4,1.0,1
10,All,13,1,3,5,1.0,1
10,All,13,1,3,6,1.0,1
10,All,13,1,3,7,1.0,1
10,All,13,1,3,8,1.0,1
10,All,13,1,3,9,1.0,1
10,All,14,5,3,1,0.4,5
10,All,14,5,3,2,1.0,5
10,All,14,5,3,3,0.8,5
10,All,14,5,3,4,0.8,5
10,All,14,5,3,5,1.0,5
10,All,14,5,3,6,1.0,5
10,All,14,5,3,7,1.0,5
10,All,14,5,3,8,1.0,5
10,All,14,5,3,9,1.0,5
10,All,15,4,3,1,0.75,4
10,All,15,4,3,2,1.0,4
10,All,15,4,3,3,1.0,4
10,All,15,4,3,4,1.0,4
10,All,15,4,3,5,1.0,4
10,All,15,4,3,6,1.0,4
10,All,15,4,3,7,1.0,4
10,All,15,4,3,8,1.0,3
10,All,15,4,3,9,1.0,4
10,All,16,6,3,1,0.6666666666666666,6
10,All,16,6,3,2,1.0,6
10,All,16,6,3,3,1.0,6
10,All,16,6,3,4,1.0,6
10,All,16,6,3,5,1.0,6
10,All,16,6,3,6,1.0,6
10,All,16,6,3,7,1.0,6
10,All,16,6,3,8,1.0,5
10,All,16,6,3,9,1.0,6
10,All,17,2,3,1,1.0,2
10,All,17,2,3,2,1.0,2
10,All,17,2,3,3,1.0,2
10,All,17,2,3,4,1.0,2
10,All,17,2,3,5,1.0,2
10,All,17,2,3,6,1.0,2
10,All,17,2,3,7,1.0,2
10,All,17,2,3,8,1.0,2
10,All,17,2,3,9,1.0,2
10,All,18,3,3,1,1.0,3
10,All,18,3,3,2,1.0,3
10,All,18,3,3,3,1.0,3
10,All,18,3,3,4,1.0,3
10,All,18,3,3,5,1.0,3
10,All,18,3,3,6,1.0,3
10,All,18,3,3,7,1.0,3
10,All,18,3,3,8,1.0,3
10,All,18,3,3,9,1.0,3
11,All,1,2,1,1,1.0,2
11,All,1,2,1,2,1.0,2
11,All,1,2,1,3,1.0,2
11,All,1,2,1,4,0.5,2
11,All,1,2,1,5,1.0,2
11,All,1,2,1,6,1.0,2
11,All,1,2,1,7,1.0,2
11,All,1,2,1,8,1.0,2
11,All,1,2,1,9,1.0,2
11,All,2,5,1,1,0.4,5
11,All,2,5,1,2,0.6,5
11,All,2,5,1,3,0.6,5
11,All,2,5,1,4,1.0,5
11,All,2,5,1,5,0.8,5
11,All,2,5,1,6,1.0,5
11,All,2,5,1,7,0.8,5
11,All,2,5,1,8,1.0,5
11,All,2,5,1,9,1.0,5
11,All,3,6,1,1,0.6666666666666666,6
11,All,3,6,1,2,1.0,6
11,All,3,6,1,3,1.0,6
11,All,3,6,1,4,1.0,6
11,All,3,6,1,5,1.0,6
11,All,3,6,1,6,1.0,6
11,All,3,6,1,7,1.0,6
11,All,3,6,1,8,1.0,6
11,All,3,6,1,9,1.0,6
11,All,4,4,1,1,0.25,4
11,All,4,4,1,2,0.5,4
11,All,4,4,1,3,1.0,4
11,All,4,4,1,4,1.0,4
11,All,4,4,1,5,1.0,4
11,All,4,4,1,6,0.75,4
11,All,4,4,1,7,1.0,4
11,All,4,4,1,8,1.0,4
11,All,4,4,1,9,1.0,4
11,All,5,3,1,1,0.3333333333333333,3
11,All,5,3,1,2,0.3333333333333333,3
11,All,5,3,1,3,1.0,3
11,All,5,3,1,4,1.0,3
11,All,5,3,1,5,1.0,3
11,All,5,3,1,6,0.6666666666666666,3
11,All,5,3,1,7,1.0,3
11,All,5,3,1,8,1.0,3
11,All,5,3,1,9,1.0,3
11,All,6,1,1,1,1.0,1
11,All,6,1,1,2,1.0,1
11,All,6,1,1,3,1.0,1
11,All,6,1,1,4,1.0,1
11,All,6,1,1,5,1.0,1
11,All,6,1,1,6,1.0,1
11,All,6,1,1,7,1.0,1
11,All,6,1,1,8,1.0,1
11,All,6,1,1,9,1.0,1
11,All,7,4,2,1,0.25,4
11,All,7,4,2,2,0.75,4
11,All,7,4,2,3,1.0,3
11,All,7,4,2,4,1.0,4
11,All,7,4,2,5,1.0,4
11,All,7,4,2,6,1.0,4
11,All,7,4,2,7,1.0,4
11,All,7,4,2,8,1.0,4
11,All,7,4,2,9,1.0,4
11,All,8,6,2,1,0.16666666666666666,6
11,All,8,6,2,2,0.6,5
11,All,8,6,2,3,0.8333333333333334,6
11,All,8,6,2,4,0.8333333333333334,6
11,All,8,6,2,5,1.0,6
11,All,8,6,2,6,1.0,6
11,All,8,6,2,7,1.0,6
11,All,8,6,2,8,1.0,6
11,All,8,6,2,9,1.0,6
11,All,9,3,2,1,0.6666666666666666,3
11,All,9,3,2,2,0.6666666666666666,3
11,All,9,3,2,3,1.0,3
11,All,9,3,2,4,1.0,3
11,All,9,3,2,5,1.0,3
11,All,9,3,2,6,1.0,3
11,All,9,3,2,7,1.0,3
11,All,9,3,2,8,1.0,3
11,All,9,3,2,9,1.0,3
11,All,10,1,2,1,0.0,1
11,All,10,1,2,2,1.0,1
11,All,10,1,2,3,1.0,1
11,All,10,1,2,4,1.0,1
11,All,10,1,2,5,1.0,1
11,All,10,1,2,6,1.0,1
11,All,10,1,2,7,1.0,1
11,All,10,1,2,8,1.0,1
11,All,10,1,2,9,1.0,1
11,All,11,2,2,1,0.0,2
11,All,11,2,2,2,1.0,2
11,All,11,2,2,3,1.0,2
11,All,11,2,2,4,1.0,2
11,All,11,2,2,5,1.0,2
11,All,11,2,2,6,1.0,2
11,All,11,2,2,7,1.0,2
11,All,11,2,2,8,1.0,2
11,All,11,2,2,9,1.0,2
11,All,12,5,2,1,0.2,5
11,All,12,5,2,2,0.4,5
11,All,12,5,2,3,0.4,5
11,All,12,5,2,4,1.0,5
11,All,12,5,2,5,1.0,4
11,All,12,5,2,6,1.0,5
11,All,12,5,2,7,1.0,5
11,All,12,5,2,8,1.0,5
11,All,12,5,2,9,1.0,5
11,All,13,5,3,1,0.4,5
11,All,13,5,3,2,0.8,5
11,All,13,5,3,3,1.0,5
11,All,13,5,3,4,1.0,5
11,All,13,5,3,5,1.0,5
11,All,13,5,3,6,1.0,5
11,All,13,5,3,7,1.0,5
11,All,13,5,3,8,1.0,5
11,All,13,5,3,9,1.0,5
11,All,14,6,3,1,0.3333333333333333,6
11,All,14,6,3,2,0.6666666666666666,6
11,All,14,6,3,3,0.8333333333333334,6
11,All,14,6,3,4,0.8333333333333334,6
11,All,14,6,3,5,1.0,6
11,All,14,6,3,6,1.0,6
11,All,14,6,3,7,1.0,6
11,All,14,6,3,8,1.0,6
11,All,14,6,3,9,1.0,6
11,All,15,1,3,1,0.0,1
11,All,15,1,3,2,0.0,1
11,All,15,1,3,3,1.0,1
11,All,15,1,3,4,1.0,1
11,All,15,1,3,5,1.0,1
11,All,15,1,3,6,1.0,1
11,All,15,1,3,7,1.0,1
11,All,15,1,3,8,1.0,1
11,All,15,1,3,9,1.0,1
11,All,16,3,3,1,0.6666666666666666,3
11,All,16,3,3,2,0.6666666666666666,3
11,All,16,3,3,3,1.0,3
11,All,16,3,3,4,1.0,3
11,All,16,3,3,5,1.0,3
11,All,16,3,3,6,1.0,3
11,All,16,3,3,7,1.0,3
11,All,16,3,3,8,1.0,3
11,All,16,3,3,9,1.0,3
11,All,17,4,3,1,0.5,4
11,All,17,4,3,2,0.75,4
11,All,17,4,3,3,1.0,4
11,All,17,4,3,4,1.0,4
11,All,17,4,3,5,1.0,4
11,All,17,4,3,6,1.0,4
11,All,17,4,3,7,1.0,4
11,All,17,4,3,8,1.0,4
11,All,17,4,3,9,1.0,4
11,All,18,2,3,1,0.5,2
11,All,18,2,3,2,0.5,2
11,All,18,2,3,3,1.0,2
11,All,18,2,3,4,1.0,2
11,All,18,2,3,5,1.0,2
11,All,18,2,3,6,1.0,2
11,All,18,2,3,7,1.0,2
11,All,18,2,3,8,1.0,2
11,All,18,2,3,9,1.0,2
12,All,1,5,1,1,0.5,4
12,All,1,5,1,2,0.6,5
12,All,1,5,1,3,0.8,5
12,All,1,5,1,4,0.6666666666666666,3
12,All,1,5,1,5,1.0,5
12,All,1,5,1,6,1.0,5
12,All,1,5,1,7,0.8,5
12,All,1,5,1,8,0.8,5
12,All,1,5,1,9,1.0,5
12,All,2,4,1,1,0.0,4
12,All,2,4,1,2,0.5,4
12,All,2,4,1,3,0.25,4
12,All,2,4,1,4,0.5,4
12,All,2,4,1,5,0.75,4
12,All,2,4,1,6,0.75,4
12,All,2,4,1,7,1.0,2
12,All,2,4,1,8,1.0,4
12,All,2,4,1,9,0.75,4
12,All,3,2,1,1,0.5,2
12,All,3,2,1,2,0.5,2
12,All,3,2,1,3,0.5,2
12,All,3,2,1,4,0.5,2
12,All,3,2,1,5,1.0,1
12,All,3,2,1,6,0.5,2
12,All,3,2,1,7,0.5,2
12,All,3,2,1,8,1.0,1
12,All,3,2,1,9,1.0,1
12,All,4,1,1,1,0.0,1
12,All,4,1,1,2,1.0,1
12,All,4,1,1,4,1.0,1
12,All,4,1,1,5,1.0,1
12,All,4,1,1,7,1.0,1
12,All,4,1,1,8,1.0,1
12,All,4,1,1,9,1.0,1
12,All,5,6,1,1,0.6666666666666666,6
12,All,5,6,1,2,0.5,6
12,All,5,6,1,3,0.8,5
12,All,5,6,1,4,1.0,6
12,All,5,6,1,5,1.0,6
12,All,5,6,1,6,1.0,6
12,All,5,6,1,7,0.8333333333333334,6
12,All,5,6,1,8,1.0,6
12,All,5,6,1,9,1.0,6
12,All,6,3,1,1,0.6666666666666666,3
12,All,6,3,1,2,0.6666666666666666,3
12,All,6,3,1,3,1.0,3
12,All,6,3,1,4,1.0,3
12,All,6,3,1,5,1.0,3
12,All,6,3,1,6,1.0,3
12,All,6,3,1,7,1.0,3
12,All,6,3,1,8,1.0,3
12,All,6,3,1,9,1.0,3
12,All,7,6,2,1,0.6,5
12,All,7,6,2,2,0.16666666666666666,6
12,All,7,6,2,3,0.5,6
12,All,7,6,2,4,0.6,5
12,All,7,6,2,5,0.5,6
12,All,7,6,2,6,0.8,5
12,All,7,6,2,7,0.2,5
12,All,7,6,2,8,0.5,6
12,All,7,6,2,9,0.8333333333333334,6
12,All,8,1,2,1,0.0,1
12,All,8,1,2,2,0.0,1
12,All,8,1,2,3,1.0,1
12,All,8,1,2,4,1.0,1
12,All,8,1,2,5,1.0,1
12,All,8,1,2,6,1.0,1
12,All,8,1,2,7,1.0,1
12,All,8,1,2,8,1.0,1
12,All,8,1,2,9,1.0,1
12,All,9,4,2,1,0.25,4
12,All,9,4,2,2,0.0,4
12,All,9,4,2,3,1.0,3
12,All,9,4,2,4,0.75,4
12,All,9,4,2,5,0.5,4
12,All,9,4,2,6,0.75,4
12,All,9,4,2,7,0.6666666666666666,3
12,All,9,4,2,8,0.5,4
12,All,9,4,2,9,1.0,4
12,All,10,5,2,1,0.4,5
12,All,10,5,2,2,0.4,5
12,All,10,5,2,3,0.6,5
12,All,10,5,2,4,0.6,5
12,All,10,5,2,5,0.8,5
12,All,10,5,2,6,0.75,4
12,All,10,5,2,7,1.0,5
12,All,10,5,2,8,1.0,3
12,All,10,5,2,9,0.5,4
12,All,11,3,2,1,0.5,2
12,All,11,3,2,3,0.3333333333333333,3
12,All,11,3,2,4,0.5,2
12,All,11,3,2,5,0.5,2
12,All,11,3,2,6,0.0,3
12,All,11,3,2,7,0.5,2
12,All,11,3,2,8,0.0,3
12,All,11,3,2,9,0.3333333333333333,3
12,All,12,2,2,1,1.0,1
12,All,12,2,2,3,1.0,2
12,All,12,2,2,4,0.0,2
12,All,12,2,2,5,1.0,1
12,All,12,2,2,6,0.5,2
12,All,12,2,2,7,0.0,2
12,All,12,2,2,8,0.0,2
12,All,12,2,2,9,1.0,1
12,All,13,6,3,1,0.4,5
12,All,13,6,3,2,0.4,5
12,All,13,6,3,3,0.0,4
12,All,13,6,3,4,0.5,6
12,All,13,6,3,5,0.8333333333333334,6
12,All,13,6,3,6,0.8,5
12,All,13,6,3,7,0.5,6
12,All,13,6,3,8,0.8333333333333334,6
12,All,13,6,3,9,0.8333333333333334,6
12,All,14,3,3,1,0.6666666666666666,3
12,All,14,3,3,2,0.6666666666666666,3
12,All,14,3,3,3,1.0,3
12,All,14,3,3,4,1.0,3
12,All,14,3,3,5,1.0,3
12,All,14,3,3,6,1.0,3
12,All,14,3,3,7,1.0,3
12,All,14,3,3,8,0.6666666666666666,3
12,All,14,3,3,9,1.0,3
12,All,15,5,3,1,0.2,5
12,All,15,5,3,2,0.6,5
12,All,15,5,3,3,0.6,5
12,All,15,5,3,4,1.0,5
12,All,15,5,3,5,0.8,5
12,All,15,5,3,6,0.8,5
12,All,15,5,3,7,1.0,5
12,All,15,5,3,8,0.8,5
12,All,15,5,3,9,1.0,4
12,All,16,2,3,1,0.5,2
12,All,16,2,3,2,0.5,2
12,All,16,2,3,3,1.0,2
12,All,16,2,3,4,1.0,2
12,All,16,2,3,5,1.0,1
12,All,16,2,3,6,1.0,2
12,All,16,2,3,7,1.0,2
12,All,16,2,3,8,1.0,2
12,All,16,2,3,9,0.5,2
12,All,17,1,3,2,1.0,1
12,All,17,1,3,3,1.0,1
12,All,17,1,3,4,0.0,1
12,All,17,1,3,5,0.0,1
12,All,17,1,3,6,1.0,1
12,All,17,1,3,7,0.0,1
12,All,17,1,3,8,1.0,1
12,All,18,4,3,1,0.3333333333333333,3
12,All,18,4,3,2,0.25,4
12,All,18,4,3,3,0.0,2
12,All,18,4,3,4,0.0,1
12,All,18,4,3,6,0.0,2
12,All,18,4,3,7,0.25,4
12,All,18,4,3,8,0.5,4
12,All,18,4,3,9,0.5,4
13,All,1,1,1,1,0.0,1
13,All,1,1,1,2,0.0,1
13,All,1,1,1,3,1.0,1
13,All,1,1,1,4,1.0,1
13,All,1,1,1,5,1.0,1
13,All,1,1,1,6,1.0,1
13,All,1,1,1,7,1.0,1
13,All,1,1,1,8,1.0,1
13,All,1,1,1,9,1.0,1
13,All,2,5,1,1,0.25,4
13,All,2,5,1,2,0.25,4
13,All,2,5,1,3,0.75,4
13,All,2,5,1,4,0.6,5
13,All,2,5,1,5,0.75,4
13,All,2,5,1,6,0.8,5
13,All,2,5,1,7,0.8,5
13,All,2,5,1,8,0.8,5
13,All,2,5,1,9,1.0,5
13,All,3,6,1,1,0.6666666666666666,6
13,All,3,6,1,2,0.8333333333333334,6
13,All,3,6,1,3,0.8333333333333334,6
13,All,3,6,1,4,1.0,5
13,All,3,6,1,5,1.0,6
13,All,3,6,1,6,0.8333333333333334,6
13,All,3,6,1,7,1.0,5
13,All,3,6,1,8,1.0,6
13,All,3,6,1,9,1.0,5
13,All,4,2,1,1,0.5,2
13,All,4,2,1,2,0.5,2
13,All,4,2,1,3,1.0,2
13,All,4,2,1,4,1.0,2
13,All,4,2,1,5,1.0,2
13,All,4,2,1,6,1.0,2
13,All,4,2,1,7,1.0,2
13,All,4,2,1,8,1.0,2
13,All,4,2,1,9,1.0,2
13,All,5,4,1,1,0.25,4
13,All,5,4,1,2,0.5,4
13,All,5,4,1,3,1.0,4
13,All,5,4,1,4,1.0,4
13,All,5,4,1,5,1.0,4
13,All,5,4,1,6,1.0,4
13,All,5,4,1,7,1.0,4
13,All,5,4,1,8,1.0,4
13,All,5,4,1,9,1.0,4
13,All,6,3,1,1,1.0,3
13,All,6,3,1,2,1.0,3
13,All,6,3,1,3,1.0,3
13,All,6,3,1,4,1.0,3
13,All,6,3,1,5,1.0,3
13,All,6,3,1,6,1.0,3
13,All,6,3,1,7,1.0,3
13,All,6,3,1,8,1.0,3
13,All,6,3,1,9,1.0,3
13,All,7,4,2,1,0.75,4
13,All,7,4,2,2,0.75,4
13,All,7,4,2,3,0.75,4
13,All,7,4,2,4,1.0,4
13,All,7,4,2,5,1.0,4
13,All,7,4,2,6,1.0,4
13,All,7,4,2,7,1.0,4
13,All,7,4,2,8,1.0,4
13,All,7,4,2,9,1.0,4
13,All,8,1,2,1,0.0,1
13,All,8,1,2,2,1.0,1
13,All,8,1,2,3,1.0,1
13,All,8,1,2,4,1.0,1
13,All,8,1,2,5,1.0,1
13,All,8,1,2,6,1.0,1
13,All,8,1,2,7,1.0,1
13,All,8,1,2,8,1.0,1
13,All,8,1,2,9,1.0,1
13,All,9,5,2,1,0.6,5
13,All,9,5,2,2,0.6,5
13,All,9,5,2,3,0.8,5
13,All,9,5,2,4,0.8,5
13,All,9,5,2,5,1.0,5
13,All,9,5,2,6,1.0,5
13,All,9,5,2,7,1.0,5
13,All,9,5,2,8,1.0,5
13,All,9,5,2,9,0.8,5
13,All,10,3,2,1,1.0,3
13,All,10,3,2,2,0.6666666666666666,3
13,All,10,3,2,3,1.0,3
13,All,10,3,2,4,1.0,3
13,All,10,3,2,5,1.0,3
13,All,10,3,2,6,1.0,3
13,All,10,3,2,7,1.0,3
13,All,10,3,2,8,1.0,3
13,All,10,3,2,9,1.0,3
13,All,11,2,2,1,1.0,2
13,All,11,2,2,2,1.0,2
13,All,11,2,2,3,1.0,2
13,All,11,2,2,4,1.0,2
13,All,11,2,2,5,1.0,2
13,All,11,2,2,6,1.0,2
13,All,11,2,2,7,1.0,2
13,All,11,2,2,8,1.0,2
13,All,11,2,2,9,1.0,2
13,All,12,6,2,1,0.5,6
13,All,12,6,2,2,0.6666666666666666,6
13,All,12,6,2,3,0.5,6
13,All,12,6,2,4,0.8,5
13,All,12,6,2,5,0.8333333333333334,6
13,All,12,6,2,6,1.0,6
13,All,12,6,2,7,0.8333333333333334,6
13,All,12,6,2,8,1.0,6
13,All,12,6,2,9,1.0,6
13,All,13,3,3,1,0.6666666666666666,3
13,All,13,3,3,2,0.6666666666666666,3
13,All,13,3,3,3,1.0,3
13,All,13,3,3,4,1.0,3
13,All,13,3,3,5,1.0,3
13,All,13,3,3,6,1.0,3
13,All,13,3,3,7,1.0,3
13,All,13,3,3,8,1.0,3
13,All,13,3,3,9,1.0,3
13,All,14,2,3,1,0.0,2
13,All,14,2,3,2,0.5,2
13,All,14,2,3,3,1.0,2
13,All,14,2,3,4,0.5,2
13,All,14,2,3,5,1.0,2
13,All,14,2,3,6,1.0,2
13,All,14,2,3,7,1.0,2
13,All,14,2,3,8,1.0,2
13,All,14,2,3,9,1.0,2
13,All,15,6,3,1,0.5,6
13,All,15,6,3,2,0.6666666666666666,6
13,All,15,6,3,3,0.6666666666666666,6
13,All,15,6,3,4,0.6666666666666666,6
13,All,15,6,3,5,1.0,5
13,All,15,6,3,6,0.8333333333333334,6
13,All,15,6,3,7,1.0,6
13,All,15,6,3,8,1.0,6
13,All,15,6,3,9,0.8333333333333334,6
13,All,16,4,3,1,0.5,4
13,All,16,4,3,2,0.75,4
13,All,16,4,3,3,1.0,4
13,All,16,4,3,4,1.0,4
13,All,16,4,3,5,1.0,4
13,All,16,4,3,6,1.0,4
13,All,16,4,3,7,1.0,4
13,All,16,4,3,8,1.0,4
13,All,16,4,3,9,1.0,4
13,All,17,5,3,1,0.8,5
13,All,17,5,3,2,0.8,5
13,All,17,5,3,3,1.0,5
13,All,17,5,3,4,1.0,5
13,All,17,5,3,5,1.0,5
13,All,17,5,3,6,1.0,5
13,All,17,5,3,7,1.0,5
13,All,17,5,3,8,1.0,5
13,All,17,5,3,9,1.0,5
13,All,18,1,3,1,0.0,1
13,All,18,1,3,2,1.0,1
13,All,18,1,3,4,1.0,1
13,All,18,1,3,5,1.0,1
13,All,18,1,3,6,1.0,1
13,All,18,1,3,7,1.0,1
13,All,18,1,3,8,1.0,1
13,All,18,1,3,9,1.0,1
14,All,1,5,1,1,0.4,5
14,All,1,5,1,2,0.8,5
14,All,1,5,1,3,1.0,5
14,All,1,5,1,4,1.0,5
14,All,1,5,1,5,1.0,5
14,All,1,5,1,6,1.0,5
14,All,1,5,1,7,1.0,5
14,All,1,5,1,8,1.0,5
14,All,1,5,1,9,1.0,5
14,All,2,2,1,1,0.0,2
14,All,2,2,1,2,0.5,2
14,All,2,2,1,3,1.0,2
14,All,2,2,1,4,1.0,2
14,All,2,2,1,5,1.0,2
14,All,2,2,1,6,1.0,2
14,All,2,2,1,7,1.0,2
14,All,2,2,1,8,1.0,2
14,All,2,2,1,9,1.0,2
14,All,3,1,1,1,0.0,1
14,All,3,1,1,2,0.0,1
14,All,3,1,1,3,1.0,1
14,All,3,1,1,4,1.0,1
14,All,3,1,1,5,1.0,1
14,All,3,1,1,6,1.0,1
14,All,3,1,1,7,1.0,1
14,All,3,1,1,8,1.0,1
14,All,3,1,1,9,1.0,1
14,All,4,3,1,1,0.3333333333333333,3
14,All,4,3,1,2,0.6666666666666666,3
14,All,4,3,1,3,1.0,3
14,All,4,3,1,4,1.0,3
14,All,4,3,1,5,1.0,3
14,All,4,3,1,6,1.0,3
14,All,4,3,1,7,1.0,3
14,All,4,3,1,8,0.6666666666666666,3
14,All,4,3,1,9,1.0,3
14,All,5,6,1,1,0.3333333333333333,6
14,All,5,6,1,2,0.6,5
14,All,5,6,1,3,0.6666666666666666,6
14,All,5,6,1,4,0.6666666666666666,6
14,All,5,6,1,5,1.0,5
14,All,5,6,1,6,0.6666666666666666,6
14,All,5,6,1,7,1.0,6
14,All,5,6,1,8,1.0,6
14,All,5,6,1,9,0.8333333333333334,6
14,All,6,4,1,1,0.5,4
14,All,6,4,1,2,0.75,4
14,All,6,4,1,3,0.75,4
14,All,6,4,1,4,1.0,4
14,All,6,4,1,5,1.0,4
14,All,6,4,1,6,1.0,4
14,All,6,4,1,7,1.0,4
14,All,6,4,1,8,1.0,4
14,All,6,4,1,9,1.0,3
14,All,7,1,2,1,0.0,1
14,All,7,1,2,2,1.0,1
14,All,7,1,2,3,1.0,1
14,All,7,1,2,4,1.0,1
14,All,7,1,2,5,1.0,1
14,All,7,1,2,6,1.0,1
14,All,7,1,2,7,1.0,1
14,All,7,1,2,8,1.0,1
14,All,7,1,2,9,1.0,1
14,All,8,3,2,1,0.6666666666666666,3
14,All,8,3,2,2,1.0,3
14,All,8,3,2,3,1.0,3
14,All,8,3,2,4,1.0,3
14,All,8,3,2,5,1.0,3
14,All,8,3,2,6,1.0,3
14,All,8,3,2,7,1.0,3
14,All,8,3,2,8,0.6666666666666666,3
14,All,8,3,2,9,1.0,2
14,All,9,4,2,1,0.25,4
14,All,9,4,2,2,0.75,4
14,All,9,4,2,3,1.0,3
14,All,9,4,2,4,1.0,3
14,All,9,4,2,5,1.0,3
14,All,9,4,2,6,1.0,3
14,All,9,4,2,7,1.0,3
14,All,9,4,2,8,1.0,2
14,All,9,4,2,9,1.0,3
14,All,10,6,2,1,0.3333333333333333,6
14,All,10,6,2,2,0.8333333333333334,6
14,All,10,6,2,3,0.5,6
14,All,10,6,2,4,1.0,6
14,All,10,6,2,5,1.0,5
14,All,10,6,2,6,1.0,5
14,All,10,6,2,7,1.0,4
14,All,10,6,2,8,0.8,5
14,All,10,6,2,9,0.8333333333333334,6
14,All,11,5,2,1,0.4,5
14,All,11,5,2,2,0.8,5
14,All,11,5,2,3,1.0,5
14,All,11,5,2,4,1.0,5
14,All,11,5,2,5,1.0,3
14,All,11,5,2,6,1.0,5
14,All,11,5,2,7,1.0,5
14,All,11,5,2,8,1.0,5
14,All,11,5,2,9,1.0,5
14,All,12,2,2,1,1.0,1
14,All,12,2,2,2,0.5,2
14,All,12,2,2,3,1.0,2
14,All,12,2,2,4,0.5,2
14,All,12,2,2,5,1.0,2
14,All,12,2,2,6,1.0,2
14,All,12,2,2,7,1.0,1
14,All,12,2,2,8,1.0,2
14,All,12,2,2,9,1.0,2
14,All,13,2,3,1,0.5,2
14,All,13,2,3,2,1.0,2
14,All,13,2,3,3,1.0,2
14,All,13,2,3,4,1.0,2
14,All,13,2,3,5,1.0,2
14,All,13,2,3,6,1.0,2
14,All,13,2,3,7,1.0,2
14,All,13,2,3,8,1.0,2
14,All,13,2,3,9,1.0,1
14,All,14,4,3,1,0.25,4
14,All,14,4,3,2,0.75,4
14,All,14,4,3,3,1.0,4
14,All,14,4,3,4,1.0,3
14,All,14,4,3,5,1.0,3
14,All,14,4,3,6,1.0,3
14,All,14,4,3,7,0.75,4
14,All,14,4,3,8,1.0,4
14,All,14,4,3,9,0.75,4
14,All,15,3,3,1,0.0,3
14,All,15,3,3,2,0.6666666666666666,3
14,All,15,3,3,3,0.6666666666666666,3
14,All,15,3,3,4,1.0,3
14,All,15,3,3,5,1.0,3
14,All,15,3,3,6,1.0,3
14,All,15,3,3,7,1.0,3
14,All,15,3,3,8,1.0,3
14,All,15,3,3,9,1.0,3
14,All,16,1,3,1,1.0,1
14,All,16,1,3,2,1.0,1
14,All,16,1,3,3,1.0,1
14,All,16,1,3,4,1.0,1
14,All,16,1,3,5,1.0,1
14,All,16,1,3,6,1.0,1
14,All,16,1,3,7,1.0,1
14,All,16,1,3,8,1.0,1
14,All,16,1,3,9,1.0,1
14,All,17,6,3,1,0.16666666666666666,6
14,All,17,6,3,2,0.6666666666666666,6
14,All,17,6,3,3,0.8,5
14,All,17,6,3,4,0.6666666666666666,6
14,All,17,6,3,5,0.8333333333333334,6
14,All,17,6,3,6,1.0,5
14,All,17,6,3,7,1.0,6
14,All,17,6,3,8,1.0,5
14,All,17,6,3,9,1.0,6
14,All,18,5,3,1,0.0,5
14,All,18,5,3,2,0.8,5
14,All,18,5,3,3,0.6,5
14,All,18,5,3,4,1.0,5
14,All,18,5,3,5,1.0,5
14,All,18,5,3,6,1.0,5
14,All,18,5,3,7,1.0,5
14,All,18,5,3,8,1.0,5
14,All,18,5,3,9,1.0,5
15,All,1,2,1,1,0.5,2
15,All,1,2,1,2,0.5,2
15,All,1,2,1,3,0.5,2
15,All,1,2,1,4,0.5,2
15,All,1,2,1,5,1.0,2
15,All,1,2,1,6,1.0,2
15,All,1,2,1,7,1.0,2
15,All,1,2,1,8,1.0,2
15,All,1,2,1,9,1.0,2
15,All,2,3,1,1,1.0,3
15,All,2,3,1,2,1.0,3
15,All,2,3,1,3,1.0,3
15,All,2,3,1,4,1.0,3
15,All,2,3,1,5,1.0,3
15,All,2,3,1,6,1.0,3
15,All,2,3,1,7,1.0,3
15,All,2,3,1,8,1.0,3
15,All,2,3,1,9,1.0,3
15,All,3,5,1,1,0.4,5
15,All,3,5,1,2,1.0,4
15,All,3,5,1,3,0.6,5
15,All,3,5,1,4,1.0,5
15,All,3,5,1,5,1.0,5
15,All,3,5,1,6,1.0,5
15,All,3,5,1,7,1.0,5
15,All,3,5,1,8,1.0,5
15,All,3,5,1,9,1.0,5
15,All,4,4,1,1,0.75,4
15,All,4,4,1,2,0.75,4
15,All,4,4,1,3,1.0,4
15,All,4,4,1,4,1.0,4
15,All,4,4,1,5,1.0,4
15,All,4,4,1,6,1.0,4
15,All,4,4,1,7,1.0,4
15,All,4,4,1,8,1.0,4
15,All,4,4,1,9,1.0,4
15,All,5,1,1,1,1.0,1
15,All,5,1,1,2,1.0,1
15,All,5,1,1,3,1.0,1
15,All,5,1,1,4,1.0,1
15,All,5,1,1,5,1.0,1
15,All,5,1,1,6,1.0,1
15,All,5,1,1,7,1.0,1
15,All,5,1,1,8,1.0,1
15,All,5,1,1,9,1.0,1
15,All,6,6,1,1,0.16666666666666666,6
15,All,6,6,1,2,0.5,6
15,All,6,6,1,3,0.8,5
15,All,6,6,1,4,0.6666666666666666,6
15,All,6,6,1,5,0.5,6
15,All,6,6,1,6,0.8333333333333334,6
15,All,6,6,1,7,1.0,6
15,All,6,6,1,8,1.0,6
15,All,6,6,1,9,1.0,6
15,All,7,3,2,1,0.3333333333333333,3
15,All,7,3,2,2,0.6666666666666666,3
15,All,7,3,2,3,1.0,3
15,All,7,3,2,4,1.0,3
15,All,7,3,2,5,1.0,3
15,All,7,3,2,6,1.0,3
15,All,7,3,2,7,1.0,3
15,All,7,3,2,8,1.0,3
15,All,7,3,2,9,1.0,3
15,All,8,6,2,1,0.5,6
15,All,8,6,2,2,1.0,6
15,All,8,6,2,3,0.75,4
15,All,8,6,2,4,1.0,6
15,All,8,6,2,5,1.0,5
15,All,8,6,2,6,1.0,6
15,All,8,6,2,7,1.0,6
15,All,8,6,2,8,1.0,5
15,All,8,6,2,9,1.0,6
15,All,9,1,2,1,0.0,1
15,All,9,1,2,2,1.0,1
15,All,9,1,2,3,1.0,1
15,All,9,1,2,4,1.0,1
15,All,9,1,2,5,1.0,1
15,All,9,1,2,6,1.0,1
15,All,9,1,2,7,1.0,1
15,All,9,1,2,8,1.0,1
15,All,9,1,2,9,1.0,1
15,All,10,2,2,1,0.0,2
15,All,10,2,2,2,1.0,2
15,All,10,2,2,3,1.0,2
15,All,10,2,2,4,1.0,2
15,All,10,2,2,5,1.0,2
15,All,10,2,2,6,1.0,2
15,All,10,2,2,7,1.0,2
15,All,10,2,2,8,1.0,2
15,All,10,2,2,9,1.0,2
15,All,11,4,2,1,0.25,4
15,All,11,4,2,2,0.5,4
15,All,11,4,2,3,1.0,4
15,All,11,4,2,4,1.0,4
15,All,11,4,2,5,0.75,4
15,All,11,4,2,6,1.0,4
15,All,11,4,2,7,1.0,4
15,All,11,4,2,8,1.0,4
15,All,11,4,2,9,1.0,3
15,All,12,5,2,1,0.4,5
15,All,12,5,2,2,0.75,4
15,All,12,5,2,3,0.8,5
15,All,12,5,2,4,0.8,5
15,All,12,5,2,5,1.0,5
15,All,12,5,2,6,1.0,4
15,All,12,5,2,7,1.0,5
15,All,12,5,2,8,1.0,5
15,All,12,5,2,9,0.8,5
15,All,13,4,3,1,0.5,4
15,All,13,4,3,2,1.0,4
15,All,13,4,3,3,1.0,4
15,All,13,4,3,4,1.0,4
15,All,13,4,3,5,1.0,4
15,All,13,4,3,6,1.0,4
15,All,13,4,3,7,1.0,4
15,All,13,4,3,8,1.0,4
15,All,13,4,3,9,1.0,4
15,All,14,1,3,1,1.0,1
15,All,14,1,3,2,1.0,1
15,All,14,1,3,3,1.0,1
15,All,14,1,3,4,1.0,1
15,All,14,1,3,5,1.0,1
15,All,14,1,3,6,1.0,1
15,All,14,1,3,7,1.0,1
15,All,14,1,3,8,1.0,1
15,All,14,1,3,9,1.0,1
15,All,15,2,3,1,0.5,2
15,All,15,2,3,2,0.5,2
15,All,15,2,3,3,1.0,2
15,All,15,2,3,4,1.0,2
15,All,15,2,3,5,1.0,2
15,All,15,2,3,6,1.0,2
15,All,15,2,3,7,1.0,1
15,All,15,2,3,8,1.0,2
15,All,15,2,3,9,1.0,2
15,All,16,5,3,1,0.6,5
15,All,16,5,3,2,0.8,5
15,All,16,5,3,3,0.8,5
15,All,16,5,3,4,0.8,5
15,All,16,5,3,5,1.0,5
15,All,16,5,3,6,1.0,5
15,All,16,5,3,7,1.0,5
15,All,16,5,3,8,1.0,4
15,All,16,5,3,9,1.0,4
15,All,17,3,3,1,0.3333333333333333,3
15,All,17,3,3,2,1.0,3
15,All,17,3,3,3,1.0,3
15,All,17,3,3,4,1.0,3
15,All,17,3,3,5,1.0,3
15,All,17,3,3,6,1.0,3
15,All,17,3,3,7,0.6666666666666666,3
15,All,17,3,3,8,1.0,3
15,All,17,3,3,9,1.0,3
15,All,18,6,3,1,0.3333333333333333,6
15,All,18,6,3,2,0.5,6
15,All,18,6,3,3,0.5,6
15,All,18,6,3,4,0.5,6
15,All,18,6,3,5,0.4,5
15,All,18,6,3,6,0.6,5
15,All,18,6,3,7,0.5,6
15,All,18,6,3,8,1.0,6
15,All,18,6,3,9,1.0,6
16,All,1,3,1,1,1.0,3
16,All,1,3,1,2,1.0,2
16,All,1,3,1,3,1.0,3
16,All,1,3,1,4,1.0,3
16,All,1,3,1,5,1.0,3
16,All,1,3,1,6,1.0,3
16,All,1,3,1,7,1.0,3
16,All,1,3,1,8,1.0,3
16,All,1,3,1,9,1.0,3
16,All,2,4,1,1,0.75,4
16,All,2,4,1,2,1.0,4
16,All,2,4,1,3,1.0,4
16,All,2,4,1,4,0.75,4
16,All,2,4,1,5,0.6666666666666666,3
16,All,2,4,1,6,1.0,4
16,All,2,4,1,7,1.0,4
16,All,2,4,1,8,0.75,4
16,All,2,4,1,9,1.0,4
16,All,3,2,1,1,1.0,2
16,All,3,2,1,2,1.0,2
16,All,3,2,1,3,1.0,2
16,All,3,2,1,4,1.0,2
16,All,3,2,1,5,1.0,2
16,All,3,2,1,6,1.0,2
16,All,3,2,1,7,1.0,2
16,All,3,2,1,8,1.0,2
16,All,3,2,1,9,1.0,2
16,All,4,6,1,1,0.3333333333333333,6
16,All,4,6,1,2,0.6666666666666666,6
16,All,4,6,1,3,1.0,6
16,All,4,6,1,4,0.8333333333333334,6
16,All,4,6,1,5,1.0,6
16,All,4,6,1,6,0.8333333333333334,6
16,All,4,6,1,7,1.0,6
16,All,4,6,1,8,0.8333333333333334,6
16,All,4,6,1,9,1.0,6
16,All,5,5,1,1,0.2,5
16,All,5,5,1,2,0.6,5
16,All,5,5,1,3,0.8,5
16,All,5,5,1,4,0.6,5
16,All,5,5,1,5,0.6,5
16,All,5,5,1,6,0.8,5
16,All,5,5,1,7,1.0,5
16,All,5,5,1,8,0.8,5
16,All,5,5,1,9,0.8,5
16,All,6,1,1,1,0.0,1
16,All,6,1,1,2,0.0,1
16,All,6,1,1,3,1.0,1
16,All,6,1,1,4,1.0,1
16,All,6,1,1,5,1.0,1
16,All,6,1,1,6,1.0,1
16,All,6,1,1,7,1.0,1
16,All,6,1,1,8,1.0,1
16,All,6,1,1,9,1.0,1
16,All,7,6,2,1,0.16666666666666666,6
16,All,7,6,2,2,0.6666666666666666,6
16,All,7,6,2,3,1.0,6
16,All,7,6,2,4,0.8333333333333334,6
16,All,7,6,2,5,0.8333333333333334,6
16,All,7,6,2,6,1.0,6
16,All,7,6,2,7,1.0,6
16,All,7,6,2,8,1.0,6
16,All,7,6,2,9,1.0,6
16,All,8,2,2,1,0.5,2
16,All,8,2,2,2,0.5,2
16,All,8,2,2,3,1.0,2
16,All,8,2,2,4,1.0,2
16,All,8,2,2,5,1.0,2
16,All,8,2,2,6,1.0,2
16,All,8,2,2,7,1.0,2
16,All,8,2,2,8,1.0,2
16,All,8,2,2,9,1.0,2
16,All,9,3,2,1,0.3333333333333333,3
16,All,9,3,2,2,0.3333333333333333,3
16,All,9,3,2,3,1.0,3
16,All,9,3,2,4,1.0,3
16,All,9,3,2,5,1.0,3
16,All,9,3,2,6,1.0,3
16,All,9,3,2,7,1.0,3
16,All,9,3,2,8,1.0,3
16,All,9,3,2,9,1.0,3
16,All,10,5,2,1,0.6,5
16,All,10,5,2,2,0.6,5
16,All,10,5,2,3,0.8,5
16,All,10,5,2,4,0.8,5
16,All,10,5,2,5,0.8,5
16,All,10,5,2,6,0.6,5
16,All,10,5,2,7,0.8,5
16,All,10,5,2,8,1.0,5
16,All,10,5,2,9,1.0,5
16,All,11,1,2,1,0.0,1
16,All,11,1,2,2,1.0,1
16,All,11,1,2,3,1.0,1
16,All,11,1,2,4,1.0,1
16,All,11,1,2,5,1.0,1
16,All,11,1,2,7,1.0,1
16,All,11,1,2,8,1.0,1
16,All,11,1,2,9,1.0,1
16,All,12,4,2,1,0.75,4
16,All,12,4,2,2,0.5,4
16,All,12,4,2,3,1.0,4
16,All,12,4,2,4,0.75,4
16,All,12,4,2,5,1.0,4
16,All,12,4,2,6,1.0,4
16,All,12,4,2,7,1.0,4
16,All,12,4,2,8,0.75,4
16,All,12,4,2,9,1.0,4
16,All,13,1,3,1,1.0,1
16,All,13,1,3,2,1.0,1
16,All,13,1,3,3,1.0,1
16,All,13,1,3,4,1.0,1
16,All,13,1,3,5,1.0,1
16,All,13,1,3,6,1.0,1
16,All,13,1,3,7,1.0,1
16,All,13,1,3,8,1.0,1
16,All,13,1,3,9,1.0,1
16,All,14,5,3,1,0.2,5
16,All,14,5,3,2,0.6,5
16,All,14,5,3,3,0.8,5
16,All,14,5,3,4,0.8,5
16,All,14,5,3,5,1.0,5
16,All,14,5,3,6,1.0,5
16,All,14,5,3,7,0.8,5
16,All,14,5,3,8,1.0,5
16,All,14,5,3,9,1.0,5
16,All,15,4,3,1,0.5,4
16,All,15,4,3,2,0.5,4
16,All,15,4,3,3,0.0,4
16,All,15,4,3,4,0.25,4
16,All,15,4,3,5,0.25,4
16,All,15,4,3,6,0.5,4
16,All,15,4,3,7,0.75,4
16,All,15,4,3,8,0.75,4
16,All,15,4,3,9,1.0,4
16,All,16,6,3,1,0.16666666666666666,6
16,All,16,6,3,2,0.5,6
16,All,16,6,3,3,0.3333333333333333,6
16,All,16,6,3,4,0.5,6
16,All,16,6,3,5,0.8,5
16,All,16,6,3,6,0.6666666666666666,6
16,All,16,6,3,7,0.8333333333333334,6
16,All,16,6,3,8,0.8333333333333334,6
16,All,16,6,3,9,0.8333333333333334,6
16,All,17,2,3,1,0.0,2
16,All,17,2,3,2,0.5,2
16,All,17,2,3,3,0.5,2
16,All,17,2,3,4,1.0,2
16,All,17,2,3,5,1.0,2
16,All,17,2,3,6,1.0,2
16,All,17,2,3,7,1.0,2
16,All,17,2,3,8,1.0,2
16,All,17,2,3,9,1.0,2
16,All,18,3,3,1,0.3333333333333333,3
16,All,18,3,3,2,1.0,3
16,All,18,3,3,3,0.6666666666666666,3
16,All,18,3,3,4,0.6666666666666666,3
16,All,18,3,3,5,0.6666666666666666,3
16,All,18,3,3,6,1.0,3
16,All,18,3,3,7,0.6666666666666666,3
16,All,18,3,3,8,1.0,3
16,All,18,3,3,9,1.0,3
17,All,1,4,1,1,0.75,4
17,All,1,4,1,2,0.75,4
17,All,1,4,1,3,0.75,4
17,All,1,4,1,4,0.75,4
17,All,1,4,1,5,1.0,4
17,All,1,4,1,6,1.0,4
17,All,1,4,1,7,1.0,4
17,All,1,4,1,8,1.0,4
17,All,1,4,1,9,1.0,4
17,All,2,6,1,1,0.3333333333333333,6
17,All,2,6,1,2,0.6,5
17,All,2,6,1,3,0.6666666666666666,6
17,All,2,6,1,4,0.5,4
17,All,2,6,1,5,0.3333333333333333,6
17,All,2,6,1,6,0.6666666666666666,6
17,All,2,6,1,7,0.5,6
17,All,2,6,1,8,0.8333333333333334,6
17,All,2,6,1,9,0.6666666666666666,6
17,All,3,3,1,1,0.3333333333333333,3
17,All,3,3,1,2,0.6666666666666666,3
17,All,3,3,1,3,1.0,3
17,All,3,3,1,4,0.6666666666666666,3
17,All,3,3,1,5,1.0,3
17,All,3,3,1,6,1.0,3
17,All,3,3,1,7,1.0,3
17,All,3,3,1,8,1.0,3
17,All,3,3,1,9,1.0,3
17,All,4,1,1,1,0.0,1
17,All,4,1,1,2,1.0,1
17,All,4,1,1,3,1.0,1
17,All,4,1,1,4,1.0,1
17,All,4,1,1,5,1.0,1
17,All,4,1,1,6,1.0,1
17,All,4,1,1,7,1.0,1
17,All,4,1,1,8,1.0,1
17,All,5,2,1,1,0.0,2
17,All,5,2,1,2,0.5,2
17,All,5,2,1,3,1.0,2
17,All,5,2,1,4,1.0,2
17,All,5,2,1,5,1.0,2
17,All,5,2,1,6,1.0,2
17,All,5,2,1,7,1.0,2
17,All,5,2,1,8,1.0,2
17,All,5,2,1,9,1.0,2
17,All,6,5,1,1,0.4,5
17,All,6,5,1,2,0.4,5
17,All,6,5,1,3,0.8,5
17,All,6,5,1,4,0.8,5
17,All,6,5,1,5,1.0,5
17,All,6,5,1,6,1.0,5
17,All,6,5,1,7,1.0,5
17,All,6,5,1,8,1.0,4
17,All,6,5,1,9,1.0,5
17,All,7,2,2,1,1.0,2
17,All,7,2,2,2,1.0,2
17,All,7,2,2,3,1.0,2
17,All,7,2,2,4,1.0,1
17,All,7,2,2,5,1.0,1
17,All,7,2,2,6,1.0,2
17,All,7,2,2,7,1.0,2
17,All,7,2,2,8,1.0,2
17,All,7,2,2,9,0.5,2
17,All,8,5,2,1,0.4,5
17,All,8,5,2,2,0.4,5
17,All,8,5,2,3,0.8,5
17,All,8,5,2,4,0.6,5
17,All,8,5,2,5,0.8,5
17,All,8,5,2,6,0.8,5
17,All,8,5,2,7,1.0,4
17,All,8,5,2,8,0.8,5
17,All,8,5,2,9,1.0,4
17,All,9,6,2,1,0.2,5
17,All,9,6,2,2,0.0,6
17,All,9,6,2,3,0.5,6
17,All,9,6,2,4,0.5,6
17,All,9,6,2,5,0.6666666666666666,6
17,All,9,6,2,6,0.5,6
17,All,9,6,2,7,1.0,6
17,All,9,6,2,8,1.0,6
17,All,9,6,2,9,1.0,6
17,All,10,4,2,1,0.25,4
17,All,10,4,2,2,0.5,4
17,All,10,4,2,3,1.0,4
17,All,10,4,2,4,1.0,4
17,All,10,4,2,5,1.0,4
17,All,10,4,2,6,1.0,4
17,All,10,4,2,7,1.0,4
17,All,10,4,2,8,1.0,4
17,All,10,4,2,9,1.0,4
17,All,11,3,2,1,0.6666666666666666,3
17,All,11,3,2,2,0.3333333333333333,3
17,All,11,3,2,3,1.0,3
17,All,11,3,2,4,1.0,3
17,All,11,3,2,5,1.0,3
17,All,11,3,2,6,1.0,3
17,All,11,3,2,7,1.0,3
17,All,11,3,2,8,1.0,3
17,All,11,3,2,9,1.0,3
17,All,12,1,2,1,0.0,1
17,All,12,1,2,2,0.0,1
17,All,12,1,2,3,1.0,1
17,All,12,1,2,4,1.0,1
17,All,12,1,2,5,1.0,1
17,All,12,1,2,6,1.0,1
17,All,12,1,2,7,1.0,1
17,All,12,1,2,8,1.0,1
17,All,12,1,2,9,1.0,1
17,All,13,5,3,1,0.2,5
17,All,13,5,3,2,0.0,5
17,All,13,5,3,3,0.2,5
17,All,13,5,3,4,0.6,5
17,All,13,5,3,5,0.8,5
17,All,13,5,3,6,0.6,5
17,All,13,5,3,7,0.8,5
17,All,13,5,3,8,0.8,5
17,All,13,5,3,9,0.8,5
17,All,14,6,3,1,0.5,6
17,All,14,6,3,2,0.8333333333333334,6
17,All,14,6,3,3,0.6666666666666666,6
17,All,14,6,3,4,1.0,6
17,All,14,6,3,5,0.8333333333333334,6
17,All,14,6,3,6,1.0,6
17,All,14,6,3,7,1.0,6
17,All,14,6,3,8,1.0,6
17,All,14,6,3,9,1.0,6
17,All,15,1,3,1,0.0,1
17,All,15,1,3,2,1.0,1
17,All,15,1,3,3,1.0,1
17,All,15,1,3,4,1.0,1
17,All,15,1,3,5,1.0,1
17,All,15,1,3,6,1.0,1
17,All,15,1,3,7,1.0,1
17,All,15,1,3,8,1.0,1
17,All,15,1,3,9,1.0,1
17,All,16,3,3,1,0.3333333333333333,3
17,All,16,3,3,2,0.6666666666666666,3
17,All,16,3,3,3,1.0,3
17,All,16,3,3,4,0.6666666666666666,3
17,All,16,3,3,5,1.0,3
17,All,16,3,3,6,1.0,3
17,All,16,3,3,7,1.0,3
17,All,16,3,3,8,1.0,3
17,All,16,3,3,9,1.0,3
17,All,17,4,3,1,0.25,4
17,All,17,4,3,2,0.5,4
17,All,17,4,3,3,0.5,4
17,All,17,4,3,4,1.0,4
17,All,17,4,3,5,0.75,4
17,All,17,4,3,6,1.0,4
17,All,17,4,3,7,0.75,4
17,All,17,4,3,8,0.75,4
17,All,17,4,3,9,1.0,4
17,All,18,2,3,1,0.5,2
17,All,18,2,3,2,1.0,2
17,All,18,2,3,3,1.0,2
17,All,18,2,3,4,1.0,2
17,All,18,2,3,5,1.0,2
17,All,18,2,3,6,1.0,2
17,All,18,2,3,7,1.0,2
17,All,18,2,3,8,1.0,2
17,All,18,2,3,9,1.0,2
18,All,1,6,1,1,0.5,6
18,All,1,6,1,2,0.8333333333333334,6
18,All,1,6,1,3,0.6666666666666666,6
18,All,1,6,1,4,1.0,6
18,All,1,6,1,5,0.8333333333333334,6
18,All,1,6,1,6,1.0,6
18,All,1,6,1,7,1.0,6
18,All,1,6,1,8,1.0,6
18,All,1,6,1,9,1.0,6
18,All,2,1,1,1,0.0,1
18,All,2,1,1,2,1.0,1
18,All,2,1,1,3,1.0,1
18,All,2,1,1,4,1.0,1
18,All,2,1,1,5,1.0,1
18,All,2,1,1,6,1.0,1
18,All,2,1,1,7,1.0,1
18,All,2,1,1,8,1.0,1
18,All,2,1,1,9,1.0,1
18,All,3,4,1,1,0.0,4
18,All,3,4,1,2,0.25,4
18,All,3,4,1,3,0.5,4
18,All,3,4,1,4,1.0,4
18,All,3,4,1,5,1.0,4
18,All,3,4,1,6,1.0,4
18,All,3,4,1,7,1.0,4
18,All,3,4,1,8,0.75,4
18,All,3,4,1,9,1.0,4
18,All,4,5,1,1,0.4,5
18,All,4,5,1,2,0.8,5
18,All,4,5,1,3,0.6,5
18,All,4,5,1,4,0.8,5
18,All,4,5,1,5,1.0,5
18,All,4,5,1,6,1.0,5
18,All,4,5,1,7,1.0,5
18,All,4,5,1,8,1.0,5
18,All,4,5,1,9,1.0,5
18,All,5,3,1,1,0.0,3
18,All,5,3,1,2,0.3333333333333333,3
18,All,5,3,1,3,1.0,3
18,All,5,3,1,4,1.0,3
18,All,5,3,1,5,1.0,3
18,All,5,3,1,6,0.6666666666666666,3
18,All,5,3,1,7,0.6666666666666666,3
18,All,5,3,1,8,1.0,3
18,All,5,3,1,9,1.0,3
18,All,6,2,1,1,0.5,2
18,All,6,2,1,2,0.5,2
18,All,6,2,1,3,1.0,2
18,All,6,2,1,4,1.0,2
18,All,6,2,1,5,1.0,2
18,All,6,2,1,6,1.0,2
18,All,6,2,1,7,1.0,2
18,All,6,2,1,8,1.0,2
18,All,6,2,1,9,1.0,2
18,All,7,5,2,1,0.2,5
18,All,7,5,2,2,0.6,5
18,All,7,5,2,3,0.6,5
18,All,7,5,2,4,1.0,5
18,All,7,5,2,5,0.8,5
18,All,7,5,2,6,1.0,5
18,All,7,5,2,7,1.0,5
18,All,7,5,2,8,1.0,5
18,All,7,5,2,9,0.8,5
18,All,8,4,2,1,0.5,4
18,All,8,4,2,2,0.75,4
18,All,8,4,2,3,1.0,4
18,All,8,4,2,4,0.75,4
18,All,8,4,2,5,1.0,4
18,All,8,4,2,6,1.0,4
18,All,8,4,2,7,1.0,4
18,All,8,4,2,8,1.0,4
18,All,8,4,2,9,1.0,4
18,All,9,2,2,1,0.0,2
18,All,9,2,2,2,0.0,2
18,All,9,2,2,3,0.5,2
18,All,9,2,2,4,1.0,2
18,All,9,2,2,5,1.0,2
18,All,9,2,2,6,1.0,2
18,All,9,2,2,7,1.0,2
18,All,9,2,2,8,1.0,2
18,All,9,2,2,9,1.0,2
18,All,10,1,2,1,1.0,1
18,All,10,1,2,2,1.0,1
18,All,10,1,2,3,1.0,1
18,All,10,1,2,4,1.0,1
18,All,10,1,2,5,1.0,1
18,All,10,1,2,6,1.0,1
18,All,10,1,2,7,1.0,1
18,All,10,1,2,8,1.0,1
18,All,10,1,2,9,1.0,1
18,All,11,6,2,1,0.16666666666666666,6
18,All,11,6,2,2,0.6666666666666666,6
18,All,11,6,2,3,0.8333333333333334,6
18,All,11,6,2,4,1.0,5
18,All,11,6,2,5,1.0,6
18,All,11,6,2,6,1.0,6
18,All,11,6,2,7,1.0,6
18,All,11,6,2,8,0.8333333333333334,6
18,All,11,6,2,9,1.0,6
18,All,12,3,2,1,0.6666666666666666,3
18,All,12,3,2,2,1.0,3
18,All,12,3,2,3,1.0,3
18,All,12,3,2,4,0.6666666666666666,3
18,All,12,3,2,5,0.6666666666666666,3
18,All,12,3,2,6,1.0,3
18,All,12,3,2,7,1.0,3
18,All,12,3,2,8,1.0,3
18,All,12,3,2,9,1.0,3
18,All,13,6,3,1,0.3333333333333333,6
18,All,13,6,3,2,0.8333333333333334,6
18,All,13,6,3,3,1.0,6
18,All,13,6,3,4,1.0,6
18,All,13,6,3,5,0.8333333333333334,6
18,All,13,6,3,6,1.0,6
18,All,13,6,3,7,1.0,6
18,All,13,6,3,8,1.0,6
18,All,13,6,3,9,1.0,6
18,All,14,3,3,1,1.0,3
18,All,14,3,3,2,0.3333333333333333,3
18,All,14,3,3,3,1.0,3
18,All,14,3,3,4,1.0,3
18,All,14,3,3,5,0.3333333333333333,3
18,All,14,3,3,6,1.0,3
18,All,14,3,3,7,1.0,3
18,All,14,3,3,8,1.0,3
18,All,14,3,3,9,1.0,3
18,All,15,5,3,1,0.4,5
18,All,15,5,3,2,0.6,5
18,All,15,5,3,3,0.8,5
18,All,15,5,3,4,0.8,5
18,All,15,5,3,5,0.8,5
18,All,15,5,3,6,1.0,5
18,All,15,5,3,7,1.0,5
18,All,15,5,3,8,1.0,5
18,All,15,5,3,9,1.0,5
18,All,16,2,3,1,0.0,1
18,All,16,2,3,2,0.0,2
18,All,16,2,3,3,0.5,2
18,All,16,2,3,4,1.0,2
18,All,16,2,3,5,1.0,2
18,All,16,2,3,6,1.0,2
18,All,16,2,3,7,0.5,2
18,All,16,2,3,8,1.0,2
18,All,16,2,3,9,1.0,2
18,All,17,1,3,1,1.0,1
18,All,17,1,3,2,1.0,1
18,All,17,1,3,3,1.0,1
18,All,17,1,3,4,1.0,1
18,All,17,1,3,5,1.0,1
18,All,17,1,3,6,1.0,1
18,All,17,1,3,7,1.0,1
18,All,17,1,3,8,1.0,1
18,All,17,1,3,9,1.0,1
18,All,18,4,3,1,0.5,4
18,All,18,4,3,2,0.75,4
18,All,18,4,3,3,1.0,4
18,All,18,4,3,4,1.0,4
18,All,18,4,3,5,1.0,4
18,All,18,4,3,6,1.0,4
18,All,18,4,3,7,1.0,4
18,All,18,4,3,8,0.75,4
18,All,18,4,3,9,1.0,4
19,All,1,2,1,1,0.5,2
19,All,1,2,1,2,0.5,2
19,All,1,2,1,3,1.0,2
19,All,1,2,1,4,1.0,2
19,All,1,2,1,5,1.0,2
19,All,1,2,1,6,1.0,2
19,All,1,2,1,7,1.0,2
19,All,1,2,1,8,1.0,2
19,All,1,2,1,9,1.0,2
19,All,2,4,1,1,0.25,4
19,All,2,4,1,2,0.75,4
19,All,2,4,1,3,1.0,4
19,All,2,4,1,4,1.0,4
19,All,2,4,1,5,1.0,4
19,All,2,4,1,6,1.0,4
19,All,2,4,1,7,1.0,4
19,All,2,4,1,8,1.0,4
19,All,2,4,1,9,1.0,4
19,All,3,5,1,1,0.4,5
19,All,3,5,1,2,0.8,5
19,All,3,5,1,3,1.0,5
19,All,3,5,1,4,0.8,5
19,All,3,5,1,5,1.0,5
19,All,3,5,1,6,1.0,5
19,All,3,5,1,7,1.0,5
19,All,3,5,1,8,1.0,5
19,All,3,5,1,9,0.8,5
19,All,4,3,1,1,0.3333333333333333,3
19,All,4,3,1,2,0.3333333333333333,3
19,All,4,3,1,3,1.0,3
19,All,4,3,1,4,0.6666666666666666,3
19,All,4,3,1,5,1.0,3
19,All,4,3,1,6,1.0,3
19,All,4,3,1,7,1.0,3
19,All,4,3,1,8,0.6666666666666666,3
19,All,4,3,1,9,0.6666666666666666,3
19,All,5,6,1,1,0.5,6
19,All,5,6,1,2,1.0,6
19,All,5,6,1,3,0.8333333333333334,6
19,All,5,6,1,4,1.0,6
19,All,5,6,1,5,1.0,6
19,All,5,6,1,6,1.0,6
19,All,5,6,1,7,1.0,6
19,All,5,6,1,8,1.0,6
19,All,5,6,1,9,1.0,6
19,All,6,1,1,1,0.0,1
19,All,6,1,1,2,1.0,1
19,All,6,1,1,3,1.0,1
19,All,6,1,1,4,1.0,1
19,All,6,1,1,5,1.0,1
19,All,6,1,1,6,1.0,1
19,All,6,1,1,7,1.0,1
19,All,6,1,1,8,1.0,1
19,All,6,1,1,9,1.0,1
19,All,7,5,2,1,0.0,5
19,All,7,5,2,2,0.4,5
19,All,7,5,2,3,1.0,5
19,All,7,5,2,4,0.8,5
19,All,7,5,2,5,0.8,5
19,All,7,5,2,6,0.8,5
19,All,7,5,2,7,1.0,5
19,All,7,5,2,8,1.0,5
19,All,7,5,2,9,1.0,5
19,All,8,2,2,1,0.0,2
19,All,8,2,2,2,0.5,2
19,All,8,2,2,3,1.0,2
19,All,8,2,2,4,1.0,2
19,All,8,2,2,5,1.0,2
19,All,8,2,2,6,1.0,2
19,All,8,2,2,7,1.0,2
19,All,8,2,2,8,1.0,2
19,All,8,2,2,9,1.0,2
19,All,9,6,2,1,0.3333333333333333,6
19,All,9,6,2,2,0.6666666666666666,6
19,All,9,6,2,3,0.8333333333333334,6
19,All,9,6,2,4,1.0,6
19,All,9,6,2,5,0.8333333333333334,6
19,All,9,6,2,6,0.8333333333333334,6
19,All,9,6,2,7,0.8333333333333334,6
19,All,9,6,2,8,0.8333333333333334,6
19,All,9,6,2,9,1.0,6
19,All,10,4,2,1,0.5,4
19,All,10,4,2,2,0.5,4
19,All,10,4,2,3,1.0,4
19,All,10,4,2,4,1.0,4
19,All,10,4,2,5,1.0,4
19,All,10,4,2,6,1.0,4
19,All,10,4,2,7,1.0,4
19,All,10,4,2,8,1.0,4
19,All,10,4,2,9,1.0,4
19,All,11,1,2,1,1.0,1
19,All,11,1,2,2,1.0,1
19,All,11,1,2,3,1.0,1
19,All,11,1,2,4,1.0,1
19,All,11,1,2,5,1.0,1
19,All,11,1,2,6,1.0,1
19,All,11,1,2,7,1.0,1
19,All,11,1,2,8,1.0,1
19,All,11,1,2,9,1.0,1
19,All,12,3,2,1,0.6666666666666666,3
19,All,12,3,2,2,0.6666666666666666,3
19,All,12,3,2,3,1.0,3
19,All,12,3,2,4,1.0,3
19,All,12,3,2,5,0.6666666666666666,3
19,All,12,3,2,6,1.0,3
19,All,12,3,2,7,1.0,3
19,All,12,3,2,8,1.0,3
19,All,12,3,2,9,1.0,3
19,All,13,1,3,1,1.0,1
19,All,13,1,3,2,1.0,1
19,All,13,1,3,3,1.0,1
19,All,13,1,3,4,1.0,1
19,All,13,1,3,5,1.0,1
19,All,13,1,3,6,1.0,1
19,All,13,1,3,7,1.0,1
19,All,13,1,3,8,1.0,1
19,All,13,1,3,9,1.0,1
19,All,14,3,3,1,0.6666666666666666,3
19,All,14,3,3,2,1.0,3
19,All,14,3,3,3,1.0,3
19,All,14,3,3,4,1.0,3
19,All,14,3,3,5,1.0,3
19,All,14,3,3,6,1.0,3
19,All,14,3,3,7,1.0,3
19,All,14,3,3,8,1.0,3
19,All,14,3,3,9,1.0,3
19,All,15,4,3,1,0.75,4
19,All,15,4,3,2,1.0,4
19,All,15,4,3,3,1.0,4
19,All,15,4,3,4,1.0,4
19,All,15,4,3,5,1.0,4
19,All,15,4,3,6,1.0,4
19,All,15,4,3,7,1.0,4
19,All,15,4,3,8,1.0,4
19,All,15,4,3,9,1.0,4
19,All,16,6,3,1,0.0,6
19,All,16,6,3,2,0.3333333333333333,6
19,All,16,6,3,3,0.8333333333333334,6
19,All,16,6,3,4,1.0,6
19,All,16,6,3,5,1.0,6
19,All,16,6,3,6,1.0,6
19,All,16,6,3,7,1.0,6
19,All,16,6,3,8,1.0,6
19,All,16,6,3,9,1.0,6
19,All,17,5,3,1,0.4,5
19,All,17,5,3,2,1.0,5
19,All,17,5,3,3,1.0,5
19,All,17,5,3,4,0.8,5
19,All,17,5,3,5,1.0,5
19,All,17,5,3,6,1.0,5
19,All,17,5,3,7,1.0,5
19,All,17,5,3,8,1.0,5
19,All,17,5,3,9,1.0,5
19,All,18,2,3,1,0.5,2
19,All,18,2,3,2,0.5,2
19,All,18,2,3,3,1.0,2
19,All,18,2,3,4,1.0,2
19,All,18,2,3,5,1.0,2
19,All,18,2,3,6,1.0,2
19,All,18,2,3,7,1.0,2
19,All,18,2,3,8,1.0,2
19,All,18,2,3,9,1.0,2
20,All,1,4,1,1,0.25,4
20,All,1,4,1,2,0.75,4
20,All,1,4,1,3,0.6666666666666666,3
20,All,1,4,1,4,1.0,4
20,All,1,4,1,5,1.0,4
20,All,1,4,1,6,1.0,3
20,All,1,4,1,7,1.0,4
20,All,1,4,1,8,1.0,4
20,All,1,4,1,9,1.0,4
20,All,2,3,1,1,0.6666666666666666,3
20,All,2,3,1,2,1.0,3
20,All,2,3,1,3,1.0,3
20,All,2,3,1,4,1.0,3
20,All,2,3,1,5,1.0,3
20,All,2,3,1,6,1.0,3
20,All,2,3,1,7,1.0,3
20,All,2,3,1,8,1.0,3
20,All,2,3,1,9,1.0,2
20,All,3,2,1,1,0.5,2
20,All,3,2,1,2,1.0,2
20,All,3,2,1,3,1.0,2
20,All,3,2,1,4,1.0,2
20,All,3,2,1,5,1.0,2
20,All,3,2,1,6,1.0,2
20,All,3,2,1,7,1.0,2
20,All,3,2,1,8,1.0,2
20,All,3,2,1,9,1.0,2
20,All,4,1,1,1,1.0,1
20,All,4,1,1,2,1.0,1
20,All,4,1,1,3,1.0,1
20,All,4,1,1,4,1.0,1
20,All,4,1,1,5,1.0,1
20,All,4,1,1,6,1.0,1
20,All,4,1,1,7,1.0,1
20,All,4,1,1,8,1.0,1
20,All,4,1,1,9,1.0,1
20,All,5,5,1,1,0.4,5
20,All,5,5,1,2,0.5,4
20,All,5,5,1,3,0.4,5
20,All,5,5,1,4,0.8,5
20,All,5,5,1,5,1.0,5
20,All,5,5,1,6,1.0,5
20,All,5,5,1,7,1.0,5
20,All,5,5,1,8,1.0,5
20,All,5,5,1,9,1.0,5
20,All,6,6,1,1,0.5,6
20,All,6,6,1,2,0.6666666666666666,6
20,All,6,6,1,3,0.8333333333333334,6
20,All,6,6,1,4,0.8333333333333334,6
20,All,6,6,1,5,1.0,6
20,All,6,6,1,6,1.0,6
20,All,6,6,1,7,1.0,6
20,All,6,6,1,8,1.0,6
20,All,6,6,1,9,1.0,6
20,All,7,2,2,1,0.0,2
20,All,7,2,2,2,0.5,2
20,All,7,2,2,3,1.0,2
20,All,7,2,2,4,1.0,2
20,All,7,2,2,5,1.0,2
20,All,7,2,2,6,1.0,2
20,All,7,2,2,7,1.0,2
20,All,7,2,2,8,1.0,2
20,All,7,2,2,9,1.0,2
20,All,8,4,2,1,0.75,4
20,All,8,4,2,2,0.75,4
20,All,8,4,2,3,1.0,4
20,All,8,4,2,4,1.0,4
20,All,8,4,2,5,0.75,4
20,All,8,4,2,6,1.0,4
20,All,8,4,2,7,1.0,4
20,All,8,4,2,8,1.0,4
20,All,8,4,2,9,1.0,4
20,All,9,5,2,1,0.8,5
20,All,9,5,2,2,1.0,5
20,All,9,5,2,3,1.0,5
20,All,9,5,2,4,1.0,5
20,All,9,5,2,5,1.0,5
20,All,9,5,2,6,1.0,5
20,All,9,5,2,7,1.0,5
20,All,9,5,2,8,1.0,5
20,All,9,5,2,9,1.0,5
20,All,10,3,2,1,0.5,2
20,All,10,3,2,2,0.6666666666666666,3
20,All,10,3,2,3,1.0,3
20,All,10,3,2,4,1.0,3
20,All,10,3,2,5,1.0,3
20,All,10,3,2,6,1.0,3
20,All,10,3,2,7,1.0,3
20,All,10,3,2,8,1.0,3
20,All,10,3,2,9,1.0,3
20,All,11,6,2,1,1.0,6
20,All,11,6,2,2,1.0,6
20,All,11,6,2,3,0.8333333333333334,6
20,All,11,6,2,4,1.0,6
20,All,11,6,2,5,1.0,6
20,All,11,6,2,6,1.0,6
20,All,11,6,2,7,1.0,6
20,All,11,6,2,8,1.0,6
20,All,11,6,2,9,1.0,6
20,All,12,1,2,1,0.0,1
20,All,12,1,2,2,1.0,1
20,All,12,1,2,3,1.0,1
20,All,12,1,2,4,1.0,1
20,All,12,1,2,5,1.0,1
20,All,12,1,2,6,1.0,1
20,All,12,1,2,7,1.0,1
20,All,12,1,2,8,1.0,1
20,All,12,1,2,9,1.0,1
20,All,13,3,3,1,1.0,3
20,All,13,3,3,2,1.0,3
20,All,13,3,3,3,1.0,3
20,All,13,3,3,4,1.0,3
20,All,13,3,3,5,1.0,3
20,All,13,3,3,6,1.0,3
20,All,13,3,3,7,1.0,3
20,All,13,3,3,8,1.0,3
20,All,13,3,3,9,1.0,3
20,All,14,6,3,1,0.6666666666666666,6
20,All,14,6,3,2,1.0,6
20,All,14,6,3,3,0.8333333333333334,6
20,All,14,6,3,4,1.0,6
20,All,14,6,3,5,1.0,6
20,All,14,6,3,6,1.0,6
20,All,14,6,3,7,1.0,6
20,All,14,6,3,8,1.0,6
20,All,14,6,3,9,1.0,6
20,All,15,1,3,1,0.0,1
20,All,15,1,3,2,0.0,1
20,All,15,1,3,3,1.0,1
20,All,15,1,3,4,1.0,1
20,All,15,1,3,5,1.0,1
20,All,15,1,3,6,1.0,1
20,All,15,1,3,7,1.0,1
20,All,15,1,3,8,1.0,1
20,All,15,1,3,9,1.0,1
20,All,16,2,3,1,1.0,2
20,All,16,2,3,2,1.0,2
20,All,16,2,3,3,1.0,2
20,All,16,2,3,4,1.0,2
20,All,16,2,3,5,1.0,2
20,All,16,2,3,6,1.0,2
20,All,16,2,3,7,1.0,2
20,All,16,2,3,8,1.0,2
20,All,16,2,3,9,1.0,2
20,All,17,4,3,1,0.75,4
20,All,17,4,3,2,0.75,4
20,All,17,4,3,3,0.75,4
20,All,17,4,3,4,1.0,4
20,All,17,4,3,5,0.75,4
20,All,17,4,3,6,1.0,4
20,All,17,4,3,7,1.0,4
20,All,17,4,3,8,1.0,4
20,All,17,4,3,9,1.0,4
20,All,18,5,3,1,0.4,5
20,All,18,5,3,2,0.8,5
20,All,18,5,3,3,1.0,5
20,All,18,5,3,4,1.0,5
20,All,18,5,3,5,1.0,5
20,All,18,5,3,6,0.8,5
20,All,18,5,3,7,1.0,5
20,All,18,5,3,8,0.8,5
20,All,18,5,3,9,1.0,5
21,All,1,3,1,1,0.5,2
21,All,1,3,1,2,0.6666666666666666,3
21,All,1,3,1,3,0.6666666666666666,3
21,All,1,3,1,4,1.0,3
21,All,1,3,1,5,1.0,3
21,All,1,3,1,6,1.0,3
21,All,1,3,1,7,1.0,3
21,All,1,3,1,8,1.0,3
21,All,1,3,1,9,1.0,3
21,All,2,1,1,1,0.0,1
21,All,2,1,1,2,0.0,1
21,All,2,1,1,3,1.0,1
21,All,2,1,1,4,1.0,1
21,All,2,1,1,5,1.0,1
21,All,2,1,1,6,1.0,1
21,All,2,1,1,7,1.0,1
21,All,2,1,1,8,1.0,1
21,All,2,1,1,9,1.0,1
21,All,3,4,1,1,0.25,4
21,All,3,4,1,2,0.5,4
21,All,3,4,1,3,0.5,4
21,All,3,4,1,4,0.75,4
21,All,3,4,1,5,1.0,4
21,All,3,4,1,6,1.0,4
21,All,3,4,1,7,1.0,4
21,All,3,4,1,8,1.0,4
21,All,3,4,1,9,1.0,4
21,All,4,6,1,1,0.5,6
21,All,4,6,1,2,0.5,6
21,All,4,6,1,3,0.5,6
21,All,4,6,1,4,0.6666666666666666,6
21,All,4,6,1,5,0.6666666666666666,6
21,All,4,6,1,6,0.8333333333333334,6
21,All,4,6,1,7,0.5,6
21,All,4,6,1,8,0.6666666666666666,6
21,All,4,6,1,9,0.6666666666666666,6
21,All,5,2,1,1,0.5,2
21,All,5,2,1,2,1.0,2
21,All,5,2,1,3,1.0,2
21,All,5,2,1,4,1.0,1
21,All,5,2,1,5,1.0,2
21,All,5,2,1,6,1.0,2
21,All,5,2,1,7,1.0,2
21,All,5,2,1,8,1.0,2
21,All,5,2,1,9,1.0,2
21,All,6,5,1,1,0.6,5
21,All,6,5,1,2,0.6,5
21,All,6,5,1,3,1.0,5
21,All,6,5,1,4,1.0,4
21,All,6,5,1,5,1.0,5
21,All,6,5,1,6,1.0,5
21,All,6,5,1,7,1.0,5
21,All,6,5,1,8,1.0,5
21,All,6,5,1,9,1.0,5
21,All,7,4,2,1,0.0,4
21,All,7,4,2,2,0.25,4
21,All,7,4,2,3,0.25,4
21,All,7,4,2,4,0.5,4
21,All,7,4,2,5,0.75,4
21,All,7,4,2,6,1.0,4
21,All,7,4,2,7,1.0,4
21,All,7,4,2,8,0.75,4
21,All,7,4,2,9,1.0,4
21,All,8,3,2,1,0.3333333333333333,3
21,All,8,3,2,2,0.0,3
21,All,8,3,2,3,0.3333333333333333,3
21,All,8,3,2,4,0.3333333333333333,3
21,All,8,3,2,5,0.6666666666666666,3
21,All,8,3,2,6,0.6666666666666666,3
21,All,8,3,2,7,1.0,3
21,All,8,3,2,8,1.0,3
21,All,8,3,2,9,0.6666666666666666,3
21,All,9,2,2,1,0.5,2
21,All,9,2,2,2,1.0,2
21,All,9,2,2,3,1.0,2
21,All,9,2,2,4,1.0,2
21,All,9,2,2,5,1.0,2
21,All,9,2,2,6,1.0,2
21,All,9,2,2,7,1.0,2
21,All,9,2,2,8,1.0,2
21,All,9,2,2,9,1.0,2
21,All,10,1,2,1,0.0,1
21,All,10,1,2,2,1.0,1
21,All,10,1,2,3,1.0,1
21,All,10,1,2,4,1.0,1
21,All,10,1,2,5,1.0,1
21,All,10,1,2,6,1.0,1
21,All,10,1,2,7,1.0,1
21,All,10,1,2,8,1.0,1
21,All,10,1,2,9,1.0,1
21,All,11,5,2,1,0.6,5
21,All,11,5,2,2,0.6,5
21,All,11,5,2,3,0.6,5
21,All,11,5,2,4,1.0,4
21,All,11,5,2,5,0.8,5
21,All,11,5,2,6,0.8,5
21,All,11,5,2,7,0.8,5
21,All,11,5,2,8,1.0,5
21,All,11,5,2,9,1.0,5
21,All,12,6,2,1,0.5,6
21,All,12,6,2,2,0.3333333333333333,6
21,All,12,6,2,3,0.5,6
21,All,12,6,2,4,0.5,6
21,All,12,6,2,5,0.8333333333333334,6
21,All,12,6,2,6,0.6666666666666666,6
21,All,12,6,2,7,0.6666666666666666,6
21,All,12,6,2,8,0.8333333333333334,6
21,All,12,6,2,9,0.8333333333333334,6
21,All,13,6,3,1,0.16666666666666666,6
21,All,13,6,3,2,0.6666666666666666,6
21,All,13,6,3,3,0.8333333333333334,6
21,All,13,6,3,4,1.0,6
21,All,13,6,3,5,1.0,6
21,All,13,6,3,6,1.0,6
21,All,13,6,3,7,1.0,6
21,All,13,6,3,8,1.0,6
21,All,13,6,3,9,1.0,6
21,All,14,2,3,1,1.0,2
21,All,14,2,3,2,1.0,2
21,All,14,2,3,3,1.0,2
21,All,14,2,3,4,1.0,2
21,All,14,2,3,5,1.0,2
21,All,14,2,3,6,1.0,2
21,All,14,2,3,7,1.0,2
21,All,14,2,3,8,0.5,2
21,All,14,2,3,9,1.0,2
21,All,15,3,3,1,1.0,3
21,All,15,3,3,2,1.0,3
21,All,15,3,3,3,1.0,3
21,All,15,3,3,4,1.0,3
21,All,15,3,3,5,1.0,3
21,All,15,3,3,6,1.0,3
21,All,15,3,3,7,1.0,3
21,All,15,3,3,8,1.0,3
21,All,15,3,3,9,1.0,3
21,All,16,5,3,1,1.0,4
21,All,16,5,3,2,0.8,5
21,All,16,5,3,3,0.8,5
21,All,16,5,3,4,1.0,5
21,All,16,5,3,5,1.0,5
21,All,16,5,3,6,1.0,5
21,All,16,5,3,7,1.0,5
21,All,16,5,3,8,0.8,5
21,All,16,5,3,9,1.0,5
21,All,17,1,3,1,1.0,1
21,All,17,1,3,2,1.0,1
21,All,17,1,3,3,1.0,1
21,All,17,1,3,4,1.0,1
21,All,17,1,3,5,1.0,1
21,All,17,1,3,6,1.0,1
21,All,17,1,3,7,1.0,1
21,All,17,1,3,8,1.0,1
21,All,17,1,3,9,1.0,1
21,All,18,4,3,1,0.75,4
21,All,18,4,3,2,0.75,4
21,All,18,4,3,3,1.0,4
21,All,18,4,3,4,1.0,4
21,All,18,4,3,5,1.0,4
21,All,18,4,3,6,1.0,4
21,All,18,4,3,7,1.0,4
21,All,18,4,3,8,1.0,4
21,All,18,4,3,9,1.0,4
22,All,1,1,1,1,1.0,1
22,All,1,1,1,2,1.0,1
22,All,1,1,1,3,1.0,1
22,All,1,1,1,4,1.0,1
22,All,1,1,1,5,1.0,1
22,All,1,1,1,6,1.0,1
22,All,1,1,1,7,0.0,1
22,All,1,1,1,8,0.0,1
22,All,1,1,1,9,1.0,1
22,All,2,6,1,1,0.3333333333333333,6
22,All,2,6,1,2,0.5,6
22,All,2,6,1,3,0.4,5
22,All,2,6,1,4,0.5,6
22,All,2,6,1,5,0.6666666666666666,6
22,All,2,6,1,6,0.8333333333333334,6
22,All,2,6,1,7,0.8333333333333334,6
22,All,2,6,1,8,1.0,4
22,All,2,6,1,9,1.0,6
22,All,3,3,1,1,1.0,3
22,All,3,3,1,2,1.0,3
22,All,3,3,1,3,1.0,3
22,All,3,3,1,4,1.0,3
22,All,3,3,1,5,1.0,3
22,All,3,3,1,6,0.6666666666666666,3
22,All,3,3,1,7,1.0,3
22,All,3,3,1,8,1.0,3
22,All,3,3,1,9,1.0,3
22,All,4,5,1,1,0.8,5
22,All,4,5,1,2,0.6,5
22,All,4,5,1,3,1.0,4
22,All,4,5,1,4,0.8,5
22,All,4,5,1,5,0.8,5
22,All,4,5,1,6,1.0,5
22,All,4,5,1,7,1.0,4
22,All,4,5,1,8,1.0,5
22,All,4,5,1,9,1.0,4
22,All,5,4,1,1,0.25,4
22,All,5,4,1,2,0.5,4
22,All,5,4,1,3,1.0,3
22,All,5,4,1,4,0.5,4
22,All,5,4,1,5,0.75,4
22,All,5,4,1,6,1.0,4
22,All,5,4,1,7,0.75,4
22,All,5,4,1,8,1.0,4
22,All,5,4,1,9,1.0,4
22,All,6,2,1,1,0.5,2
22,All,6,2,1,2,0.0,2
22,All,6,2,1,3,1.0,2
22,All,6,2,1,4,1.0,2
22,All,6,2,1,5,1.0,2
22,All,6,2,1,6,1.0,2
22,All,6,2,1,7,1.0,2
22,All,6,2,1,8,1.0,2
22,All,6,2,1,9,1.0,2
22,All,7,3,2,1,0.0,3
22,All,7,3,2,2,0.3333333333333333,3
22,All,7,3,2,3,0.6666666666666666,3
22,All,7,3,2,4,1.0,3
22,All,7,3,2,5,1.0,3
22,All,7,3,2,6,1.0,2
22,All,7,3,2,7,1.0,3
22,All,7,3,2,8,1.0,3
22,All,7,3,2,9,1.0,2
22,All,8,1,2,1,0.0,1
22,All,8,1,2,2,1.0,1
22,All,8,1,2,3,1.0,1
22,All,8,1,2,4,1.0,1
22,All,8,1,2,5,1.0,1
22,All,8,1,2,6,1.0,1
22,All,8,1,2,7,1.0,1
22,All,8,1,2,8,1.0,1
22,All,8,1,2,9,1.0,1
22,All,9,4,2,1,0.5,4
22,All,9,4,2,2,0.5,4
22,All,9,4,2,3,0.5,4
22,All,9,4,2,4,1.0,4
22,All,9,4,2,5,1.0,3
22,All,9,4,2,6,1.0,4
22,All,9,4,2,7,1.0,4
22,All,9,4,2,8,0.75,4
22,All,9,4,2,9,1.0,4
22,All,10,6,2,1,0.5,6
22,All,10,6,2,2,0.5,6
22,All,10,6,2,3,0.6666666666666666,6
22,All,10,6,2,4,1.0,6
22,All,10,6,2,5,0.6666666666666666,6
22,All,10,6,2,6,1.0,6
22,All,10,6,2,7,0.8333333333333334,6
22,All,10,6,2,8,1.0,6
22,All,10,6,2,9,1.0,6
22,All,11,2,2,1,0.0,2
22,All,11,2,2,2,0.5,2
22,All,11,2,2,3,1.0,2
22,All,11,2,2,4,1.0,2
22,All,11,2,2,5,1.0,2
22,All,11,2,2,6,1.0,2
22,All,11,2,2,7,1.0,2
22,All,11,2,2,8,1.0,2
22,All,11,2,2,9,1.0,2
22,All,12,5,2,1,0.2,5
22,All,12,5,2,2,0.2,5
22,All,12,5,2,3,0.2,5
22,All,12,5,2,4,0.6,5
22,All,12,5,2,5,0.4,5
22,All,12,5,2,6,0.8,5
22,All,12,5,2,7,1.0,5
22,All,12,5,2,8,1.0,5
22,All,12,5,2,9,0.6,5
22,All,13,2,3,1,0.0,2
22,All,13,2,3,2,1.0,2
22,All,13,2,3,3,1.0,2
22,All,13,2,3,4,0.5,2
22,All,13,2,3,5,1.0,2
22,All,13,2,3,6,0.5,2
22,All,13,2,3,7,1.0,2
22,All,13,2,3,8,1.0,2
22,All,13,2,3,9,1.0,2
22,All,14,5,3,1,0.2,5
22,All,14,5,3,2,0.4,5
22,All,14,5,3,3,0.8,5
22,All,14,5,3,4,0.8,5
22,All,14,5,3,5,0.8,5
22,All,14,5,3,6,0.8,5
22,All,14,5,3,7,0.8,5
22,All,14,5,3,8,1.0,5
22,All,14,5,3,9,1.0,5
22,All,15,6,3,1,0.0,6
22,All,15,6,3,2,0.5,6
22,All,15,6,3,3,0.5,6
22,All,15,6,3,4,0.3333333333333333,6
22,All,15,6,3,5,1.0,6
22,All,15,6,3,6,0.8333333333333334,6
22,All,15,6,3,7,1.0,5
22,All,15,6,3,8,0.8333333333333334,6
22,All,15,6,3,9,0.8333333333333334,6
22,All,16,4,3,1,0.25,4
22,All,16,4,3,2,0.25,4
22,All,16,4,3,3,0.5,4
22,All,16,4,3,4,0.75,4
22,All,16,4,3,5,0.75,4
22,All,16,4,3,6,1.0,4
22,All,16,4,3,7,0.75,4
22,All,16,4,3,8,1.0,4
22,All,16,4,3,9,0.75,4
22,All,17,3,3,1,0.0,3
22,All,17,3,3,2,1.0,3
22,All,17,3,3,3,0.3333333333333333,3
22,All,17,3,3,4,1.0,3
22,All,17,3,3,5,1.0,3
22,All,17,3,3,6,1.0,3
22,All,17,3,3,7,1.0,3
22,All,17,3,3,8,1.0,3
22,All,17,3,3,9,1.0,3
22,All,18,1,3,1,0.0,1
22,All,18,1,3,2,1.0,1
22,All,18,1,3,3,1.0,1
22,All,18,1,3,4,1.0,1
22,All,18,1,3,5,1.0,1
22,All,18,1,3,6,1.0,1
22,All,18,1,3,7,1.0,1
22,All,18,1,3,8,1.0,1
22,All,18,1,3,9,1.0,1
23,All,1,6,1,1,0.3333333333333333,6
23,All,1,6,1,2,0.6666666666666666,6
23,All,1,6,1,3,0.8333333333333334,6
23,All,1,6,1,4,1.0,6
23,All,1,6,1,5,0.8333333333333334,6
23,All,1,6,1,6,1.0,5
23,All,1,6,1,7,1.0,6
23,All,1,6,1,8,1.0,6
23,All,1,6,1,9,1.0,5
23,All,2,5,1,1,0.2,5
23,All,2,5,1,2,0.6,5
23,All,2,5,1,3,0.6,5
23,All,2,5,1,4,1.0,5
23,All,2,5,1,5,1.0,5
23,All,2,5,1,6,1.0,5
23,All,2,5,1,7,1.0,5
23,All,2,5,1,8,1.0,5
23,All,2,5,1,9,1.0,5
23,All,3,1,1,1,0.0,1
23,All,3,1,1,2,1.0,1
23,All,3,1,1,3,1.0,1
23,All,3,1,1,4,1.0,1
23,All,3,1,1,5,1.0,1
23,All,3,1,1,6,1.0,1
23,All,3,1,1,7,1.0,1
23,All,3,1,1,8,1.0,1
23,All,3,1,1,9,1.0,1
23,All,4,2,1,1,0.5,2
23,All,4,2,1,2,0.5,2
23,All,4,2,1,3,1.0,2
23,All,4,2,1,4,0.5,2
23,All,4,2,1,5,1.0,2
23,All,4,2,1,6,1.0,2
23,All,4,2,1,7,1.0,2
23,All,4,2,1,8,1.0,2
23,All,4,2,1,9,1.0,2
23,All,5,3,1,1,0.6666666666666666,3
23,All,5,3,1,2,1.0,3
23,All,5,3,1,3,1.0,3
23,All,5,3,1,4,1.0,2
23,All,5,3,1,5,1.0,3
23,All,5,3,1,6,1.0,3
23,All,5,3,1,7,1.0,3
23,All,5,3,1,8,1.0,3
23,All,5,3,1,9,1.0,3
23,All,6,4,1,1,0.5,4
23,All,6,4,1,2,0.5,4
23,All,6,4,1,3,0.75,4
23,All,6,4,1,4,0.5,4
23,All,6,4,1,5,1.0,4
23,All,6,4,1,6,1.0,4
23,All,6,4,1,7,0.75,4
23,All,6,4,1,8,1.0,4
23,All,6,4,1,9,0.75,4
23,All,7,1,2,1,0.0,1
23,All,7,1,2,2,0.0,1
23,All,7,1,2,3,1.0,1
23,All,7,1,2,5,1.0,1
23,All,7,1,2,6,1.0,1
23,All,7,1,2,7,1.0,1
23,All,7,1,2,8,1.0,1
23,All,7,1,2,9,1.0,1
23,All,8,6,2,1,0.25,4
23,All,8,6,2,2,0.6666666666666666,6
23,All,8,6,2,3,0.6666666666666666,6
23,All,8,6,2,4,0.8,5
23,All,8,6,2,5,1.0,6
23,All,8,6,2,6,0.8333333333333334,6
23,All,8,6,2,7,1.0,6
23,All,8,6,2,8,0.8333333333333334,6
23,All,8,6,2,9,1.0,6
23,All,9,3,2,1,0.3333333333333333,3
23,All,9,3,2,2,1.0,3
23,All,9,3,2,3,1.0,3
23,All,9,3,2,4,1.0,3
23,All,9,3,2,5,1.0,3
23,All,9,3,2,6,1.0,3
23,All,9,3,2,7,0.6666666666666666,3
23,All,9,3,2,8,1.0,3
23,All,9,3,2,9,1.0,3
23,All,10,5,2,1,0.2,5
23,All,10,5,2,2,0.4,5
23,All,10,5,2,3,1.0,5
23,All,10,5,2,4,1.0,5
23,All,10,5,2,5,1.0,5
23,All,10,5,2,6,1.0,5
23,All,10,5,2,7,1.0,4
23,All,10,5,2,8,1.0,5
23,All,10,5,2,9,1.0,5
23,All,11,4,2,1,0.25,4
23,All,11,4,2,2,0.5,4
23,All,11,4,2,3,1.0,4
23,All,11,4,2,4,1.0,4
23,All,11,4,2,5,1.0,4
23,All,11,4,2,6,1.0,4
23,All,11,4,2,7,1.0,4
23,All,11,4,2,8,1.0,4
23,All,11,4,2,9,1.0,4
23,All,12,2,2,1,0.0,2
23,All,12,2,2,2,0.5,2
23,All,12,2,2,3,1.0,2
23,All,12,2,2,4,1.0,2
23,All,12,2,2,5,1.0,2
23,All,12,2,2,6,1.0,2
23,All,12,2,2,7,1.0,2
23,All,12,2,2,8,1.0,2
23,All,12,2,2,9,1.0,2
23,All,13,5,3,1,0.2,5
23,All,13,5,3,2,0.6,5
23,All,13,5,3,3,1.0,5
23,All,13,5,3,4,1.0,5
23,All,13,5,3,5,1.0,5
23,All,13,5,3,6,0.8,5
23,All,13,5,3,7,1.0,5
23,All,13,5,3,8,1.0,5
23,All,13,5,3,9,1.0,5
23,All,14,4,3,1,0.5,4
23,All,14,4,3,2,1.0,4
23,All,14,4,3,3,1.0,4
23,All,14,4,3,4,1.0,4
23,All,14,4,3,5,1.0,4
23,All,14,4,3,6,0.75,4
23,All,14,4,3,7,1.0,4
23,All,14,4,3,8,1.0,4
23,All,14,4,3,9,1.0,4
23,All,15,2,3,1,0.5,2
23,All,15,2,3,2,1.0,2
23,All,15,2,3,3,1.0,2
23,All,15,2,3,4,1.0,2
23,All,15,2,3,5,0.5,2
23,All,15,2,3,6,1.0,2
23,All,15,2,3,7,1.0,2
23,All,15,2,3,8,1.0,2
23,All,15,2,3,9,1.0,2
23,All,16,1,3,1,1.0,1
23,All,16,1,3,2,1.0,1
23,All,16,1,3,3,1.0,1
23,All,16,1,3,4,1.0,1
23,All,16,1,3,5,1.0,1
23,All,16,1,3,6,1.0,1
23,All,16,1,3,7,1.0,1
23,All,16,1,3,8,1.0,1
23,All,16,1,3,9,1.0,1
23,All,17,6,3,1,0.3333333333333333,6
23,All,17,6,3,2,0.6666666666666666,6
23,All,17,6,3,3,0.6,5
23,All,17,6,3,4,0.6666666666666666,6
23,All,17,6,3,5,0.5,6
23,All,17,6,3,6,0.6666666666666666,6
23,All,17,6,3,7,0.8333333333333334,6
23,All,17,6,3,8,0.8333333333333334,6
23,All,17,6,3,9,0.8333333333333334,6
23,All,18,3,3,1,0.3333333333333333,3
23,All,18,3,3,2,0.6666666666666666,3
23,All,18,3,3,3,1.0,3
23,All,18,3,3,4,1.0,3
23,All,18,3,3,5,1.0,3
23,All,18,3,3,6,1.0,3
23,All,18,3,3,7,1.0,3
23,All,18,3,3,8,1.0,3
23,All,18,3,3,9,1.0,3
24,All,1,5,1,1,0.4,5
24,All,1,5,1,2,0.6,5
24,All,1,5,1,3,1.0,5
24,All,1,5,1,4,1.0,4
24,All,1,5,1,5,1.0,5
24,All,1,5,1,6,1.0,5
24,All,1,5,1,7,1.0,5
24,All,1,5,1,8,1.0,5
24,All,1,5,1,9,1.0,5
24,All,2,2,1,1,0.5,2
24,All,2,2,1,2,0.5,2
24,All,2,2,1,3,1.0,2
24,All,2,2,1,4,1.0,2
24,All,2,2,1,5,1.0,2
24,All,2,2,1,6,1.0,2
24,All,2,2,1,7,1.0,2
24,All,2,2,1,8,1.0,2
24,All,2,2,1,9,1.0,2
24,All,3,6,1,1,0.16666666666666666,6
24,All,3,6,1,2,0.5,6
24,All,3,6,1,3,0.5,6
24,All,3,6,1,4,0.8,5
24,All,3,6,1,5,0.8333333333333334,6
24,All,3,6,1,6,0.8333333333333334,6
24,All,3,6,1,7,0.6666666666666666,6
24,All,3,6,1,8,0.6666666666666666,6
24,All,3,6,1,9,1.0,6
24,All,4,4,1,1,0.25,4
24,All,4,4,1,2,1.0,4
24,All,4,4,1,3,1.0,4
24,All,4,4,1,4,0.75,4
24,All,4,4,1,5,1.0,4
24,All,4,4,1,6,1.0,4
24,All,4,4,1,7,1.0,4
24,All,4,4,1,8,1.0,4
24,All,4,4,1,9,1.0,4
24,All,5,1,1,1,0.0,1
24,All,5,1,1,2,1.0,1
24,All,5,1,1,3,1.0,1
24,All,5,1,1,4,1.0,1
24,All,5,1,1,5,1.0,1
24,All,5,1,1,6,1.0,1
24,All,5,1,1,7,1.0,1
24,All,5,1,1,8,1.0,1
24,All,5,1,1,9,1.0,1
24,All,6,3,1,1,0.3333333333333333,3
24,All,6,3,1,2,0.3333333333333333,3
24,All,6,3,1,3,1.0,3
24,All,6,3,1,4,1.0,3
24,All,6,3,1,5,1.0,3
24,All,6,3,1,6,1.0,3
24,All,6,3,1,7,1.0,3
24,All,6,3,1,8,1.0,3
24,All,6,3,1,9,1.0,3
24,All,7,6,2,1,0.3333333333333333,6
24,All,7,6,2,2,0.8333333333333334,6
24,All,7,6,2,3,1.0,6
24,All,7,6,2,4,1.0,6
24,All,7,6,2,5,1.0,6
24,All,7,6,2,6,1.0,6
24,All,7,6,2,7,1.0,6
24,All,7,6,2,8,1.0,6
24,All,7,6,2,9,1.0,6
24,All,8,5,2,1,0.2,5
24,All,8,5,2,2,0.8,5
24,All,8,5,2,3,0.8,5
24,All,8,5,2,4,1.0,5
24,All,8,5,2,5,0.8,5
24,All,8,5,2,6,1.0,5
24,All,8,5,2,7,1.0,5
24,All,8,5,2,8,1.0,5
24,All,8,5,2,9,1.0,5
24,All,9,1,2,1,0.0,1
24,All,9,1,2,2,1.0,1
24,All,9,1,2,3,1.0,1
24,All,9,1,2,4,1.0,1
24,All,9,1,2,5,1.0,1
24,All,9,1,2,6,1.0,1
24,All,9,1,2,7,1.0,1
24,All,9,1,2,8,1.0,1
24,All,9,1,2,9,1.0,1
24,All,10,2,2,1,0.5,2
24,All,10,2,2,2,1.0,2
24,All,10,2,2,3,1.0,2
24,All,10,2,2,4,1.0,2
24,All,10,2,2,5,1.0,2
24,All,10,2,2,6,1.0,2
24,All,10,2,2,7,1.0,2
24,All,10,2,2,8,1.0,2
24,All,10,2,2,9,1.0,2
24,All,11,3,2,1,0.3333333333333333,3
24,All,11,3,2,2,0.6666666666666666,3
24,All,11,3,2,3,0.6666666666666666,3
24,All,11,3,2,4,1.0,3
24,All,11,3,2,5,1.0,3
24,All,11,3,2,6,1.0,3
24,All,11,3,2,7,1.0,3
24,All,11,3,2,8,1.0,3
24,All,11,3,2,9,1.0,3
24,All,12,4,2,1,0.5,4
24,All,12,4,2,2,0.75,4
24,All,12,4,2,3,1.0,4
24,All,12,4,2,4,1.0,4
24,All,12,4,2,5,1.0,4
24,All,12,4,2,6,1.0,4
24,All,12,4,2,7,1.0,4
24,All,12,4,2,8,1.0,4
24,All,12,4,2,9,1.0,4
24,All,13,4,3,1,0.25,4
24,All,13,4,3,2,0.5,4
24,All,13,4,3,3,1.0,4
24,All,13,4,3,4,1.0,4
24,All,13,4,3,5,1.0,4
24,All,13,4,3,6,1.0,4
24,All,13,4,3,7,1.0,4
24,All,13,4,3,8,1.0,4
24,All,13,4,3,9,1.0,4
24,All,14,1,3,1,1.0,1
24,All,14,1,3,2,1.0,1
24,All,14,1,3,3,1.0,1
24,All,14,1,3,4,1.0,1
24,All,14,1,3,5,1.0,1
24,All,14,1,3,6,1.0,1
24,All,14,1,3,7,1.0,1
24,All,14,1,3,8,1.0,1
24,All,14,1,3,9,1.0,1
24,All,15,5,3,1,0.2,5
24,All,15,5,3,2,0.6,5
24,All,15,5,3,3,1.0,5
24,All,15,5,3,4,1.0,5
24,All,15,5,3,5,1.0,5
24,All,15,5,3,6,1.0,5
24,All,15,5,3,7,1.0,5
24,All,15,5,3,8,1.0,5
24,All,15,5,3,9,1.0,5
24,All,16,3,3,1,1.0,3
24,All,16,3,3,2,1.0,3
24,All,16,3,3,3,1.0,3
24,All,16,3,3,4,1.0,3
24,All,16,3,3,5,1.0,3
24,All,16,3,3,6,1.0,3
24,All,16,3,3,7,1.0,3
24,All,16,3,3,8,1.0,3
24,All,16,3,3,9,1.0,3
24,All,17,2,3,1,0.0,2
24,All,17,2,3,2,1.0,2
24,All,17,2,3,3,1.0,2
24,All,17,2,3,4,1.0,2
24,All,17,2,3,5,1.0,2
24,All,17,2,3,6,1.0,2
24,All,17,2,3,7,1.0,2
24,All,17,2,3,8,1.0,2
24,All,17,2,3,9,1.0,2
24,All,18,6,3,1,0.5,6
24,All,18,6,3,2,0.5,6
24,All,18,6,3,3,0.8333333333333334,6
24,All,18,6,3,4,0.8333333333333334,6
24,All,18,6,3,5,1.0,6
24,All,18,6,3,6,1.0,6
24,All,18,6,3,7,1.0,6
24,All,18,6,3,8,1.0,6
24,All,18,6,3,9,1.0,6
25,All,1,2,1,1,1.0,2
25,All,1,2,1,2,1.0,2
25,All,1,2,1,3,1.0,2
25,All,1,2,1,4,1.0,2
25,All,1,2,1,5,1.0,2
25,All,1,2,1,6,1.0,2
25,All,1,2,1,7,1.0,2
25,All,1,2,1,8,1.0,2
25,All,1,2,1,9,1.0,2
25,All,2,4,1,1,0.25,4
25,All,2,4,1,2,0.75,4
25,All,2,4,1,3,0.6666666666666666,3
25,All,2,4,1,4,0.6666666666666666,3
25,All,2,4,1,5,1.0,4
25,All,2,4,1,6,0.75,4
25,All,2,4,1,7,1.0,4
25,All,2,4,1,8,1.0,4
25,All,2,4,1,9,1.0,4
25,All,3,5,1,1,0.2,5
25,All,3,5,1,2,0.25,4
25,All,3,5,1,3,0.8,5
25,All,3,5,1,4,0.6,5
25,All,3,5,1,5,1.0,5
25,All,3,5,1,6,0.8,5
25,All,3,5,1,7,1.0,5
25,All,3,5,1,8,0.8,5
25,All,3,5,1,9,1.0,5
25,All,4,3,1,1,0.3333333333333333,3
25,All,4,3,1,2,0.5,2
25,All,4,3,1,3,1.0,2
25,All,4,3,1,4,1.0,2
25,All,4,3,1,5,1.0,3
25,All,4,3,1,6,1.0,3
25,All,4,3,1,7,0.6666666666666666,3
25,All,4,3,1,8,0.5,2
25,All,4,3,1,9,1.0,2
25,All,5,6,1,1,0.6,5
25,All,5,6,1,2,0.6,5
25,All,5,6,1,3,0.6,5
25,All,5,6,1,4,0.4,5
25,All,5,6,1,5,1.0,5
25,All,5,6,1,6,0.6,5
25,All,5,6,1,7,0.8,5
25,All,5,6,1,8,1.0,6
25,All,5,6,1,9,0.6666666666666666,6
25,All,6,1,1,1,1.0,1
25,All,6,1,1,2,1.0,1
25,All,6,1,1,3,1.0,1
25,All,6,1,1,4,1.0,1
25,All,6,1,1,5,1.0,1
25,All,6,1,1,6,1.0,1
25,All,6,1,1,7,1.0,1
25,All,6,1,1,8,1.0,1
25,All,6,1,1,9,1.0,1
25,All,7,1,2,1,0.0,1
25,All,7,1,2,2,1.0,1
25,All,7,1,2,4,1.0,1
25,All,7,1,2,5,1.0,1
25,All,7,1,2,6,1.0,1
25,All,7,1,2,7,1.0,1
25,All,7,1,2,8,1.0,1
25,All,7,1,2,9,1.0,1
25,All,8,3,2,1,0.6666666666666666,3
25,All,8,3,2,2,1.0,3
25,All,8,3,2,3,0.3333333333333333,3
25,All,8,3,2,4,1.0,3
25,All,8,3,2,5,1.0,2
25,All,8,3,2,6,1.0,3
25,All,8,3,2,7,1.0,3
25,All,8,3,2,8,0.5,2
25,All,8,3,2,9,1.0,3
25,All,9,4,2,1,0.5,4
25,All,9,4,2,2,0.5,2
25,All,9,4,2,3,1.0,2
25,All,9,4,2,4,0.0,2
25,All,9,4,2,5,0.5,4
25,All,9,4,2,6,0.75,4
25,All,9,4,2,7,1.0,4
25,All,9,4,2,8,0.75,4
25,All,9,4,2,9,0.6666666666666666,3
25,All,10,6,2,1,0.6666666666666666,6
25,All,10,6,2,2,0.0,6
25,All,10,6,2,3,0.5,6
25,All,10,6,2,4,0.8333333333333334,6
25,All,10,6,2,5,0.5,6
25,All,10,6,2,6,0.3333333333333333,6
25,All,10,6,2,7,0.4,5
25,All,10,6,2,8,0.8333333333333334,6
25,All,10,6,2,9,0.8333333333333334,6
25,All,11,5,2,1,0.4,5
25,All,11,5,2,2,0.6,5
25,All,11,5,2,3,0.75,4
25,All,11,5,2,4,0.75,4
25,All,11,5,2,5,1.0,4
25,All,11,5,2,6,1.0,3
25,All,11,5,2,7,1.0,3
25,All,11,5,2,8,1.0,4
25,All,11,5,2,9,1.0,4
25,All,12,2,2,1,0.5,2
25,All,12,2,2,2,1.0,1
25,All,12,2,2,3,1.0,2
25,All,12,2,2,4,1.0,2
25,All,12,2,2,5,1.0,1
25,All,12,2,2,6,0.0,1
25,All,12,2,2,7,1.0,1
25,All,13,5,3,1,0.6,5
25,All,13,5,3,2,0.6,5
25,All,13,5,3,3,0.6666666666666666,3
25,All,13,5,3,4,1.0,5
25,All,13,5,3,5,0.8,5
25,All,13,5,3,6,0.75,4
25,All,13,5,3,7,1.0,3
25,All,13,5,3,8,1.0,4
25,All,13,5,3,9,0.4,5
25,All,14,2,3,1,0.0,2
25,All,14,2,3,2,1.0,2
25,All,14,2,3,3,0.0,1
25,All,14,2,3,4,1.0,1
25,All,14,2,3,5,1.0,1
25,All,14,2,3,6,1.0,1
25,All,14,2,3,8,1.0,2
25,All,14,2,3,9,1.0,2
25,All,15,6,3,1,0.16666666666666666,6
25,All,15,6,3,2,0.3333333333333333,6
25,All,15,6,3,3,0.5,6
25,All,15,6,3,4,0.6666666666666666,6
25,All,15,6,3,5,0.8333333333333334,6
25,All,15,6,3,6,0.5,6
25,All,15,6,3,7,0.8,5
25,All,15,6,3,8,0.8,5
25,All,15,6,3,9,0.6666666666666666,6
25,All,16,4,3,1,0.75,4
25,All,16,4,3,2,0.75,4
25,All,16,4,3,3,1.0,4
25,All,16,4,3,4,1.0,4
25,All,16,4,3,5,1.0,4
25,All,16,4,3,6,1.0,4
25,All,16,4,3,7,1.0,4
25,All,16,4,3,8,1.0,4
25,All,16,4,3,9,1.0,4
25,All,17,1,3,1,0.0,1
25,All,17,1,3,2,1.0,1
25,All,17,1,3,3,1.0,1
25,All,17,1,3,4,1.0,1
25,All,17,1,3,5,1.0,1
25,All,17,1,3,6,1.0,1
25,All,17,1,3,7,1.0,1
25,All,17,1,3,8,1.0,1
25,All,17,1,3,9,1.0,1
25,All,18,3,3,1,0.0,2
25,All,18,3,3,2,0.0,3
25,All,18,3,3,3,0.0,3
25,All,18,3,3,4,0.3333333333333333,3
25,All,18,3,3,5,0.6666666666666666,3
25,All,18,3,3,6,0.6666666666666666,3
25,All,18,3,3,7,1.0,3
25,All,18,3,3,8,0.6666666666666666,3
25,All,18,3,3,9,1.0,3
26,All,1,4,1,2,1.0,1
26,All,1,4,1,3,0.5,4
26,All,1,4,1,4,0.5,4
26,All,1,4,1,5,0.75,4
26,All,1,4,1,6,1.0,4
26,All,1,4,1,7,1.0,3
26,All,1,4,1,8,0.75,4
26,All,1,4,1,9,0.75,4
26,All,2,3,1,1,0.3333333333333333,3
26,All,2,3,1,2,0.3333333333333333,3
26,All,2,3,1,3,0.6666666666666666,3
26,All,2,3,1,4,1.0,3
26,All,2,3,1,5,1.0,2
26,All,2,3,1,6,1.0,3
26,All,2,3,1,7,1.0,3
26,All,2,3,1,8,1.0,3
26,All,2,3,1,9,1.0,3
26,All,3,2,1,1,0.5,2
26,All,3,2,1,2,0.5,2
26,All,3,2,1,3,1.0,2
26,All,3,2,1,4,1.0,2
26,All,3,2,1,5,1.0,2
26,All,3,2,1,6,1.0,2
26,All,3,2,1,7,1.0,2
26,All,3,2,1,8,1.0,2
26,All,3,2,1,9,1.0,2
26,All,4,1,1,1,0.0,1
26,All,4,1,1,2,0.0,1
26,All,4,1,1,3,1.0,1
26,All,4,1,1,4,1.0,1
26,All,4,1,1,5,1.0,1
26,All,4,1,1,6,1.0,1
26,All,4,1,1,7,1.0,1
26,All,4,1,1,8,1.0,1
26,All,4,1,1,9,1.0,1
26,All,5,5,1,1,0.4,5
26,All,5,5,1,2,0.6,5
26,All,5,5,1,3,1.0,5
26,All,5,5,1,4,1.0,5
26,All,5,5,1,5,1.0,5
26,All,5,5,1,6,1.0,5
26,All,5,5,1,7,1.0,5
26,All,5,5,1,8,1.0,5
26,All,5,5,1,9,1.0,5
26,All,6,6,1,1,0.16666666666666666,6
26,All,6,6,1,2,0.6,5
26,All,6,6,1,3,1.0,5
26,All,6,6,1,4,1.0,6
26,All,6,6,1,5,1.0,6
26,All,6,6,1,6,1.0,6
26,All,6,6,1,7,1.0,5
26,All,6,6,1,8,1.0,6
26,All,6,6,1,9,1.0,6
26,All,7,3,2,1,0.6666666666666666,3
26,All,7,3,2,2,1.0,3
26,All,7,3,2,3,1.0,3
26,All,7,3,2,4,1.0,3
26,All,7,3,2,5,1.0,3
26,All,7,3,2,6,1.0,3
26,All,7,3,2,7,1.0,3
26,All,7,3,2,8,1.0,3
26,All,7,3,2,9,1.0,2
26,All,8,6,2,1,0.5,6
26,All,8,6,2,2,0.8333333333333334,6
26,All,8,6,2,3,0.8333333333333334,6
26,All,8,6,2,4,0.8333333333333334,6
26,All,8,6,2,5,1.0,6
26,All,8,6,2,6,1.0,6
26,All,8,6,2,7,1.0,5
26,All,8,6,2,8,1.0,6
26,All,8,6,2,9,0.8,5
26,All,9,1,2,1,0.0,1
26,All,9,1,2,2,1.0,1
26,All,9,1,2,3,1.0,1
26,All,9,1,2,4,1.0,1
26,All,9,1,2,5,1.0,1
26,All,9,1,2,6,1.0,1
26,All,9,1,2,7,1.0,1
26,All,9,1,2,8,1.0,1
26,All,9,1,2,9,1.0,1
26,All,10,2,2,1,0.0,2
26,All,10,2,2,2,1.0,2
26,All,10,2,2,3,1.0,2
26,All,10,2,2,4,1.0,2
26,All,10,2,2,5,1.0,2
26,All,10,2,2,6,1.0,2
26,All,10,2,2,7,1.0,2
26,All,10,2,2,8,1.0,2
26,All,10,2,2,9,1.0,2
26,All,11,4,2,1,0.6666666666666666,3
26,All,11,4,2,2,0.5,4
26,All,11,4,2,3,0.75,4
26,All,11,4,2,4,1.0,4
26,All,11,4,2,5,0.75,4
26,All,11,4,2,6,1.0,4
26,All,11,4,2,7,1.0,4
26,All,11,4,2,8,1.0,4
26,All,11,4,2,9,1.0,4
26,All,12,5,2,1,0.6,5
26,All,12,5,2,2,1.0,5
26,All,12,5,2,3,1.0,5
26,All,12,5,2,4,0.8,5
26,All,12,5,2,5,1.0,5
26,All,12,5,2,6,1.0,5
26,All,12,5,2,7,1.0,5
26,All,12,5,2,8,1.0,5
26,All,12,5,2,9,1.0,5
26,All,13,2,3,1,1.0,2
26,All,13,2,3,2,0.5,2
26,All,13,2,3,3,1.0,2
26,All,13,2,3,4,1.0,2
26,All,13,2,3,5,1.0,2
26,All,13,2,3,6,1.0,2
26,All,13,2,3,7,1.0,2
26,All,13,2,3,8,1.0,2
26,All,13,2,3,9,1.0,2
26,All,14,4,3,1,0.75,4
26,All,14,4,3,2,1.0,4
26,All,14,4,3,3,1.0,4
26,All,14,4,3,4,1.0,4
26,All,14,4,3,5,1.0,4
26,All,14,4,3,6,1.0,4
26,All,14,4,3,7,1.0,4
26,All,14,4,3,8,1.0,4
26,All,14,4,3,9,1.0,4
26,All,15,5,3,1,0.8,5
26,All,15,5,3,2,1.0,5
26,All,15,5,3,3,1.0,5
26,All,15,5,3,4,1.0,5
26,All,15,5,3,5,1.0,5
26,All,15,5,3,6,1.0,5
26,All,15,5,3,7,1.0,5
26,All,15,5,3,8,1.0,5
26,All,15,5,3,9,1.0,5
26,All,16,3,3,1,1.0,3
26,All,16,3,3,2,1.0,3
26,All,16,3,3,3,1.0,3
26,All,16,3,3,4,1.0,3
26,All,16,3,3,5,1.0,3
26,All,16,3,3,6,1.0,3
26,All,16,3,3,7,1.0,3
26,All,16,3,3,8,1.0,3
26,All,16,3,3,9,1.0,3
26,All,17,6,3,1,0.6,5
26,All,17,6,3,2,0.8333333333333334,6
26,All,17,6,3,3,0.8333333333333334,6
26,All,17,6,3,4,1.0,6
26,All,17,6,3,5,1.0,6
26,All,17,6,3,6,1.0,6
26,All,17,6,3,7,1.0,5
26,All,17,6,3,8,1.0,6
26,All,17,6,3,9,1.0,6
26,All,18,1,3,1,0.0,1
26,All,18,1,3,2,0.0,1
26,All,18,1,3,3,1.0,1
26,All,18,1,3,4,1.0,1
26,All,18,1,3,5,1.0,1
26,All,18,1,3,6,1.0,1
26,All,18,1,3,7,1.0,1
26,All,18,1,3,8,1.0,1
26,All,18,1,3,9,1.0,1
27,All,1,3,1,1,0.3333333333333333,3
27,All,1,3,1,2,1.0,3
27,All,1,3,1,3,1.0,3
27,All,1,3,1,4,1.0,3
27,All,1,3,1,5,1.0,3
27,All,1,3,1,6,1.0,3
27,All,1,3,1,7,1.0,3
27,All,1,3,1,8,1.0,3
27,All,1,3,1,9,1.0,3
27,All,2,1,1,1,0.0,1
27,All,2,1,1,2,0.0,1
27,All,2,1,1,3,1.0,1
27,All,2,1,1,4,1.0,1
27,All,2,1,1,5,1.0,1
27,All,2,1,1,6,1.0,1
27,All,2,1,1,7,1.0,1
27,All,2,1,1,8,1.0,1
27,All,2,1,1,9,1.0,1
27,All,3,4,1,1,0.3333333333333333,3
27,All,3,4,1,2,0.5,4
27,All,3,4,1,3,0.6666666666666666,3
27,All,3,4,1,4,0.6666666666666666,3
27,All,3,4,1,5,0.75,4
27,All,3,4,1,6,1.0,4
27,All,3,4,1,7,1.0,4
27,All,3,4,1,8,1.0,3
27,All,3,4,1,9,1.0,4
27,All,4,6,1,1,0.5,6
27,All,4,6,1,2,0.8333333333333334,6
27,All,4,6,1,3,0.6666666666666666,6
27,All,4,6,1,4,1.0,4
27,All,4,6,1,5,0.8,5
27,All,4,6,1,6,0.8333333333333334,6
27,All,4,6,1,7,0.8,5
27,All,4,6,1,8,1.0,6
27,All,4,6,1,9,0.6666666666666666,6
27,All,5,2,1,1,0.5,2
27,All,5,2,1,2,1.0,2
27,All,5,2,1,3,1.0,2
27,All,5,2,1,4,1.0,1
27,All,5,2,1,6,1.0,2
27,All,5,2,1,7,1.0,2
27,All,5,2,1,8,1.0,2
27,All,5,2,1,9,1.0,2
27,All,6,5,1,1,0.5,2
27,All,6,5,1,2,0.4,5
27,All,6,5,1,3,0.8,5
27,All,6,5,1,4,1.0,5
27,All,6,5,1,5,0.8,5
27,All,6,5,1,6,0.5,4
27,All,6,5,1,7,1.0,4
27,All,6,5,1,8,0.8,5
27,All,6,5,1,9,1.0,4
27,All,7,6,2,1,0.16666666666666666,6
27,All,7,6,2,2,0.5,6
27,All,7,6,2,3,0.8,5
27,All,7,6,2,4,0.75,4
27,All,7,6,2,5,1.0,5
27,All,7,6,2,6,0.6,5
27,All,7,6,2,7,0.8,5
27,All,7,6,2,8,1.0,5
27,All,7,6,2,9,1.0,5
27,All,8,2,2,1,1.0,2
27,All,8,2,2,2,1.0,2
27,All,8,2,2,3,0.5,2
27,All,8,2,2,4,1.0,2
27,All,8,2,2,5,1.0,2
27,All,8,2,2,6,1.0,2
27,All,8,2,2,7,0.0,2
27,All,8,2,2,8,1.0,2
27,All,8,2,2,9,1.0,2
27,All,9,3,2,1,1.0,3
27,All,9,3,2,2,1.0,3
27,All,9,3,2,3,1.0,3
27,All,9,3,2,4,1.0,3
27,All,9,3,2,5,1.0,3
27,All,9,3,2,6,1.0,2
27,All,9,3,2,7,1.0,3
27,All,9,3,2,8,0.6666666666666666,3
27,All,9,3,2,9,1.0,3
27,All,10,5,2,1,0.4,5
27,All,10,5,2,2,0.6,5
27,All,10,5,2,3,1.0,4
27,All,10,5,2,4,0.6,5
27,All,10,5,2,5,0.8,5
27,All,10,5,2,6,0.8,5
27,All,10,5,2,7,1.0,5
27,All,10,5,2,8,0.8,5
27,All,10,5,2,9,1.0,4
27,All,11,1,2,1,1.0,1
27,All,11,1,2,2,1.0,1
27,All,11,1,2,3,1.0,1
27,All,11,1,2,4,1.0,1
27,All,11,1,2,5,1.0,1
27,All,11,1,2,6,1.0,1
27,All,11,1,2,8,1.0,1
27,All,11,1,2,9,1.0,1
27,All,12,4,2,1,0.0,4
27,All,12,4,2,2,0.25,4
27,All,12,4,2,3,0.5,4
27,All,12,4,2,4,1.0,4
27,All,12,4,2,5,1.0,4
27,All,12,4,2,6,1.0,4
27,All,12,4,2,7,1.0,3
27,All,12,4,2,8,1.0,4
27,All,12,4,2,9,1.0,2
27,All,13,4,3,1,0.25,4
27,All,13,4,3,2,0.5,4
27,All,13,4,3,3,1.0,4
27,All,13,4,3,4,1.0,4
27,All,13,4,3,5,1.0,3
27,All,13,4,3,6,1.0,4
27,All,13,4,3,7,1.0,3
27,All,13,4,3,8,1.0,4
27,All,13,4,3,9,1.0,3
27,All,14,3,3,1,0.6666666666666666,3
27,All,14,3,3,2,0.6666666666666666,3
27,All,14,3,3,3,1.0,3
27,All,14,3,3,4,1.0,3
27,All,14,3,3,5,1.0,3
27,All,14,3,3,6,1.0,3
27,All,14,3,3,7,1.0,2
27,All,14,3,3,8,1.0,3
27,All,14,3,3,9,1.0,3
27,All,15,2,3,1,0.0,2
27,All,15,2,3,2,0.5,2
27,All,15,2,3,3,1.0,2
27,All,15,2,3,4,1.0,2
27,All,15,2,3,5,1.0,2
27,All,15,2,3,6,1.0,2
27,All,15,2,3,7,1.0,2
27,All,15,2,3,8,1.0,2
27,All,15,2,3,9,1.0,2
27,All,16,1,3,1,0.0,1
27,All,16,1,3,2,1.0,1
27,All,16,1,3,3,1.0,1
27,All,16,1,3,4,1.0,1
27,All,16,1,3,5,1.0,1
27,All,16,1,3,6,1.0,1
27,All,16,1,3,7,1.0,1
27,All,16,1,3,8,1.0,1
27,All,16,1,3,9,1.0,1
27,All,17,5,3,1,0.6,5
27,All,17,5,3,2,0.6,5
27,All,17,5,3,3,0.6666666666666666,3
27,All,17,5,3,4,1.0,5
27,All,17,5,3,5,1.0,5
27,All,17,5,3,6,1.0,5
27,All,17,5,3,7,0.8,5
27,All,17,5,3,8,0.8,5
27,All,17,5,3,9,1.0,5
27,All,18,6,3,1,0.16666666666666666,6
27,All,18,6,3,2,0.0,6
27,All,18,6,3,3,0.2,5
27,All,18,6,3,4,0.4,5
27,All,18,6,3,5,0.4,5
27,All,18,6,3,6,0.3333333333333333,6
27,All,18,6,3,7,0.5,6
27,All,18,6,3,8,0.6666666666666666,6
27,All,18,6,3,9,0.6,5
