subject,block,experiment,original_subject,set_size,group,block_order,set_size_exposure
1,1,Expe1,1,2,All,1,1
1,2,Expe1,1,3,All,2,1
1,3,Expe1,1,2,All,3,2
1,4,Expe1,1,5,All,4,1
1,5,Expe1,1,6,All,5,1
1,6,Expe1,1,4,All,6,1
1,7,Expe1,1,2,All,7,3
1,8,Expe1,1,3,All,8,2
1,9,Expe1,1,6,All,9,2
1,10,Expe1,1,5,All,10,2
1,11,Expe1,1,4,All,11,2
1,12,Expe1,1,2,All,12,4
1,13,Expe1,1,3,All,13,3
1,14,Expe1,1,2,All,14,5
1,15,Expe1,1,5,All,15,3
1,16,Expe1,1,6,All,16,3
1,17,Expe1,1,4,All,17,3
1,18,Expe1,1,2,All,18,6
2,1,Expe1,2,3,All,1,1
2,2,Expe1,2,5,All,2,1
2,3,Expe1,2,2,All,3,1
2,4,Expe1,2,4,All,4,1
2,5,Expe1,2,2,All,5,2
2,6,Expe1,2,3,All,6,2
2,7,Expe1,2,6,All,7,1
2,8,Expe1,2,2,All,8,3
2,9,Expe1,2,4,All,9,2
2,10,Expe1,2,5,All,10,2
2,11,Expe1,2,6,All,11,2
2,12,Expe1,2,3,All,12,3
2,13,Expe1,2,5,All,13,3
2,14,Expe1,2,2,All,14,4
2,15,Expe1,2,4,All,15,3
2,16,Expe1,2,2,All,16,5
2,17,Expe1,2,3,All,17,4
2,18,Expe1,2,6,All,18,3
3,1,Expe1,3,5,All,1,1
3,2,Expe1,3,4,All,2,1
3,3,Expe1,3,3,All,3,1
3,4,Expe1,3,3,All,4,2
3,5,Expe1,3,2,All,5,1
3,6,Expe1,3,2,All,6,2
3,7,Expe1,3,2,All,7,3
3,8,Expe1,3,6,All,8,1
3,9,Expe1,3,5,All,9,2
3,10,Expe1,3,4,All,10,2
3,11,Expe1,3,6,All,11,2
3,12,Expe1,3,5,All,12,3
3,13,Expe1,3,4,All,13,3
3,14,Expe1,3,3,All,14,3
3,15,Expe1,3,3,All,15,4
3,16,Expe1,3,2,All,16,4
3,17,Expe1,3,2,All,17,5
3,18,Expe1,3,2,All,18,6
4,1,Expe1,4,4,All,1,1
4,2,Expe1,4,3,All,2,1
4,3,Expe1,4,5,All,3,1
4,4,Expe1,4,2,All,4,1
4,5,Expe1,4,3,All,5,2
4,6,Expe1,4,6,All,6,1
4,7,Expe1,4,2,All,7,2
4,8,Expe1,4,2,All,8,3
4,9,Expe1,4,6,All,9,2
4,10,Expe1,4,4,All,10,2
4,11,Expe1,4,5,All,11,2
4,12,Expe1,4,4,All,12,3
4,13,Expe1,4,3,All,13,3
4,14,Expe1,4,5,All,14,3
4,15,Expe1,4,2,All,15,4
4,16,Expe1,4,3,All,16,4
4,17,Expe1,4,6,All,17,3
4,18,Expe1,4,2,All,18,5
5,1,Expe1,5,3,All,1,1
5,2,Expe1,5,2,All,2,1
5,3,Expe1,5,4,All,3,1
5,4,Expe1,5,6,All,4,1
5,5,Expe1,5,5,All,5,1
5,6,Expe1,5,2,All,6,2
5,7,Expe1,5,3,All,7,2
5,8,Expe1,5,2,All,8,3
5,9,Expe1,5,5,All,9,2
5,10,Expe1,5,4,All,10,2
5,11,Expe1,5,6,All,11,2
5,12,Expe1,5,3,All,12,3
5,13,Expe1,5,2,All,13,4
5,14,Expe1,5,4,All,14,3
5,15,Expe1,5,6,All,15,3
5,16,Expe1,5,5,All,16,3
5,17,Expe1,5,2,All,17,5
5,18,Expe1,5,3,All,18,4
6,1,Expe1,6,2,All,1,1
6,2,Expe1,6,6,All,2,1
6,3,Expe1,6,3,All,3,1
6,4,Expe1,6,2,All,4,2
6,5,Expe1,6,4,All,5,1
6,6,Expe1,6,2,All,6,3
6,7,Expe1,6,5,All,7,1
6,8,Expe1,6,3,All,8,2
6,9,Expe1,6,6,All,9,2
6,10,Expe1,6,4,All,10,2
6,11,Expe1,6,5,All,11,2
6,12,Expe1,6,2,All,12,4
6,13,Expe1,6,6,All,13,3
6,14,Expe1,6,3,All,14,3
6,15,Expe1,6,2,All,15,5
6,16,Expe1,6,4,All,16,3
6,17,Expe1,6,2,All,17,6
6,18,Expe1,6,5,All,18,3
7,1,Expe1,7,6,All,1,1
7,2,Expe1,7,2,All,2,1
7,3,Expe1,7,2,All,3,2
7,4,Expe1,7,2,All,4,3
7,5,Expe1,7,3,All,5,1
7,6,Expe1,7,3,All,6,2
7,7,Expe1,7,4,All,7,1
7,8,Expe1,7,5,All,8,1
7,9,Expe1,7,6,All,9,2
7,10,Expe1,7,5,All,10,2
7,11,Expe1,7,4,All,11,2
7,12,Expe1,7,6,All,12,3
7,13,Expe1,7,2,All,13,4
7,14,Expe1,7,2,All,14,5
7,15,Expe1,7,2,All,15,6
7,16,Expe1,7,3,All,16,3
7,17,Expe1,7,3,All,17,4
7,18,Expe1,7,4,All,18,3
8,1,Expe1,8,2,All,1,1
8,2,Expe1,8,2,All,2,2
8,3,Expe1,8,6,All,3,1
8,4,Expe1,8,3,All,4,1
8,5,Expe1,8,2,All,5,3
8,6,Expe1,8,5,All,6,1
8,7,Expe1,8,3,All,7,2
8,8,Expe1,8,4,All,8,1
8,9,Expe1,8,5,All,9,2
8,10,Expe1,8,4,All,10,2
8,11,Expe1,8,6,All,11,2
8,12,Expe1,8,2,All,12,4
8,13,Expe1,8,2,All,13,5
8,14,Expe1,8,6,All,14,3
8,15,Expe1,8,3,All,15,3
8,16,Expe1,8,2,All,16,6
8,17,Expe1,8,5,All,17,3
8,18,Expe1,8,3,All,18,4
9,1,Expe1,9,6,All,1,1
9,2,Expe1,9,2,All,2,1
9,3,Expe1,9,3,All,3,1
9,4,Expe1,9,2,All,4,2
9,5,Expe1,9,3,All,5,2
9,6,Expe1,9,5,All,6,1
9,7,Expe1,9,4,All,7,1
9,8,Expe1,9,2,All,8,3
9,9,Expe1,9,5,All,9,2
9,10,Expe1,9,6,All,10,2
9,11,Expe1,9,4,All,11,2
9,12,Expe1,9,6,All,12,3
9,13,Expe1,9,2,All,13,4
9,14,Expe1,9,3,All,14,3
9,15,Expe1,9,2,All,15,5
9,16,Expe1,9,3,All,16,4
9,17,Expe1,9,5,All,17,3
9,18,Expe1,9,4,All,18,3
10,1,Expe1,10,2,All,1,1
10,2,Expe1,10,2,All,2,2
10,3,Expe1,10,6,All,3,1
10,4,Expe1,10,5,All,4,1
10,5,Expe1,10,3,All,5,1
10,6,Expe1,10,2,All,6,3
10,7,Expe1,10,3,All,7,2
10,8,Expe1,10,4,All,8,1
10,9,Expe1,10,6,All,9,2
10,10,Expe1,10,5,All,10,2
10,11,Expe1,10,4,All,11,2
10,12,Expe1,10,2,All,12,4
10,13,Expe1,10,2,All,13,5
10,14,Expe1,10,6,All,14,3
10,15,Expe1,10,5,All,15,3
10,16,Expe1,10,3,All,16,3
10,17,Expe1,10,2,All,17,6
10,18,Expe1,10,3,All,18,4
11,1,Expe1,11,2,All,1,1
11,2,Expe1,11,5,All,2,1
11,3,Expe1,11,2,All,3,2
11,4,Expe1,11,2,All,4,3
11,5,Expe1,11,6,All,5,1
11,6,Expe1,11,4,All,6,1
11,7,Expe1,11,3,All,7,1
11,8,Expe1,11,3,All,8,2
11,9,Expe1,11,6,All,9,2
11,10,Expe1,11,5,All,10,2
11,11,Expe1,11,4,All,11,2
11,12,Expe1,11,2,All,12,4
11,13,Expe1,11,5,All,13,3
11,14,Expe1,11,2,All,14,5
11,15,Expe1,11,2,All,15,6
11,16,Expe1,11,6,All,16,3
11,17,Expe1,11,4,All,17,3
11,18,Expe1,11,3,All,18,3
12,1,Expe1,12,5,All,1,1
12,2,Expe1,12,2,All,2,1
12,3,Expe1,12,2,All,3,2
12,4,Expe1,12,4,All,4,1
12,5,Expe1,12,2,All,5,3
12,6,Expe1,12,3,All,6,1
12,7,Expe1,12,6,All,7,1
12,8,Expe1,12,3,All,8,2
12,9,Expe1,12,4,All,9,2
12,10,Expe1,12,5,All,10,2
12,11,Expe1,12,6,All,11,2
12,12,Expe1,12,5,All,12,3
12,13,Expe1,12,2,All,13,4
12,14,Expe1,12,2,All,14,5
12,15,Expe1,12,4,All,15,3
12,16,Expe1,12,2,All,16,6
12,17,Expe1,12,3,All,17,3
12,18,Expe1,12,6,All,18,3
13,1,Expe1,13,2,All,1,1
13,2,Expe1,13,4,All,2,1
13,3,Expe1,13,5,All,3,1
13,4,Expe1,13,3,All,4,1
13,5,Expe1,13,2,All,5,2
13,6,Expe1,13,3,All,6,2
13,7,Expe1,13,2,All,7,3
13,8,Expe1,13,6,All,8,1
13,9,Expe1,13,4,All,9,2
13,10,Expe1,13,6,All,10,2
13,11,Expe1,13,5,All,11,2
13,12,Expe1,13,2,All,12,4
13,13,Expe1,13,4,All,13,3
13,14,Expe1,13,5,All,14,3
13,15,Expe1,13,3,All,15,3
13,16,Expe1,13,2,All,16,5
13,17,Expe1,13,3,All,17,4
13,18,Expe1,13,2,All,18,6
14,1,Expe1,14,4,All,1,1
14,2,Expe1,14,3,All,2,1
14,3,Expe1,14,2,All,3,1
14,4,Expe1,14,3,All,4,2
14,5,Expe1,14,5,All,5,1
14,6,Expe1,14,6,All,6,1
14,7,Expe1,14,2,All,7,2
14,8,Expe1,14,2,All,8,3
14,9,Expe1,14,5,All,9,2
14,10,Expe1,14,4,All,10,2
14,11,Expe1,14,6,All,11,2
14,12,Expe1,14,4,All,12,3
14,13,Expe1,14,3,All,13,3
14,14,Expe1,14,2,All,14,4
14,15,Expe1,14,3,All,15,4
14,16,Expe1,14,5,All,16,3
14,17,Expe1,14,6,All,17,3
14,18,Expe1,14,2,All,18,5
15,1,Expe1,15,3,All,1,1
15,2,Expe1,15,3,All,2,2
15,3,Expe1,15,4,All,3,1
15,4,Expe1,15,6,All,4,1
15,5,Expe1,15,2,All,5,1
15,6,Expe1,15,2,All,6,2
15,7,Expe1,15,5,All,7,1
15,8,Expe1,15,2,All,8,3
15,9,Expe1,15,6,All,9,2
15,10,Expe1,15,5,All,10,2
15,11,Expe1,15,4,All,11,2
15,12,Expe1,15,3,All,12,3
15,13,Expe1,15,3,All,13,4
15,14,Expe1,15,4,All,14,3
15,15,Expe1,15,6,All,15,3
15,16,Expe1,15,2,All,16,4
15,17,Expe1,15,2,All,17,5
15,18,Expe1,15,5,All,18,3
16,1,Expe1,16,3,All,1,1
16,2,Expe1,16,6,All,2,1
16,3,Expe1,16,3,All,3,2
16,4,Expe1,16,2,All,4,1
16,5,Expe1,16,4,All,5,1
16,6,Expe1,16,2,All,6,2
16,7,Expe1,16,2,All,7,3
16,8,Expe1,16,5,All,8,1
16,9,Expe1,16,4,All,9,2
16,10,Expe1,16,6,All,10,2
16,11,Expe1,16,5,All,11,2
16,12,Expe1,16,3,All,12,3
16,13,Expe1,16,6,All,13,3
16,14,Expe1,16,3,All,14,4
16,15,Expe1,16,2,All,15,4
16,16,Expe1,16,4,All,16,3
16,17,Expe1,16,2,All,17,5
16,18,Expe1,16,2,All,18,6
17,1,Expe1,17,2,All,1,1
17,2,Expe1,17,6,All,2,1
17,3,Expe1,17,2,All,3,2
17,4,Expe1,17,5,All,4,1
17,5,Expe1,17,3,All,5,1
17,6,Expe1,17,4,All,6,1
17,7,Expe1,17,2,All,7,3
17,8,Expe1,17,3,All,8,2
17,9,Expe1,17,4,All,9,2
17,10,Expe1,17,6,All,10,2
17,11,Expe1,17,5,All,11,2
17,12,Expe1,17,2,All,12,4
17,13,Expe1,17,6,All,13,3
17,14,Expe1,17,2,All,14,5
17,15,Expe1,17,5,All,15,3
17,16,Expe1,17,3,All,16,3
17,17,Expe1,17,4,All,17,3
17,18,Expe1,17,2,All,18,6
18,1,Expe1,18,6,All,1,1
18,2,Expe1,18,5,All,2,1
18,3,Expe1,18,2,All,3,1
18,4,Expe1,18,4,All,4,1
18,5,Expe1,18,2,All,5,2
18,6,Expe1,18,3,All,6,1
18,7,Expe1,18,3,All,7,2
18,8,Expe1,18,2,All,8,3
18,9,Expe1,18,5,All,9,2
18,10,Expe1,18,6,All,10,2
18,11,Expe1,18,4,All,11,2
18,12,Expe1,18,6,All,12,3
18,13,Expe1,18,5,All,13,3
18,14,Expe1,18,2,All,14,4
18,15,Expe1,18,4,All,15,3
18,16,Expe1,18,2,All,16,5
18,17,Expe1,18,3,All,17,3
18,18,Expe1,18,3,All,18,4
19,1,Expe1,19,5,All,1,1
19,2,Expe1,19,4,All,2,1
19,3,Expe1,19,6,All,3,1
19,4,Expe1,19,3,All,4,1
19,5,Expe1,19,2,All,5,1
19,6,Expe1,19,2,All,6,2
19,7,Expe1,19,2,All,7,3
19,8,Expe1,19,3,All,8,2
19,9,Expe1,19,4,All,9,2
19,10,Expe1,19,5,All,10,2
19,11,Expe1,19,6,All,11,2
19,12,Expe1,19,5,All,12,3
19,13,Expe1,19,4,All,13,3
19,14,Expe1,19,6,All,14,3
19,15,Expe1,19,3,All,15,3
19,16,Expe1,19,2,All,16,4
19,17,Expe1,19,2,All,17,5
19,18,Expe1,19,2,All,18,6
20,1,Expe1,22,2,All,1,1
20,2,Expe1,22,3,All,2,1
20,3,Expe1,22,3,All,3,2
20,4,Expe1,22,2,All,4,2
20,5,Expe1,22,4,All,5,1
20,6,Expe1,22,2,All,6,3
20,7,Expe1,22,5,All,7,1
20,8,Expe1,22,6,All,8,1
20,9,Expe1,22,4,All,9,2
20,10,Expe1,22,5,All,10,2
20,11,Expe1,22,6,All,11,2
20,12,Expe1,22,2,All,12,4
20,13,Expe1,22,3,All,13,3
20,14,Expe1,22,3,All,14,4
20,15,Expe1,22,2,All,15,5
20,16,Expe1,22,4,All,16,3
20,17,Expe1,22,2,All,17,6
20,18,Expe1,22,5,All,18,3
21,1,Expe1,23,3,All,1,1
21,2,Expe1,23,2,All,2,1
21,3,Expe1,23,2,All,3,2
21,4,Expe1,23,2,All,4,3
21,5,Expe1,23,3,All,5,2
21,6,Expe1,23,6,All,6,1
21,7,Expe1,23,4,All,7,1
21,8,Expe1,23,5,All,8,1
21,9,Expe1,23,6,All,9,2
21,10,Expe1,23,4,All,10,2
21,11,Expe1,23,5,All,11,2
21,12,Expe1,23,3,All,12,3
21,13,Expe1,23,2,All,13,4
21,14,Expe1,23,2,All,14,5
21,15,Expe1,23,2,All,15,6
21,16,Expe1,23,3,All,16,4
21,17,Expe1,23,6,All,17,3
21,18,Expe1,23,4,All,18,3
22,1,Expe1,24,2,All,1,1
22,2,Expe1,24,2,All,2,2
22,3,Expe1,24,3,All,3,1
22,4,Expe1,24,6,All,4,1
22,5,Expe1,24,2,All,5,3
22,6,Expe1,24,5,All,6,1
22,7,Expe1,24,3,All,7,2
22,8,Expe1,24,4,All,8,1
22,9,Expe1,24,5,All,9,2
22,10,Expe1,24,6,All,10,2
22,11,Expe1,24,4,All,11,2
22,12,Expe1,24,2,All,12,4
22,13,Expe1,24,2,All,13,5
22,14,Expe1,24,3,All,14,3
22,15,Expe1,24,6,All,15,3
22,16,Expe1,24,2,All,16,6
22,17,Expe1,24,5,All,17,3
22,18,Expe1,24,3,All,18,4
23,1,Expe1,25,2,All,1,1
23,2,Expe1,25,4,All,2,1
23,3,Expe1,25,3,All,3,1
23,4,Expe1,25,3,All,4,2
23,5,Expe1,25,5,All,5,1
23,6,Expe1,25,2,All,6,2
23,7,Expe1,25,2,All,7,3
23,8,Expe1,25,6,All,8,1
23,9,Expe1,25,4,All,9,2
23,10,Expe1,25,5,All,10,2
23,11,Expe1,25,6,All,11,2
23,12,Expe1,25,2,All,12,4
23,13,Expe1,25,4,All,13,3
23,14,Expe1,25,3,All,14,3
23,15,Expe1,25,3,All,15,4
23,16,Expe1,25,5,All,16,3
23,17,Expe1,25,2,All,17,5
23,18,Expe1,25,2,All,18,6
24,1,Expe1,26,4,All,1,1
24,2,Expe1,26,3,All,2,1
24,3,Expe1,26,2,All,3,1
24,4,Expe1,26,2,All,4,2
24,5,Expe1,26,3,All,5,2
24,6,Expe1,26,6,All,6,1
24,7,Expe1,26,5,All,7,1
24,8,Expe1,26,2,All,8,3
24,9,Expe1,26,4,All,9,2
24,10,Expe1,26,5,All,10,2
24,11,Expe1,26,6,All,11,2
24,12,Expe1,26,4,All,12,3
24,13,Expe1,26,3,All,13,3
24,14,Expe1,26,2,All,14,4
24,15,Expe1,26,2,All,15,5
24,16,Expe1,26,3,All,16,4
24,17,Expe1,26,6,All,17,3
24,18,Expe1,26,5,All,18,3
25,1,Expe1,27,3,All,1,1
25,2,Expe1,27,2,All,2,1
25,3,Expe1,27,4,All,3,1
25,4,Expe1,27,6,All,4,1
25,5,Expe1,27,2,All,5,2
25,6,Expe1,27,2,All,6,3
25,7,Expe1,27,3,All,7,2
25,8,Expe1,27,5,All,8,1
25,9,Expe1,27,4,All,9,2
25,10,Expe1,27,5,All,10,2
25,11,Expe1,27,6,All,11,2
25,12,Expe1,27,3,All,12,3
25,13,Expe1,27,2,All,13,4
25,14,Expe1,27,4,All,14,3
25,15,Expe1,27,6,All,15,3
25,16,Expe1,27,2,All,16,5
25,17,Expe1,27,2,All,17,6
25,18,Expe1,27,3,All,18,4
26,1,Expe1,28,2,All,1,1
26,2,Expe1,28,6,All,2,1
26,3,Expe1,28,3,All,3,1
26,4,Expe1,28,2,All,4,2
26,5,Expe1,28,4,All,5,1
26,6,Expe1,28,5,All,6,1
26,7,Expe1,28,2,All,7,3
26,8,Expe1,28,3,All,8,2
26,9,Expe1,28,4,All,9,2
26,10,Expe1,28,6,All,10,2
26,11,Expe1,28,5,All,11,2
26,12,Expe1,28,2,All,12,4
26,13,Expe1,28,6,All,13,3
26,14,Expe1,28,3,All,14,3
26,15,Expe1,28,2,All,15,5
26,16,Expe1,28,4,All,16,3
26,17,Expe1,28,5,All,17,3
26,18,Expe1,28,2,All,18,6
27,1,Expe1,29,6,All,1,1
27,2,Expe1,29,2,All,2,1
27,3,Expe1,29,2,All,3,2
27,4,Expe1,29,5,All,4,1
27,5,Expe1,29,3,All,5,1
27,6,Expe1,29,3,All,6,2
27,7,Expe1,29,4,All,7,1
27,8,Expe1,29,2,All,8,3
27,9,Expe1,29,6,All,9,2
27,10,Expe1,29,4,All,10,2
27,11,Expe1,29,5,All,11,2
27,12,Expe1,29,6,All,12,3
27,13,Expe1,29,2,All,13,4
27,14,Expe1,29,2,All,14,5
27,15,Expe1,29,5,All,15,3
27,16,Expe1,29,3,All,16,3
27,17,Expe1,29,3,All,17,4
27,18,Expe1,29,4,All,18,3
28,1,Expe1,30,2,All,1,1
28,2,Expe1,30,5,All,2,1
28,3,Expe1,30,6,All,3,1
28,4,Expe1,30,3,All,4,1
28,5,Expe1,30,2,All,5,2
28,6,Expe1,30,2,All,6,3
28,7,Expe1,30,3,All,7,2
28,8,Expe1,30,4,All,8,1
28,9,Expe1,30,5,All,9,2
28,10,Expe1,30,4,All,10,2
28,11,Expe1,30,6,All,11,2
28,12,Expe1,30,2,All,12,4
28,13,Expe1,30,5,All,13,3
28,14,Expe1,30,6,All,14,3
28,15,Expe1,30,3,All,15,3
28,16,Expe1,30,2,All,16,5
28,17,Expe1,30,2,All,17,6
28,18,Expe1,30,3,All,18,4
29,1,Expe1,31,5,All,1,1
29,2,Expe1,31,3,All,2,1
29,3,Expe1,31,2,All,3,1
29,4,Expe1,31,2,All,4,2
29,5,Expe1,31,6,All,5,1
29,6,Expe1,31,4,All,6,1
29,7,Expe1,31,2,All,7,3
29,8,Expe1,31,3,All,8,2
29,9,Expe1,31,5,All,9,2
29,10,Expe1,31,4,All,10,2
29,11,Expe1,31,6,All,11,2
29,12,Expe1,31,5,All,12,3
29,13,Expe1,31,3,All,13,3
29,14,Expe1,31,2,All,14,4
29,15,Expe1,31,2,All,15,5
29,16,Expe1,31,6,All,16,3
29,17,Expe1,31,4,All,17,3
29,18,Expe1,31,2,All,18,6
30,1,Expe1,32,3,All,1,1
30,2,Expe1,32,2,All,2,1
30,3,Expe1,32,5,All,3,1
30,4,Expe1,32,4,All,4,1
30,5,Expe1,32,2,All,5,2
30,6,Expe1,32,3,All,6,2
30,7,Expe1,32,6,All,7,1
30,8,Expe1,32,2,All,8,3
30,9,Expe1,32,4,All,9,2
30,10,Expe1,32,5,All,10,2
30,11,Expe1,32,6,All,11,2
30,12,Expe1,32,3,All,12,3
30,13,Expe1,32,2,All,13,4
30,14,Expe1,32,5,All,14,3
30,15,Expe1,32,4,All,15,3
30,16,Expe1,32,2,All,16,5
30,17,Expe1,32,3,All,17,4
30,18,Expe1,32,6,All,18,3
31,1,Expe1,33,6,All,1,1
31,2,Expe1,33,2,All,2,1
31,3,Expe1,33,3,All,3,1
31,4,Expe1,33,4,All,4,1
31,5,Expe1,33,2,All,5,2
31,6,Expe1,33,5,All,6,1
31,7,Expe1,33,2,All,7,3
31,8,Expe1,33,3,All,8,2
31,9,Expe1,33,6,All,9,2
31,10,Expe1,33,5,All,10,2
31,11,Expe1,33,4,All,11,2
31,12,Expe1,33,6,All,12,3
31,13,Expe1,33,2,All,13,4
31,14,Expe1,33,3,All,14,3
31,15,Expe1,33,4,All,15,3
31,16,Expe1,33,2,All,16,5
31,17,Expe1,33,5,All,17,3
31,18,Expe1,33,2,All,18,6
32,1,Expe1,34,2,All,1,1
32,2,Expe1,34,4,All,2,1
32,3,Expe1,34,6,All,3,1
32,4,Expe1,34,5,All,4,1
32,5,Expe1,34,3,All,5,1
32,6,Expe1,34,3,All,6,2
32,7,Expe1,34,2,All,7,2
32,8,Expe1,34,2,All,8,3
32,9,Expe1,34,6,All,9,2
32,10,Expe1,34,4,All,10,2
32,11,Expe1,34,5,All,11,2
32,12,Expe1,34,2,All,12,4
32,13,Expe1,34,4,All,13,3
32,14,Expe1,34,6,All,14,3
32,15,Expe1,34,5,All,15,3
32,16,Expe1,34,3,All,16,3
32,17,Expe1,34,3,All,17,4
32,18,Expe1,34,2,All,18,5
33,1,Expe1,36,5,All,1,1
33,2,Expe1,36,3,All,2,1
33,3,Expe1,36,4,All,3,1
33,4,Expe1,36,2,All,4,1
33,5,Expe1,36,2,All,5,2
33,6,Expe1,36,2,All,6,3
33,7,Expe1,36,6,All,7,1
33,8,Expe1,36,3,All,8,2
33,9,Expe1,36,5,All,9,2
33,10,Expe1,36,4,All,10,2
33,11,Expe1,36,6,All,11,2
33,12,Expe1,36,5,All,12,3
33,13,Expe1,36,3,All,13,3
33,14,Expe1,36,4,All,14,3
33,15,Expe1,36,2,All,15,4
33,16,Expe1,36,2,All,16,5
33,17,Expe1,36,2,All,17,6
33,18,Expe1,36,6,All,18,3
34,1,Expe1,37,3,All,1,1
34,2,Expe1,37,2,All,2,1
34,3,Expe1,37,5,All,3,1
34,4,Expe1,37,2,All,4,2
34,5,Expe1,37,4,All,5,1
34,6,Expe1,37,3,All,6,2
34,7,Expe1,37,2,All,7,3
34,8,Expe1,37,6,All,8,1
34,9,Expe1,37,4,All,9,2
34,10,Expe1,37,5,All,10,2
34,11,Expe1,37,6,All,11,2
34,12,Expe1,37,3,All,12,3
34,13,Expe1,37,2,All,13,4
34,14,Expe1,37,5,All,14,3
34,15,Expe1,37,2,All,15,5
34,16,Expe1,37,4,All,16,3
34,17,Expe1,37,3,All,17,4
34,18,Expe1,37,2,All,18,6
35,1,Expe1,38,2,All,1,1
35,2,Expe1,38,2,All,2,2
35,3,Expe1,38,3,All,3,1
35,4,Expe1,38,3,All,4,2
35,5,Expe1,38,5,All,5,1
35,6,Expe1,38,6,All,6,1
35,7,Expe1,38,4,All,7,1
35,8,Expe1,38,2,All,8,3
35,9,Expe1,38,5,All,9,2
35,10,Expe1,38,6,All,10,2
35,11,Expe1,38,4,All,11,2
35,12,Expe1,38,2,All,12,4
35,13,Expe1,38,2,All,13,5
35,14,Expe1,38,3,All,14,3
35,15,Expe1,38,3,All,15,4
35,16,Expe1,38,5,All,16,3
35,17,Expe1,38,6,All,17,3
35,18,Expe1,38,4,All,18,3
36,1,Expe1,39,2,All,1,1
36,2,Expe1,39,3,All,2,1
36,3,Expe1,39,2,All,3,2
36,4,Expe1,39,6,All,4,1
36,5,Expe1,39,3,All,5,2
36,6,Expe1,39,2,All,6,3
36,7,Expe1,39,5,All,7,1
36,8,Expe1,39,4,All,8,1
36,9,Expe1,39,6,All,9,2
36,10,Expe1,39,4,All,10,2
36,11,Expe1,39,5,All,11,2
36,12,Expe1,39,2,All,12,4
36,13,Expe1,39,3,All,13,3
36,14,Expe1,39,2,All,14,5
36,15,Expe1,39,6,All,15,3
36,16,Expe1,39,3,All,16,4
36,17,Expe1,39,2,All,17,6
36,18,Expe1,39,5,All,18,3
37,1,Expe1,40,3,All,1,1
37,2,Expe1,40,6,All,2,1
37,3,Expe1,40,2,All,3,1
37,4,Expe1,40,2,All,4,2
37,5,Expe1,40,2,All,5,3
37,6,Expe1,40,4,All,6,1
37,7,Expe1,40,3,All,7,2
37,8,Expe1,40,5,All,8,1
37,9,Expe1,40,6,All,9,2
37,10,Expe1,40,5,All,10,2
37,11,Expe1,40,4,All,11,2
37,12,Expe1,40,3,All,12,3
37,13,Expe1,40,6,All,13,3
37,14,Expe1,40,2,All,14,4
37,15,Expe1,40,2,All,15,5
37,16,Expe1,40,2,All,16,6
37,17,Expe1,40,4,All,17,3
37,18,Expe1,40,3,All,18,4
38,1,Expe1,41,3,All,1,1
38,2,Expe1,41,2,All,2,1
38,3,Expe1,41,6,All,3,1
38,4,Expe1,41,2,All,4,2
38,5,Expe1,41,5,All,5,1
38,6,Expe1,41,3,All,6,2
38,7,Expe1,41,2,All,7,3
38,8,Expe1,41,4,All,8,1
38,9,Expe1,41,6,All,9,2
38,10,Expe1,41,5,All,10,2
38,11,Expe1,41,4,All,11,2
38,12,Expe1,41,3,All,12,3
38,13,Expe1,41,2,All,13,4
38,14,Expe1,41,6,All,14,3
38,15,Expe1,41,2,All,15,5
38,16,Expe1,41,5,All,16,3
38,17,Expe1,41,3,All,17,4
38,18,Expe1,41,2,All,18,6
39,1,Expe1,42,2,All,1,1
39,2,Expe1,42,2,All,2,2
39,3,Expe1,42,3,All,3,1
39,4,Expe1,42,3,All,4,2
39,5,Expe1,42,6,All,5,1
39,6,Expe1,42,4,All,6,1
39,7,Expe1,42,5,All,7,1
39,8,Expe1,42,2,All,8,3
39,9,Expe1,42,4,All,9,2
39,10,Expe1,42,6,All,10,2
39,11,Expe1,42,5,All,11,2
39,12,Expe1,42,2,All,12,4
39,13,Expe1,42,2,All,13,5
39,14,Expe1,42,3,All,14,3
39,15,Expe1,42,3,All,15,4
39,16,Expe1,42,6,All,16,3
39,17,Expe1,42,4,All,17,3
39,18,Expe1,42,5,All,18,3
40,1,Expe1,43,2,All,1,1
40,2,Expe1,43,3,All,2,1
40,3,Expe1,43,2,All,3,2
40,4,Expe1,43,4,All,4,1
40,5,Expe1,43,3,All,5,2
40,6,Expe1,43,2,All,6,3
40,7,Expe1,43,6,All,7,1
40,8,Expe1,43,5,All,8,1
40,9,Expe1,43,4,All,9,2
40,10,Expe1,43,6,All,10,2
40,11,Expe1,43,5,All,11,2
40,12,Expe1,43,2,All,12,4
40,13,Expe1,43,3,All,13,3
40,14,Expe1,43,2,All,14,5
40,15,Expe1,43,4,All,15,3
40,16,Expe1,43,3,All,16,4
40,17,Expe1,43,2,All,17,6
40,18,Expe1,43,6,All,18,3
41,1,Expe1,44,3,All,1,1
41,2,Expe1,44,4,All,2,1
41,3,Expe1,44,2,All,3,1
41,4,Expe1,44,2,All,4,2
41,5,Expe1,44,2,All,5,3
41,6,Expe1,44,5,All,6,1
41,7,Expe1,44,3,All,7,2
41,8,Expe1,44,6,All,8,1
41,9,Expe1,44,4,All,9,2
41,10,Expe1,44,6,All,10,2
41,11,Expe1,44,5,All,11,2
41,12,Expe1,44,3,All,12,3
41,13,Expe1,44,4,All,13,3
41,14,Expe1,44,2,All,14,4
41,15,Expe1,44,2,All,15,5
41,16,Expe1,44,2,All,16,6
41,17,Expe1,44,5,All,17,3
41,18,Expe1,44,3,All,18,4
42,1,Expe1,45,4,All,1,1
42,2,Expe1,45,2,All,2,1
42,3,Expe1,45,3,All,3,1
42,4,Expe1,45,5,All,4,1
42,5,Expe1,45,2,All,5,2
42,6,Expe1,45,6,All,6,1
42,7,Expe1,45,2,All,7,3
42,8,Expe1,45,3,All,8,2
42,9,Expe1,45,5,All,9,2
42,10,Expe1,45,4,All,10,2
42,11,Expe1,45,6,All,11,2
42,12,Expe1,45,4,All,12,3
42,13,Expe1,45,2,All,13,4
42,14,Expe1,45,3,All,14,3
42,15,Expe1,45,5,All,15,3
42,16,Expe1,45,2,All,16,5
42,17,Expe1,45,6,All,17,3
42,18,Expe1,45,2,All,18,6
43,1,Expe1,46,2,All,1,1
43,2,Expe1,46,5,All,2,1
43,3,Expe1,46,4,All,3,1
43,4,Expe1,46,6,All,4,1
43,5,Expe1,46,3,All,5,1
43,6,Expe1,46,3,All,6,2
43,7,Expe1,46,2,All,7,2
43,8,Expe1,46,2,All,8,3
43,9,Expe1,46,5,All,9,2
43,10,Expe1,46,6,All,10,2
43,11,Expe1,46,4,All,11,2
43,12,Expe1,46,2,All,12,4
43,13,Expe1,46,5,All,13,3
43,14,Expe1,46,4,All,14,3
43,15,Expe1,46,6,All,15,3
43,16,Expe1,46,3,All,16,3
43,17,Expe1,46,3,All,17,4
43,18,Expe1,46,2,All,18,5
44,1,Expe1,47,5,All,1,1
44,2,Expe1,47,6,All,2,1
44,3,Expe1,47,2,All,3,1
44,4,Expe1,47,3,All,4,1
44,5,Expe1,47,4,All,5,1
44,6,Expe1,47,2,All,6,2
44,7,Expe1,47,3,All,7,2
44,8,Expe1,47,2,All,8,3
44,9,Expe1,47,5,All,9,2
44,10,Expe1,47,6,All,10,2
44,11,Expe1,47,4,All,11,2
44,12,Expe1,47,5,All,12,3
44,13,Expe1,47,6,All,13,3
44,14,Expe1,47,2,All,14,4
44,15,Expe1,47,3,All,15,3
44,16,Expe1,47,4,All,16,3
44,17,Expe1,47,2,All,17,5
44,18,Expe1,47,3,All,18,4
45,1,Expe1,48,6,All,1,1
45,2,Expe1,48,3,All,2,1
45,3,Expe1,48,5,All,3,1
45,4,Expe1,48,2,All,4,1
45,5,Expe1,48,2,All,5,2
45,6,Expe1,48,2,All,6,3
45,7,Expe1,48,4,All,7,1
45,8,Expe1,48,3,All,8,2
45,9,Expe1,48,5,All,9,2
45,10,Expe1,48,6,All,10,2
45,11,Expe1,48,4,All,11,2
45,12,Expe1,48,6,All,12,3
45,13,Expe1,48,3,All,13,3
45,14,Expe1,48,5,All,14,3
45,15,Expe1,48,2,All,15,4
45,16,Expe1,48,2,All,16,5
45,17,Expe1,48,2,All,17,6
45,18,Expe1,48,4,All,18,3
46,1,Expe1,49,2,All,1,1
46,2,Expe1,49,3,All,2,1
46,3,Expe1,49,6,All,3,1
46,4,Expe1,49,3,All,4,2
46,5,Expe1,49,2,All,5,2
46,6,Expe1,49,2,All,6,3
46,7,Expe1,49,5,All,7,1
46,8,Expe1,49,4,All,8,1
46,9,Expe1,49,6,All,9,2
46,10,Expe1,49,5,All,10,2
46,11,Expe1,49,4,All,11,2
46,12,Expe1,49,2,All,12,4
46,13,Expe1,49,3,All,13,3
46,14,Expe1,49,6,All,14,3
46,15,Expe1,49,3,All,15,4
46,16,Expe1,49,2,All,16,5
46,17,Expe1,49,2,All,17,6
46,18,Expe1,49,5,All,18,3
47,1,Expe1,50,3,All,1,1
47,2,Expe1,50,3,All,2,2
47,3,Expe1,50,2,All,3,1
47,4,Expe1,50,2,All,4,2
47,5,Expe1,50,6,All,5,1
47,6,Expe1,50,4,All,6,1
47,7,Expe1,50,2,All,7,3
47,8,Expe1,50,5,All,8,1
47,9,Expe1,50,4,All,9,2
47,10,Expe1,50,6,All,10,2
47,11,Expe1,50,5,All,11,2
47,12,Expe1,50,3,All,12,3
47,13,Expe1,50,3,All,13,4
47,14,Expe1,50,2,All,14,4
47,15,Expe1,50,2,All,15,5
47,16,Expe1,50,6,All,16,3
47,17,Expe1,50,4,All,17,3
47,18,Expe1,50,2,All,18,6
48,1,Expe1,51,3,All,1,1
48,2,Expe1,51,2,All,2,1
48,3,Expe1,51,3,All,3,2
48,4,Expe1,51,4,All,4,1
48,5,Expe1,51,2,All,5,2
48,6,Expe1,51,5,All,6,1
48,7,Expe1,51,6,All,7,1
48,8,Expe1,51,2,All,8,3
48,9,Expe1,51,5,All,9,2
48,10,Expe1,51,4,All,10,2
48,11,Expe1,51,6,All,11,2
48,12,Expe1,51,3,All,12,3
48,13,Expe1,51,2,All,13,4
48,14,Expe1,51,3,All,14,4
48,15,Expe1,51,4,All,15,3
48,16,Expe1,51,2,All,16,5
48,17,Expe1,51,5,All,17,3
48,18,Expe1,51,6,All,18,3
49,1,Expe1,52,2,All,1,1
49,2,Expe1,52,4,All,2,1
49,3,Expe1,52,3,All,3,1
49,4,Expe1,52,5,All,4,1
49,5,Expe1,52,3,All,5,2
49,6,Expe1,52,2,All,6,2
49,7,Expe1,52,2,All,7,3
49,8,Expe1,52,6,All,8,1
49,9,Expe1,52,4,All,9,2
49,10,Expe1,52,6,All,10,2
49,11,Expe1,52,5,All,11,2
49,12,Expe1,52,2,All,12,4
49,13,Expe1,52,4,All,13,3
49,14,Expe1,52,3,All,14,3
49,15,Expe1,52,5,All,15,3
49,16,Expe1,52,3,All,16,4
49,17,Expe1,52,2,All,17,5
49,18,Expe1,52,2,All,18,6
50,1,Expe1,53,4,All,1,1
50,2,Expe1,53,5,All,2,1
50,3,Expe1,53,2,All,3,1
50,4,Expe1,53,2,All,4,2
50,5,Expe1,53,3,All,5,1
50,6,Expe1,53,6,All,6,1
50,7,Expe1,53,3,All,7,2
50,8,Expe1,53,2,All,8,3
50,9,Expe1,53,5,All,9,2
50,10,Expe1,53,4,All,10,2
50,11,Expe1,53,6,All,11,2
50,12,Expe1,53,4,All,12,3
50,13,Expe1,53,5,All,13,3
50,14,Expe1,53,2,All,14,4
50,15,Expe1,53,2,All,15,5
50,16,Expe1,53,3,All,16,3
50,17,Expe1,53,6,All,17,3
50,18,Expe1,53,3,All,18,4
51,1,Expe1,54,5,All,1,1
51,2,Expe1,54,2,All,2,1
51,3,Expe1,54,4,All,3,1
51,4,Expe1,54,6,All,4,1
51,5,Expe1,54,2,All,5,2
51,6,Expe1,54,2,All,6,3
51,7,Expe1,54,3,All,7,1
51,8,Expe1,54,3,All,8,2
51,9,Expe1,54,5,All,9,2
51,10,Expe1,54,6,All,10,2
51,11,Expe1,54,4,All,11,2
51,12,Expe1,54,5,All,12,3
51,13,Expe1,54,2,All,13,4
51,14,Expe1,54,4,All,14,3
51,15,Expe1,54,6,All,15,3
51,16,Expe1,54,2,All,16,5
51,17,Expe1,54,2,All,17,6
51,18,Expe1,54,3,All,18,3
52,1,Expe1,55,2,All,1,1
52,2,Expe1,55,6,All,2,1
52,3,Expe1,55,5,All,3,1
52,4,Expe1,55,2,All,4,2
52,5,Expe1,55,4,All,5,1
52,6,Expe1,55,3,All,6,1
52,7,Expe1,55,2,All,7,3
52,8,Expe1,55,3,All,8,2
52,9,Expe1,55,6,All,9,2
52,10,Expe1,55,5,All,10,2
52,11,Expe1,55,4,All,11,2
52,12,Expe1,55,2,All,12,4
52,13,Expe1,55,6,All,13,3
52,14,Expe1,55,5,All,14,3
52,15,Expe1,55,2,All,15,5
52,16,Expe1,55,4,All,16,3
52,17,Expe1,55,3,All,17,3
52,18,Expe1,55,2,All,18,6
53,1,Expe1,56,6,All,1,1
53,2,Expe1,56,2,All,2,1
53,3,Expe1,56,2,All,3,2
53,4,Expe1,56,3,All,4,1
53,5,Expe1,56,5,All,5,1
53,6,Expe1,56,3,All,6,2
53,7,Expe1,56,4,All,7,1
53,8,Expe1,56,2,All,8,3
53,9,Expe1,56,6,All,9,2
53,10,Expe1,56,5,All,10,2
53,11,Expe1,56,4,All,11,2
53,12,Expe1,56,6,All,12,3
53,13,Expe1,56,2,All,13,4
53,14,Expe1,56,2,All,14,5
53,15,Expe1,56,3,All,15,3
53,16,Expe1,56,5,All,16,3
53,17,Expe1,56,3,All,17,4
53,18,Expe1,56,4,All,18,3
54,1,Expe1,57,2,All,1,1
54,2,Expe1,57,2,All,2,2
54,3,Expe1,57,2,All,3,3
54,4,Expe1,57,3,All,4,1
54,5,Expe1,57,6,All,5,1
54,6,Expe1,57,4,All,6,1
54,7,Expe1,57,5,All,7,1
54,8,Expe1,57,3,All,8,2
54,9,Expe1,57,4,All,9,2
54,10,Expe1,57,6,All,10,2
54,11,Expe1,57,5,All,11,2
54,12,Expe1,57,2,All,12,4
54,13,Expe1,57,2,All,13,5
54,14,Expe1,57,2,All,14,6
54,15,Expe1,57,3,All,15,3
54,16,Expe1,57,6,All,16,3
54,17,Expe1,57,4,All,17,3
54,18,Expe1,57,5,All,18,3
55,1,Expe1,58,2,All,1,1
55,2,Expe1,58,3,All,2,1
55,3,Expe1,58,2,All,3,2
55,4,Expe1,58,4,All,4,1
55,5,Expe1,58,2,All,5,3
55,6,Expe1,58,3,All,6,2
55,7,Expe1,58,6,All,7,1
55,8,Expe1,58,5,All,8,1
55,9,Expe1,58,4,All,9,2
55,10,Expe1,58,5,All,10,2
55,11,Expe1,58,6,All,11,2
55,12,Expe1,58,2,All,12,4
55,13,Expe1,58,3,All,13,3
55,14,Expe1,58,2,All,14,5
55,15,Expe1,58,4,All,15,3
55,16,Expe1,58,2,All,16,6
55,17,Expe1,58,3,All,17,4
55,18,Expe1,58,6,All,18,3
56,1,Expe1,59,3,All,1,1
56,2,Expe1,59,4,All,2,1
56,3,Expe1,59,2,All,3,1
56,4,Expe1,59,3,All,4,2
56,5,Expe1,59,2,All,5,2
56,6,Expe1,59,5,All,6,1
56,7,Expe1,59,2,All,7,3
56,8,Expe1,59,6,All,8,1
56,9,Expe1,59,4,All,9,2
56,10,Expe1,59,6,All,10,2
56,11,Expe1,59,5,All,11,2
56,12,Expe1,59,3,All,12,3
56,13,Expe1,59,4,All,13,3
56,14,Expe1,59,2,All,14,4
56,15,Expe1,59,3,All,15,4
56,16,Expe1,59,2,All,16,5
56,17,Expe1,59,5,All,17,3
56,18,Expe1,59,2,All,18,6
57,1,Expe1,60,4,All,1,1
57,2,Expe1,60,3,All,2,1
57,3,Expe1,60,3,All,3,2
57,4,Expe1,60,5,All,4,1
57,5,Expe1,60,2,All,5,1
57,6,Expe1,60,6,All,6,1
57,7,Expe1,60,2,All,7,2
57,8,Expe1,60,2,All,8,3
57,9,Expe1,60,5,All,9,2
57,10,Expe1,60,4,All,10,2
57,11,Expe1,60,6,All,11,2
57,12,Expe1,60,4,All,12,3
57,13,Expe1,60,3,All,13,3
57,14,Expe1,60,3,All,14,4
57,15,Expe1,60,5,All,15,3
57,16,Expe1,60,2,All,16,4
57,17,Expe1,60,6,All,17,3
57,18,Expe1,60,2,All,18,5
58,1,Expe1,61,3,All,1,1
58,2,Expe1,61,5,All,2,1
58,3,Expe1,61,4,All,3,1
58,4,Expe1,61,6,All,4,1
58,5,Expe1,61,3,All,5,2
58,6,Expe1,61,2,All,6,1
58,7,Expe1,61,2,All,7,2
58,8,Expe1,61,2,All,8,3
58,9,Expe1,61,5,All,9,2
58,10,Expe1,61,4,All,10,2
58,11,Expe1,61,6,All,11,2
58,12,Expe1,61,3,All,12,3
58,13,Expe1,61,5,All,13,3
58,14,Expe1,61,4,All,14,3
58,15,Expe1,61,6,All,15,3
58,16,Expe1,61,3,All,16,4
58,17,Expe1,61,2,All,17,4
58,18,Expe1,61,2,All,18,5
59,1,Expe1,62,5,All,1,1
59,2,Expe1,62,6,All,2,1
59,3,Expe1,62,3,All,3,1
59,4,Expe1,62,2,All,4,1
59,5,Expe1,62,4,All,5,1
59,6,Expe1,62,2,All,6,2
59,7,Expe1,62,3,All,7,2
59,8,Expe1,62,2,All,8,3
59,9,Expe1,62,5,All,9,2
59,10,Expe1,62,6,All,10,2
59,11,Expe1,62,4,All,11,2
59,12,Expe1,62,5,All,12,3
59,13,Expe1,62,6,All,13,3
59,14,Expe1,62,3,All,14,3
59,15,Expe1,62,2,All,15,4
59,16,Expe1,62,4,All,16,3
59,17,Expe1,62,2,All,17,5
59,18,Expe1,62,3,All,18,4
60,1,Expe1,64,2,All,1,1
60,2,Expe1,64,2,All,2,2
60,3,Expe1,64,6,All,3,1
60,4,Expe1,64,2,All,4,3
60,5,Expe1,64,5,All,5,1
60,6,Expe1,64,3,All,6,1
60,7,Expe1,64,3,All,7,2
60,8,Expe1,64,4,All,8,1
60,9,Expe1,64,5,All,9,2
60,10,Expe1,64,4,All,10,2
60,11,Expe1,64,6,All,11,2
60,12,Expe1,64,2,All,12,4
60,13,Expe1,64,2,All,13,5
60,14,Expe1,64,6,All,14,3
60,15,Expe1,64,2,All,15,6
60,16,Expe1,64,5,All,16,3
60,17,Expe1,64,3,All,17,3
60,18,Expe1,64,3,All,18,4
61,1,Expe1,65,2,All,1,1
61,2,Expe1,65,5,All,2,1
61,3,Expe1,65,3,All,3,1
61,4,Expe1,65,2,All,4,2
61,5,Expe1,65,2,All,5,3
61,6,Expe1,65,3,All,6,2
61,7,Expe1,65,4,All,7,1
61,8,Expe1,65,6,All,8,1
61,9,Expe1,65,5,All,9,2
61,10,Expe1,65,6,All,10,2
61,11,Expe1,65,4,All,11,2
61,12,Expe1,65,2,All,12,4
61,13,Expe1,65,5,All,13,3
61,14,Expe1,65,3,All,14,3
61,15,Expe1,65,2,All,15,5
61,16,Expe1,65,2,All,16,6
61,17,Expe1,65,3,All,17,4
61,18,Expe1,65,4,All,18,3
62,1,Expe1,66,5,All,1,1
62,2,Expe1,66,2,All,2,1
62,3,Expe1,66,2,All,3,2
62,4,Expe1,66,3,All,4,1
62,5,Expe1,66,3,All,5,2
62,6,Expe1,66,6,All,6,1
62,7,Expe1,66,2,All,7,3
62,8,Expe1,66,4,All,8,1
62,9,Expe1,66,6,All,9,2
62,10,Expe1,66,5,All,10,2
62,11,Expe1,66,4,All,11,2
62,12,Expe1,66,5,All,12,3
62,13,Expe1,66,2,All,13,4
62,14,Expe1,66,2,All,14,5
62,15,Expe1,66,3,All,15,3
62,16,Expe1,66,3,All,16,4
62,17,Expe1,66,6,All,17,3
62,18,Expe1,66,2,All,18,6
63,1,Expe1,67,2,All,1,1
63,2,Expe1,67,3,All,2,1
63,3,Expe1,67,5,All,3,1
63,4,Expe1,67,6,All,4,1
63,5,Expe1,67,2,All,5,2
63,6,Expe1,67,4,All,6,1
63,7,Expe1,67,3,All,7,2
63,8,Expe1,67,2,All,8,3
63,9,Expe1,67,5,All,9,2
63,10,Expe1,67,4,All,10,2
63,11,Expe1,67,6,All,11,2
63,12,Expe1,67,2,All,12,4
63,13,Expe1,67,3,All,13,3
63,14,Expe1,67,5,All,14,3
63,15,Expe1,67,6,All,15,3
63,16,Expe1,67,2,All,16,5
63,17,Expe1,67,4,All,17,3
63,18,Expe1,67,3,All,18,4
64,1,Expe1,68,3,All,1,1
64,2,Expe1,68,6,All,2,1
64,3,Expe1,68,2,All,3,1
64,4,Expe1,68,4,All,4,1
64,5,Expe1,68,5,All,5,1
64,6,Expe1,68,2,All,6,2
64,7,Expe1,68,2,All,7,3
64,8,Expe1,68,3,All,8,2
64,9,Expe1,68,5,All,9,2
64,10,Expe1,68,6,All,10,2
64,11,Expe1,68,4,All,11,2
64,12,Expe1,68,3,All,12,3
64,13,Expe1,68,6,All,13,3
64,14,Expe1,68,2,All,14,4
64,15,Expe1,68,4,All,15,3
64,16,Expe1,68,5,All,16,3
64,17,Expe1,68,2,All,17,5
64,18,Expe1,68,2,All,18,6
65,1,Expe1,69,6,All,1,1
65,2,Expe1,69,4,All,2,1
65,3,Expe1,69,3,All,3,1
65,4,Expe1,69,2,All,4,1
65,5,Expe1,69,2,All,5,2
65,6,Expe1,69,3,All,6,2
65,7,Expe1,69,5,All,7,1
65,8,Expe1,69,2,All,8,3
65,9,Expe1,69,4,All,9,2
65,10,Expe1,69,6,All,10,2
65,11,Expe1,69,5,All,11,2
65,12,Expe1,69,6,All,12,3
65,13,Expe1,69,4,All,13,3
65,14,Expe1,69,3,All,14,3
65,15,Expe1,69,2,All,15,4
65,16,Expe1,69,2,All,16,5
65,17,Expe1,69,3,All,17,4
65,18,Expe1,69,5,All,18,3
66,1,Expe1,70,4,All,1,1
66,2,Expe1,70,2,All,2,1
66,3,Expe1,70,6,All,3,1
66,4,Expe1,70,3,All,4,1
66,5,Expe1,70,3,All,5,2
66,6,Expe1,70,2,All,6,2
66,7,Expe1,70,2,All,7,3
66,8,Expe1,70,5,All,8,1
66,9,Expe1,70,4,All,9,2
66,10,Expe1,70,6,All,10,2
66,11,Expe1,70,5,All,11,2
66,12,Expe1,70,4,All,12,3
66,13,Expe1,70,2,All,13,4
66,14,Expe1,70,6,All,14,3
66,15,Expe1,70,3,All,15,3
66,16,Expe1,70,3,All,16,4
66,17,Expe1,70,2,All,17,5
66,18,Expe1,70,2,All,18,6
67,1,Expe1,71,2,All,1,1
67,2,Expe1,71,3,All,2,1
67,3,Expe1,71,4,All,3,1
67,4,Expe1,71,2,All,4,2
67,5,Expe1,71,6,All,5,1
67,6,Expe1,71,5,All,6,1
67,7,Expe1,71,3,All,7,2
67,8,Expe1,71,2,All,8,3
67,9,Expe1,71,5,All,9,2
67,10,Expe1,71,6,All,10,2
67,11,Expe1,71,4,All,11,2
67,12,Expe1,71,2,All,12,4
67,13,Expe1,71,3,All,13,3
67,14,Expe1,71,4,All,14,3
67,15,Expe1,71,2,All,15,5
67,16,Expe1,71,6,All,16,3
67,17,Expe1,71,5,All,17,3
67,18,Expe1,71,3,All,18,4
68,1,Expe1,72,3,All,1,1
68,2,Expe1,72,2,All,2,1
68,3,Expe1,72,2,All,3,2
68,4,Expe1,72,5,All,4,1
68,5,Expe1,72,4,All,5,1
68,6,Expe1,72,2,All,6,3
68,7,Expe1,72,6,All,7,1
68,8,Expe1,72,3,All,8,2
68,9,Expe1,72,4,All,9,2
68,10,Expe1,72,6,All,10,2
68,11,Expe1,72,5,All,11,2
68,12,Expe1,72,3,All,12,3
68,13,Expe1,72,2,All,13,4
68,14,Expe1,72,2,All,14,5
68,15,Expe1,72,5,All,15,3
68,16,Expe1,72,4,All,16,3
68,17,Expe1,72,2,All,17,6
68,18,Expe1,72,6,All,18,3
69,1,Expe1,73,2,All,1,1
69,2,Expe1,73,5,All,2,1
69,3,Expe1,73,2,All,3,2
69,4,Expe1,73,4,All,4,1
69,5,Expe1,73,6,All,5,1
69,6,Expe1,73,3,All,6,1
69,7,Expe1,73,3,All,7,2
69,8,Expe1,73,2,All,8,3
69,9,Expe1,73,5,All,9,2
69,10,Expe1,73,6,All,10,2
69,11,Expe1,73,4,All,11,2
69,12,Expe1,73,2,All,12,4
69,13,Expe1,73,5,All,13,3
69,14,Expe1,73,2,All,14,5
69,15,Expe1,73,4,All,15,3
69,16,Expe1,73,6,All,16,3
69,17,Expe1,73,3,All,17,3
69,18,Expe1,73,3,All,18,4
70,1,Expe1,74,5,All,1,1
70,2,Expe1,74,4,All,2,1
70,3,Expe1,74,2,All,3,1
70,4,Expe1,74,3,All,4,1
70,5,Expe1,74,2,All,5,2
70,6,Expe1,74,2,All,6,3
70,7,Expe1,74,6,All,7,1
70,8,Expe1,74,3,All,8,2
70,9,Expe1,74,5,All,9,2
70,10,Expe1,74,4,All,10,2
70,11,Expe1,74,6,All,11,2
70,12,Expe1,74,5,All,12,3
70,13,Expe1,74,4,All,13,3
70,14,Expe1,74,2,All,14,4
70,15,Expe1,74,3,All,15,3
70,16,Expe1,74,2,All,16,5
70,17,Expe1,74,2,All,17,6
70,18,Expe1,74,6,All,18,3
71,1,Expe1,75,4,All,1,1
71,2,Expe1,75,3,All,2,1
71,3,Expe1,75,5,All,3,1
71,4,Expe1,75,2,All,4,1
71,5,Expe1,75,2,All,5,2
71,6,Expe1,75,3,All,6,2
71,7,Expe1,75,2,All,7,3
71,8,Expe1,75,6,All,8,1
71,9,Expe1,75,4,All,9,2
71,10,Expe1,75,5,All,10,2
71,11,Expe1,75,6,All,11,2
71,12,Expe1,75,4,All,12,3
71,13,Expe1,75,3,All,13,3
71,14,Expe1,75,5,All,14,3
71,15,Expe1,75,2,All,15,4
71,16,Expe1,75,2,All,16,5
71,17,Expe1,75,3,All,17,4
71,18,Expe1,75,2,All,18,6
72,1,Expe1,76,3,All,1,1
72,2,Expe1,76,2,All,2,1
72,3,Expe1,76,4,All,3,1
72,4,Expe1,76,3,All,4,2
72,5,Expe1,76,5,All,5,1
72,6,Expe1,76,6,All,6,1
72,7,Expe1,76,2,All,7,2
72,8,Expe1,76,2,All,8,3
72,9,Expe1,76,4,All,9,2
72,10,Expe1,76,6,All,10,2
72,11,Expe1,76,5,All,11,2
72,12,Expe1,76,3,All,12,3
72,13,Expe1,76,2,All,13,4
72,14,Expe1,76,4,All,14,3
72,15,Expe1,76,3,All,15,4
72,16,Expe1,76,5,All,16,3
72,17,Expe1,76,6,All,17,3
72,18,Expe1,76,2,All,18,5
73,1,Expe1,77,2,All,1,1
73,2,Expe1,77,3,All,2,1
73,3,Expe1,77,3,All,3,2
73,4,Expe1,77,6,All,4,1
73,5,Expe1,77,4,All,5,1
73,6,Expe1,77,2,All,6,2
73,7,Expe1,77,5,All,7,1
73,8,Expe1,77,2,All,8,3
73,9,Expe1,77,6,All,9,2
73,10,Expe1,77,4,All,10,2
73,11,Expe1,77,5,All,11,2
73,12,Expe1,77,2,All,12,4
73,13,Expe1,77,3,All,13,3
73,14,Expe1,77,3,All,14,4
73,15,Expe1,77,6,All,15,3
73,16,Expe1,77,4,All,16,3
73,17,Expe1,77,2,All,17,5
73,18,Expe1,77,5,All,18,3
74,1,Expe1,78,3,All,1,1
74,2,Expe1,78,6,All,2,1
74,3,Expe1,78,2,All,3,1
74,4,Expe1,78,2,All,4,2
74,5,Expe1,78,3,All,5,2
74,6,Expe1,78,2,All,6,3
74,7,Expe1,78,4,All,7,1
74,8,Expe1,78,5,All,8,1
74,9,Expe1,78,6,All,9,2
74,10,Expe1,78,5,All,10,2
74,11,Expe1,78,4,All,11,2
74,12,Expe1,78,3,All,12,3
74,13,Expe1,78,6,All,13,3
74,14,Expe1,78,2,All,14,4
74,15,Expe1,78,2,All,15,5
74,16,Expe1,78,3,All,16,4
74,17,Expe1,78,2,All,17,6
74,18,Expe1,78,4,All,18,3
75,1,Expe1,79,6,All,1,1
75,2,Expe1,79,2,All,2,1
75,3,Expe1,79,3,All,3,1
75,4,Expe1,79,2,All,4,2
75,5,Expe1,79,2,All,5,3
75,6,Expe1,79,5,All,6,1
75,7,Expe1,79,3,All,7,2
75,8,Expe1,79,4,All,8,1
75,9,Expe1,79,5,All,9,2
75,10,Expe1,79,6,All,10,2
75,11,Expe1,79,4,All,11,2
75,12,Expe1,79,6,All,12,3
75,13,Expe1,79,2,All,13,4
75,14,Expe1,79,3,All,14,3
75,15,Expe1,79,2,All,15,5
75,16,Expe1,79,2,All,16,6
75,17,Expe1,79,5,All,17,3
75,18,Expe1,79,3,All,18,4
76,1,Expe1,80,2,All,1,1
76,2,Expe1,80,2,All,2,2
76,3,Expe1,80,6,All,3,1
76,4,Expe1,80,5,All,4,1
76,5,Expe1,80,3,All,5,1
76,6,Expe1,80,4,All,6,1
76,7,Expe1,80,2,All,7,3
76,8,Expe1,80,3,All,8,2
76,9,Expe1,80,6,All,9,2
76,10,Expe1,80,5,All,10,2
76,11,Expe1,80,4,All,11,2
76,12,Expe1,80,2,All,12,4
76,13,Expe1,80,2,All,13,5
76,14,Expe1,80,6,All,14,3
76,15,Expe1,80,5,All,15,3
76,16,Expe1,80,3,All,16,3
76,17,Expe1,80,4,All,17,3
76,18,Expe1,80,2,All,18,6
77,1,Expe1,88,6,All,1,1
77,2,Expe1,88,4,All,2,1
77,3,Expe1,88,2,All,3,1
77,4,Expe1,88,2,All,4,2
77,5,Expe1,88,2,All,5,3
77,6,Expe1,88,3,All,6,1
77,7,Expe1,88,5,All,7,1
77,8,Expe1,88,3,All,8,2
77,9,Expe1,88,6,All,9,2
77,10,Expe1,88,4,All,10,2
77,11,Expe1,88,5,All,11,2
77,12,Expe1,88,6,All,12,3
77,13,Expe1,88,4,All,13,3
77,14,Expe1,88,2,All,14,4
77,15,Expe1,88,2,All,15,5
77,16,Expe1,88,2,All,16,6
77,17,Expe1,88,3,All,17,3
77,18,Expe1,88,5,All,18,3
78,1,Expe1,96,2,All,1,1
78,2,Expe1,96,2,All,2,2
78,3,Expe1,96,2,All,3,3
78,4,Expe1,96,6,All,4,1
78,5,Expe1,96,3,All,5,1
78,6,Expe1,96,3,All,6,2
78,7,Expe1,96,4,All,7,1
78,8,Expe1,96,5,All,8,1
78,9,Expe1,96,6,All,9,2
78,10,Expe1,96,5,All,10,2
78,11,Expe1,96,4,All,11,2
78,12,Expe1,96,2,All,12,4
78,13,Expe1,96,2,All,13,5
78,14,Expe1,96,2,All,14,6
78,15,Expe1,96,6,All,15,3
78,16,Expe1,96,3,All,16,3
78,17,Expe1,96,3,All,17,4
78,18,Expe1,96,4,All,18,3
79,1,Expe1,102,6,All,1,1
79,2,Expe1,102,5,All,2,1
79,3,Expe1,102,2,All,3,1
79,4,Expe1,102,3,All,4,1
79,5,Expe1,102,2,All,5,2
79,6,Expe1,102,3,All,6,2
79,7,Expe1,102,2,All,7,3
79,8,Expe1,102,4,All,8,1
79,9,Expe1,102,6,All,9,2
79,10,Expe1,102,5,All,10,2
79,11,Expe1,102,4,All,11,2
79,12,Expe1,102,6,All,12,3
79,13,Expe1,102,5,All,13,3
79,14,Expe1,102,2,All,14,4
79,15,Expe1,102,3,All,15,3
79,16,Expe1,102,2,All,16,5
79,17,Expe1,102,3,All,17,4
79,18,Expe1,102,2,All,18,6
80,1,Expe3,1,5,All,1,1
80,2,Expe3,1,1,All,2,1
80,3,Expe3,1,4,All,3,1
80,4,Expe3,1,3,All,4,1
80,5,Expe3,1,3,All,5,2
80,6,Expe3,1,2,All,6,1
80,7,Expe3,1,2,All,7,2
80,8,Expe3,1,2,All,8,3
80,9,Expe3,1,6,All,9,1
80,10,Expe3,1,5,All,10,2
80,11,Expe3,1,1,All,11,2
80,12,Expe3,1,4,All,12,2
80,13,Expe3,1,6,All,13,2
80,14,Expe3,1,5,All,14,3
80,15,Expe3,1,4,All,15,3
80,16,Expe3,1,3,All,16,3
80,17,Expe3,1,3,All,17,4
80,18,Expe3,1,2,All,18,4
80,19,Expe3,1,2,All,19,5
80,20,Expe3,1,2,All,20,6
80,21,Expe3,1,1,All,21,3
80,22,Expe3,1,6,All,22,3
81,1,Expe3,2,4,All,1,1
81,2,Expe3,2,1,All,2,1
81,3,Expe3,2,3,All,3,1
81,4,Expe3,2,5,All,4,1
81,5,Expe3,2,2,All,5,1
81,6,Expe3,2,3,All,6,2
81,7,Expe3,2,6,All,7,1
81,8,Expe3,2,2,All,8,2
81,9,Expe3,2,2,All,9,3
81,10,Expe3,2,6,All,10,2
81,11,Expe3,2,1,All,11,2
81,12,Expe3,2,4,All,12,2
81,13,Expe3,2,5,All,13,2
81,14,Expe3,2,4,All,14,3
81,15,Expe3,2,3,All,15,3
81,16,Expe3,2,5,All,16,3
81,17,Expe3,2,2,All,17,4
81,18,Expe3,2,3,All,18,4
81,19,Expe3,2,6,All,19,3
81,20,Expe3,2,2,All,20,5
81,21,Expe3,2,1,All,21,3
81,22,Expe3,2,2,All,22,6
82,1,Expe3,3,3,All,1,1
82,2,Expe3,3,1,All,2,1
82,3,Expe3,3,2,All,3,1
82,4,Expe3,3,4,All,4,1
82,5,Expe3,3,6,All,5,1
82,6,Expe3,3,5,All,6,1
82,7,Expe3,3,2,All,7,2
82,8,Expe3,3,3,All,8,2
82,9,Expe3,3,2,All,9,3
82,10,Expe3,3,5,All,10,2
82,11,Expe3,3,1,All,11,2
82,12,Expe3,3,4,All,12,2
82,13,Expe3,3,6,All,13,2
82,14,Expe3,3,3,All,14,3
82,15,Expe3,3,2,All,15,4
82,16,Expe3,3,4,All,16,3
82,17,Expe3,3,6,All,17,3
82,18,Expe3,3,5,All,18,3
82,19,Expe3,3,2,All,19,5
82,20,Expe3,3,3,All,20,4
82,21,Expe3,3,1,All,21,3
82,22,Expe3,3,2,All,22,6
83,1,Expe3,4,2,All,1,1
83,2,Expe3,4,1,All,2,1
83,3,Expe3,4,6,All,3,1
83,4,Expe3,4,3,All,4,1
83,5,Expe3,4,2,All,5,2
83,6,Expe3,4,4,All,6,1
83,7,Expe3,4,2,All,7,3
83,8,Expe3,4,5,All,8,1
83,9,Expe3,4,3,All,9,2
83,10,Expe3,4,6,All,10,2
83,11,Expe3,4,1,All,11,2
83,12,Expe3,4,4,All,12,2
83,13,Expe3,4,5,All,13,2
83,14,Expe3,4,2,All,14,4
83,15,Expe3,4,6,All,15,3
83,16,Expe3,4,3,All,16,3
83,17,Expe3,4,2,All,17,5
83,18,Expe3,4,4,All,18,3
83,19,Expe3,4,2,All,19,6
83,20,Expe3,4,5,All,20,3
83,21,Expe3,4,1,All,21,3
83,22,Expe3,4,3,All,22,4
84,1,Expe3,5,6,All,1,1
84,2,Expe3,5,1,All,2,1
84,3,Expe3,5,2,All,3,1
84,4,Expe3,5,2,All,4,2
84,5,Expe3,5,2,All,5,3
84,6,Expe3,5,3,All,6,1
84,7,Expe3,5,3,All,7,2
84,8,Expe3,5,4,All,8,1
84,9,Expe3,5,5,All,9,1
84,10,Expe3,5,6,All,10,2
84,11,Expe3,5,1,All,11,2
84,12,Expe3,5,5,All,12,2
84,13,Expe3,5,4,All,13,2
84,14,Expe3,5,6,All,14,3
84,15,Expe3,5,2,All,15,4
84,16,Expe3,5,2,All,16,5
84,17,Expe3,5,2,All,17,6
84,18,Expe3,5,3,All,18,3
84,19,Expe3,5,3,All,19,4
84,20,Expe3,5,4,All,20,3
84,21,Expe3,5,1,All,21,3
84,22,Expe3,5,5,All,22,3
85,1,Expe3,6,2,All,1,1
85,2,Expe3,6,1,All,2,1
85,3,Expe3,6,2,All,3,2
85,4,Expe3,6,6,All,4,1
85,5,Expe3,6,3,All,5,1
85,6,Expe3,6,2,All,6,3
85,7,Expe3,6,5,All,7,1
85,8,Expe3,6,3,All,8,2
85,9,Expe3,6,4,All,9,1
85,10,Expe3,6,5,All,10,2
85,11,Expe3,6,1,All,11,2
85,12,Expe3,6,4,All,12,2
85,13,Expe3,6,6,All,13,2
85,14,Expe3,6,2,All,14,4
85,15,Expe3,6,2,All,15,5
85,16,Expe3,6,6,All,16,3
85,17,Expe3,6,3,All,17,3
85,18,Expe3,6,2,All,18,6
85,19,Expe3,6,5,All,19,3
85,20,Expe3,6,3,All,20,4
85,21,Expe3,6,1,All,21,3
85,22,Expe3,6,4,All,22,3
86,1,Expe3,7,6,All,1,1
86,2,Expe3,7,1,All,2,1
86,3,Expe3,7,2,All,3,1
86,4,Expe3,7,3,All,4,1
86,5,Expe3,7,2,All,5,2
86,6,Expe3,7,3,All,6,2
86,7,Expe3,7,5,All,7,1
86,8,Expe3,7,4,All,8,1
86,9,Expe3,7,2,All,9,3
86,10,Expe3,7,5,All,10,2
86,11,Expe3,7,1,All,11,2
86,12,Expe3,7,6,All,12,2
86,13,Expe3,7,4,All,13,2
86,14,Expe3,7,6,All,14,3
86,15,Expe3,7,2,All,15,4
86,16,Expe3,7,3,All,16,3
86,17,Expe3,7,2,All,17,5
86,18,Expe3,7,3,All,18,4
86,19,Expe3,7,5,All,19,3
86,20,Expe3,7,4,All,20,3
86,21,Expe3,7,1,All,21,3
86,22,Expe3,7,2,All,22,6
87,1,Expe3,8,2,All,1,1
87,2,Expe3,8,1,All,2,1
87,3,Expe3,8,2,All,3,2
87,4,Expe3,8,6,All,4,1
87,5,Expe3,8,5,All,5,1
87,6,Expe3,8,3,All,6,1
87,7,Expe3,8,2,All,7,3
87,8,Expe3,8,3,All,8,2
87,9,Expe3,8,4,All,9,1
87,10,Expe3,8,6,All,10,2
87,11,Expe3,8,1,All,11,2
87,12,Expe3,8,5,All,12,2
87,13,Expe3,8,4,All,13,2
87,14,Expe3,8,2,All,14,4
87,15,Expe3,8,2,All,15,5
87,16,Expe3,8,6,All,16,3
87,17,Expe3,8,5,All,17,3
87,18,Expe3,8,3,All,18,3
87,19,Expe3,8,2,All,19,6
87,20,Expe3,8,3,All,20,4
87,21,Expe3,8,1,All,21,3
87,22,Expe3,8,4,All,22,3
88,1,Expe3,9,2,All,1,1
88,2,Expe3,9,1,All,2,1
88,3,Expe3,9,5,All,3,1
88,4,Expe3,9,2,All,4,2
88,5,Expe3,9,2,All,5,3
88,6,Expe3,9,6,All,6,1
88,7,Expe3,9,4,All,7,1
88,8,Expe3,9,3,All,8,1
88,9,Expe3,9,3,All,9,2
88,10,Expe3,9,6,All,10,2
88,11,Expe3,9,1,All,11,2
88,12,Expe3,9,5,All,12,2
88,13,Expe3,9,4,All,13,2
88,14,Expe3,9,2,All,14,4
88,15,Expe3,9,5,All,15,3
88,16,Expe3,9,2,All,16,5
88,17,Expe3,9,2,All,17,6
88,18,Expe3,9,6,All,18,3
88,19,Expe3,9,4,All,19,3
88,20,Expe3,9,3,All,20,3
88,21,Expe3,9,1,All,21,3
88,22,Expe3,9,3,All,22,4
89,1,Expe3,10,5,All,1,1
89,2,Expe3,10,1,All,2,1
89,3,Expe3,10,2,All,3,1
89,4,Expe3,10,2,All,4,2
89,5,Expe3,10,4,All,5,1
89,6,Expe3,10,2,All,6,3
89,7,Expe3,10,3,All,7,1
89,8,Expe3,10,6,All,8,1
89,9,Expe3,10,3,All,9,2
89,10,Expe3,10,4,All,10,2
89,11,Expe3,10,1,All,11,2
89,12,Expe3,10,5,All,12,2
89,13,Expe3,10,6,All,13,2
89,14,Expe3,10,5,All,14,3
89,15,Expe3,10,2,All,15,4
89,16,Expe3,10,2,All,16,5
89,17,Expe3,10,4,All,17,3
89,18,Expe3,10,2,All,18,6
89,19,Expe3,10,3,All,19,3
89,20,Expe3,10,6,All,20,3
89,21,Expe3,10,1,All,21,3
89,22,Expe3,10,3,All,22,4
90,1,Expe3,11,2,All,1,1
90,2,Expe3,11,1,All,2,1
90,3,Expe3,11,4,All,3,1
90,4,Expe3,11,5,All,4,1
90,5,Expe3,11,3,All,5,1
90,6,Expe3,11,2,All,6,2
90,7,Expe3,11,3,All,7,2
90,8,Expe3,11,2,All,8,3
90,9,Expe3,11,6,All,9,1
90,10,Expe3,11,4,All,10,2
90,11,Expe3,11,1,All,11,2
90,12,Expe3,11,6,All,12,2
90,13,Expe3,11,5,All,13,2
90,14,Expe3,11,2,All,14,4
90,15,Expe3,11,4,All,15,3
90,16,Expe3,11,5,All,16,3
90,17,Expe3,11,3,All,17,3
90,18,Expe3,11,2,All,18,5
90,19,Expe3,11,3,All,19,4
90,20,Expe3,11,2,All,20,6
90,21,Expe3,11,1,All,21,3
90,22,Expe3,11,6,All,22,3
91,1,Expe3,12,4,All,1,1
91,2,Expe3,12,1,All,2,1
91,3,Expe3,12,3,All,3,1
91,4,Expe3,12,2,All,4,1
91,5,Expe3,12,3,All,5,2
91,6,Expe3,12,5,All,6,1
91,7,Expe3,12,6,All,7,1
91,8,Expe3,12,2,All,8,2
91,9,Expe3,12,2,All,9,3
91,10,Expe3,12,5,All,10,2
91,11,Expe3,12,1,All,11,2
91,12,Expe3,12,4,All,12,2
91,13,Expe3,12,6,All,13,2
91,14,Expe3,12,4,All,14,3
91,15,Expe3,12,3,All,15,3
91,16,Expe3,12,2,All,16,4
91,17,Expe3,12,3,All,17,4
91,18,Expe3,12,5,All,18,3
91,19,Expe3,12,6,All,19,3
91,20,Expe3,12,2,All,20,5
91,21,Expe3,12,1,All,21,3
91,22,Expe3,12,2,All,22,6
92,1,Expe3,13,3,All,1,1
92,2,Expe3,13,1,All,2,1
92,3,Expe3,13,3,All,3,2
92,4,Expe3,13,4,All,4,1
92,5,Expe3,13,6,All,5,1
92,6,Expe3,13,2,All,6,1
92,7,Expe3,13,2,All,7,2
92,8,Expe3,13,5,All,8,1
92,9,Expe3,13,2,All,9,3
92,10,Expe3,13,6,All,10,2
92,11,Expe3,13,1,All,11,2
92,12,Expe3,13,5,All,12,2
92,13,Expe3,13,4,All,13,2
92,14,Expe3,13,3,All,14,3
92,15,Expe3,13,3,All,15,4
92,16,Expe3,13,4,All,16,3
92,17,Expe3,13,6,All,17,3
92,18,Expe3,13,2,All,18,4
92,19,Expe3,13,2,All,19,5
92,20,Expe3,13,5,All,20,3
92,21,Expe3,13,1,All,21,3
92,22,Expe3,13,2,All,22,6
93,1,Expe3,14,3,All,1,1
93,2,Expe3,14,1,All,2,1
93,3,Expe3,14,6,All,3,1
93,4,Expe3,14,3,All,4,2
93,5,Expe3,14,2,All,5,1
93,6,Expe3,14,4,All,6,1
93,7,Expe3,14,2,All,7,2
93,8,Expe3,14,2,All,8,3
93,9,Expe3,14,5,All,9,1
93,10,Expe3,14,4,All,10,2
93,11,Expe3,14,1,All,11,2
93,12,Expe3,14,6,All,12,2
93,13,Expe3,14,5,All,13,2
93,14,Expe3,14,3,All,14,3
93,15,Expe3,14,6,All,15,3
93,16,Expe3,14,3,All,16,4
93,17,Expe3,14,2,All,17,4
93,18,Expe3,14,4,All,18,3
93,19,Expe3,14,2,All,19,5
93,20,Expe3,14,2,All,20,6
93,21,Expe3,14,1,All,21,3
93,22,Expe3,14,5,All,22,3
94,1,Expe3,15,2,All,1,1
94,2,Expe3,15,1,All,2,1
94,3,Expe3,15,6,All,3,1
94,4,Expe3,15,2,All,4,2
94,5,Expe3,15,5,All,5,1
94,6,Expe3,15,3,All,6,1
94,7,Expe3,15,4,All,7,1
94,8,Expe3,15,2,All,8,3
94,9,Expe3,15,3,All,9,2
94,10,Expe3,15,4,All,10,2
94,11,Expe3,15,1,All,11,2
94,12,Expe3,15,6,All,12,2
94,13,Expe3,15,5,All,13,2
94,14,Expe3,15,2,All,14,4
94,15,Expe3,15,6,All,15,3
94,16,Expe3,15,2,All,16,5
94,17,Expe3,15,5,All,17,3
94,18,Expe3,15,3,All,18,3
94,19,Expe3,15,4,All,19,3
94,20,Expe3,15,2,All,20,6
94,21,Expe3,15,1,All,21,3
94,22,Expe3,15,3,All,22,4
95,1,Expe3,16,6,All,1,1
95,2,Expe3,16,1,All,2,1
95,3,Expe3,16,5,All,3,1
95,4,Expe3,16,2,All,4,1
95,5,Expe3,16,4,All,5,1
95,6,Expe3,16,2,All,6,2
95,7,Expe3,16,3,All,7,1
95,8,Expe3,16,3,All,8,2
95,9,Expe3,16,2,All,9,3
95,10,Expe3,16,5,All,10,2
95,11,Expe3,16,1,All,11,2
95,12,Expe3,16,6,All,12,2
95,13,Expe3,16,4,All,13,2
95,14,Expe3,16,6,All,14,3
95,15,Expe3,16,5,All,15,3
95,16,Expe3,16,2,All,16,4
95,17,Expe3,16,4,All,17,3
95,18,Expe3,16,2,All,18,5
95,19,Expe3,16,3,All,19,3
95,20,Expe3,16,3,All,20,4
95,21,Expe3,16,1,All,21,3
95,22,Expe3,16,2,All,22,6
96,1,Expe3,17,5,All,1,1
96,2,Expe3,17,1,All,2,1
96,3,Expe3,17,4,All,3,1
96,4,Expe3,17,6,All,4,1
96,5,Expe3,17,3,All,5,1
96,6,Expe3,17,2,All,6,1
96,7,Expe3,17,2,All,7,2
96,8,Expe3,17,2,All,8,3
96,9,Expe3,17,3,All,9,2
96,10,Expe3,17,4,All,10,2
96,11,Expe3,17,1,All,11,2
96,12,Expe3,17,5,All,12,2
96,13,Expe3,17,6,All,13,2
96,14,Expe3,17,5,All,14,3
96,15,Expe3,17,4,All,15,3
96,16,Expe3,17,6,All,16,3
96,17,Expe3,17,3,All,17,3
96,18,Expe3,17,2,All,18,4
96,19,Expe3,17,2,All,19,5
96,20,Expe3,17,2,All,20,6
96,21,Expe3,17,1,All,21,3
96,22,Expe3,17,3,All,22,4
97,1,Expe3,18,4,All,1,1
97,2,Expe3,18,1,All,2,1
97,3,Expe3,18,3,All,3,1
97,4,Expe3,18,5,All,4,1
97,5,Expe3,18,2,All,5,1
97,6,Expe3,18,6,All,6,1
97,7,Expe3,18,3,All,7,2
97,8,Expe3,18,2,All,8,2
97,9,Expe3,18,2,All,9,3
97,10,Expe3,18,4,All,10,2
97,11,Expe3,18,1,All,11,2
97,12,Expe3,18,6,All,12,2
97,13,Expe3,18,5,All,13,2
97,14,Expe3,18,4,All,14,3
97,15,Expe3,18,3,All,15,3
97,16,Expe3,18,5,All,16,3
97,17,Expe3,18,2,All,17,4
97,18,Expe3,18,6,All,18,3
97,19,Expe3,18,3,All,19,4
97,20,Expe3,18,2,All,20,5
97,21,Expe3,18,1,All,21,3
97,22,Expe3,18,2,All,22,6
98,1,Expe3,19,3,All,1,1
98,2,Expe3,19,1,All,2,1
98,3,Expe3,19,2,All,3,1
98,4,Expe3,19,4,All,4,1
98,5,Expe3,19,3,All,5,2
98,6,Expe3,19,5,All,6,1
98,7,Expe3,19,2,All,7,2
98,8,Expe3,19,6,All,8,1
98,9,Expe3,19,2,All,9,3
98,10,Expe3,19,4,All,10,2
98,11,Expe3,19,1,All,11,2
98,12,Expe3,19,6,All,12,2
98,13,Expe3,19,5,All,13,2
98,14,Expe3,19,3,All,14,3
98,15,Expe3,19,2,All,15,4
98,16,Expe3,19,4,All,16,3
98,17,Expe3,19,3,All,17,4
98,18,Expe3,19,5,All,18,3
98,19,Expe3,19,2,All,19,5
98,20,Expe3,19,6,All,20,3
98,21,Expe3,19,1,All,21,3
98,22,Expe3,19,2,All,22,6
99,1,Expe3,20,2,All,1,1
99,2,Expe3,20,1,All,2,1
99,3,Expe3,20,3,All,3,1
99,4,Expe3,20,3,All,4,2
99,5,Expe3,20,2,All,5,2
99,6,Expe3,20,4,All,6,1
99,7,Expe3,20,2,All,7,3
99,8,Expe3,20,5,All,8,1
99,9,Expe3,20,6,All,9,1
99,10,Expe3,20,4,All,10,2
99,11,Expe3,20,1,All,11,2
99,12,Expe3,20,5,All,12,2
99,13,Expe3,20,6,All,13,2
99,14,Expe3,20,2,All,14,4
99,15,Expe3,20,3,All,15,3
99,16,Expe3,20,3,All,16,4
99,17,Expe3,20,2,All,17,5
99,18,Expe3,20,4,All,18,3
99,19,Expe3,20,2,All,19,6
99,20,Expe3,20,5,All,20,3
99,21,Expe3,20,1,All,21,3
99,22,Expe3,20,6,All,22,3
100,1,Expe3,21,3,All,1,1
100,2,Expe3,21,1,All,2,1
100,3,Expe3,21,2,All,3,1
100,4,Expe3,21,2,All,4,2
100,5,Expe3,21,2,All,5,3
100,6,Expe3,21,3,All,6,2
100,7,Expe3,21,6,All,7,1
100,8,Expe3,21,4,All,8,1
100,9,Expe3,21,5,All,9,1
100,10,Expe3,21,6,All,10,2
100,11,Expe3,21,1,All,11,2
100,12,Expe3,21,4,All,12,2
100,13,Expe3,21,5,All,13,2
100,14,Expe3,21,3,All,14,3
100,15,Expe3,21,2,All,15,4
100,16,Expe3,21,2,All,16,5
100,17,Expe3,21,2,All,17,6
100,18,Expe3,21,3,All,18,4
100,19,Expe3,21,6,All,19,3
100,20,Expe3,21,4,All,20,3
100,21,Expe3,21,1,All,21,3
100,22,Expe3,21,5,All,22,3
101,1,Expe3,22,2,All,1,1
101,2,Expe3,22,1,All,2,1
101,3,Expe3,22,2,All,3,2
101,4,Expe3,22,3,All,4,1
101,5,Expe3,22,6,All,5,1
101,6,Expe3,22,2,All,6,3
101,7,Expe3,22,5,All,7,1
101,8,Expe3,22,3,All,8,2
101,9,Expe3,22,4,All,9,1
101,10,Expe3,22,5,All,10,2
101,11,Expe3,22,1,All,11,2
101,12,Expe3,22,6,All,12,2
101,13,Expe3,22,4,All,13,2
101,14,Expe3,22,2,All,14,4
101,15,Expe3,22,2,All,15,5
101,16,Expe3,22,3,All,16,3
101,17,Expe3,22,6,All,17,3
101,18,Expe3,22,2,All,18,6
101,19,Expe3,22,5,All,19,3
101,20,Expe3,22,3,All,20,4
101,21,Expe3,22,1,All,21,3
101,22,Expe3,22,4,All,22,3
102,1,Expe3,23,2,All,1,1
102,2,Expe3,23,1,All,2,1
102,3,Expe3,23,4,All,3,1
102,4,Expe3,23,3,All,4,1
102,5,Expe3,23,3,All,5,2
102,6,Expe3,23,5,All,6,1
102,7,Expe3,23,2,All,7,2
102,8,Expe3,23,2,All,8,3
102,9,Expe3,23,6,All,9,1
102,10,Expe3,23,4,All,10,2
102,11,Expe3,23,1,All,11,2
102,12,Expe3,23,5,All,12,2
102,13,Expe3,23,6,All,13,2
102,14,Expe3,23,2,All,14,4
102,15,Expe3,23,4,All,15,3
102,16,Expe3,23,3,All,16,3
102,17,Expe3,23,3,All,17,4
102,18,Expe3,23,5,All,18,3
102,19,Expe3,23,2,All,19,5
102,20,Expe3,23,2,All,20,6
102,21,Expe3,23,1,All,21,3
102,22,Expe3,23,6,All,22,3
103,1,Expe3,24,4,All,1,1
103,2,Expe3,24,1,All,2,1
103,3,Expe3,24,3,All,3,1
103,4,Expe3,24,2,All,4,1
103,5,Expe3,24,2,All,5,2
103,6,Expe3,24,3,All,6,2
103,7,Expe3,24,6,All,7,1
103,8,Expe3,24,5,All,8,1
103,9,Expe3,24,2,All,9,3
103,10,Expe3,24,4,All,10,2
103,11,Expe3,24,1,All,11,2
103,12,Expe3,24,5,All,12,2
103,13,Expe3,24,6,All,13,2
103,14,Expe3,24,4,All,14,3
103,15,Expe3,24,3,All,15,3
103,16,Expe3,24,2,All,16,4
103,17,Expe3,24,2,All,17,5
103,18,Expe3,24,3,All,18,4
103,19,Expe3,24,6,All,19,3
103,20,Expe3,24,5,All,20,3
103,21,Expe3,24,1,All,21,3
103,22,Expe3,24,2,All,22,6
104,1,Expe3,25,3,All,1,1
104,2,Expe3,25,1,All,2,1
104,3,Expe3,25,2,All,3,1
104,4,Expe3,25,4,All,4,1
104,5,Expe3,25,6,All,5,1
104,6,Expe3,25,2,All,6,2
104,7,Expe3,25,2,All,7,3
104,8,Expe3,25,3,All,8,2
104,9,Expe3,25,5,All,9,1
104,10,Expe3,25,4,All,10,2
104,11,Expe3,25,1,All,11,2
104,12,Expe3,25,5,All,12,2
104,13,Expe3,25,6,All,13,2
104,14,Expe3,25,3,All,14,3
104,15,Expe3,25,2,All,15,4
104,16,Expe3,25,4,All,16,3
104,17,Expe3,25,6,All,17,3
104,18,Expe3,25,2,All,18,5
104,19,Expe3,25,2,All,19,6
104,20,Expe3,25,3,All,20,4
104,21,Expe3,25,1,All,21,3
104,22,Expe3,25,5,All,22,3
105,1,Expe3,26,2,All,1,1
105,2,Expe3,26,1,All,2,1
105,3,Expe3,26,6,All,3,1
105,4,Expe3,26,3,All,4,1
105,5,Expe3,26,2,All,5,2
105,6,Expe3,26,4,All,6,1
105,7,Expe3,26,5,All,7,1
105,8,Expe3,26,2,All,8,3
105,9,Expe3,26,3,All,9,2
105,10,Expe3,26,4,All,10,2
105,11,Expe3,26,1,All,11,2
105,12,Expe3,26,6,All,12,2
105,13,Expe3,26,5,All,13,2
105,14,Expe3,26,2,All,14,4
105,15,Expe3,26,6,All,15,3
105,16,Expe3,26,3,All,16,3
105,17,Expe3,26,2,All,17,5
105,18,Expe3,26,4,All,18,3
105,19,Expe3,26,5,All,19,3
105,20,Expe3,26,2,All,20,6
105,21,Expe3,26,1,All,21,3
105,22,Expe3,26,3,All,22,4
106,1,Expe3,27,6,All,1,1
106,2,Expe3,27,1,All,2,1
106,3,Expe3,27,2,All,3,1
106,4,Expe3,27,2,All,4,2
106,5,Expe3,27,5,All,5,1
106,6,Expe3,27,3,All,6,1
106,7,Expe3,27,3,All,7,2
106,8,Expe3,27,4,All,8,1
106,9,Expe3,27,2,All,9,3
106,10,Expe3,27,6,All,10,2
106,11,Expe3,27,1,All,11,2
106,12,Expe3,27,4,All,12,2
106,13,Expe3,27,5,All,13,2
106,14,Expe3,27,6,All,14,3
106,15,Expe3,27,2,All,15,4
106,16,Expe3,27,2,All,16,5
106,17,Expe3,27,5,All,17,3
106,18,Expe3,27,3,All,18,3
106,19,Expe3,27,3,All,19,4
106,20,Expe3,27,4,All,20,3
106,21,Expe3,27,1,All,21,3
106,22,Expe3,27,2,All,22,6
107,1,Expe3,28,2,All,1,1
107,2,Expe3,28,1,All,2,1
107,3,Expe3,28,5,All,3,1
107,4,Expe3,28,6,All,4,1
107,5,Expe3,28,3,All,5,1
107,6,Expe3,28,2,All,6,2
107,7,Expe3,28,2,All,7,3
107,8,Expe3,28,3,All,8,2
107,9,Expe3,28,4,All,9,1
107,10,Expe3,28,5,All,10,2
107,11,Expe3,28,1,All,11,2
107,12,Expe3,28,4,All,12,2
107,13,Expe3,28,6,All,13,2
107,14,Expe3,28,2,All,14,4
107,15,Expe3,28,5,All,15,3
107,16,Expe3,28,6,All,16,3
107,17,Expe3,28,3,All,17,3
107,18,Expe3,28,2,All,18,5
107,19,Expe3,28,2,All,19,6
107,20,Expe3,28,3,All,20,4
107,21,Expe3,28,1,All,21,3
107,22,Expe3,28,4,All,22,3
108,1,Expe3,29,5,All,1,1
108,2,Expe3,29,1,All,2,1
108,3,Expe3,29,3,All,3,1
108,4,Expe3,29,2,All,4,1
108,5,Expe3,29,2,All,5,2
108,6,Expe3,29,6,All,6,1
108,7,Expe3,29,4,All,7,1
108,8,Expe3,29,2,All,8,3
108,9,Expe3,29,3,All,9,2
108,10,Expe3,29,5,All,10,2
108,11,Expe3,29,1,All,11,2
108,12,Expe3,29,4,All,12,2
108,13,Expe3,29,6,All,13,2
108,14,Expe3,29,5,All,14,3
108,15,Expe3,29,3,All,15,3
108,16,Expe3,29,2,All,16,4
108,17,Expe3,29,2,All,17,5
108,18,Expe3,29,6,All,18,3
108,19,Expe3,29,4,All,19,3
108,20,Expe3,29,2,All,20,6
108,21,Expe3,29,1,All,21,3
108,22,Expe3,29,3,All,22,4
109,1,Expe3,30,3,All,1,1
109,2,Expe3,30,1,All,2,1
109,3,Expe3,30,2,All,3,1
109,4,Expe3,30,5,All,4,1
109,5,Expe3,30,4,All,5,1
109,6,Expe3,30,2,All,6,2
109,7,Expe3,30,3,All,7,2
109,8,Expe3,30,6,All,8,1
109,9,Expe3,30,2,All,9,3
109,10,Expe3,30,4,All,10,2
109,11,Expe3,30,1,All,11,2
109,12,Expe3,30,5,All,12,2
109,13,Expe3,30,6,All,13,2
109,14,Expe3,30,3,All,14,3
109,15,Expe3,30,2,All,15,4
109,16,Expe3,30,5,All,16,3
109,17,Expe3,30,4,All,17,3
109,18,Expe3,30,2,All,18,5
109,19,Expe3,30,3,All,19,4
109,20,Expe3,30,6,All,20,3
109,21,Expe3,30,1,All,21,3
109,22,Expe3,30,2,All,22,6
110,1,Expe3,31,6,All,1,1
110,2,Expe3,31,1,All,2,1
110,3,Expe3,31,2,All,3,1
110,4,Expe3,31,3,All,4,1
110,5,Expe3,31,4,All,5,1
110,6,Expe3,31,2,All,6,2
110,7,Expe3,31,5,All,7,1
110,8,Expe3,31,2,All,8,3
110,9,Expe3,31,3,All,9,2
110,10,Expe3,31,6,All,10,2
110,11,Expe3,31,1,All,11,2
110,12,Expe3,31,5,All,12,2
110,13,Expe3,31,4,All,13,2
110,14,Expe3,31,6,All,14,3
110,15,Expe3,31,2,All,15,4
110,16,Expe3,31,3,All,16,3
110,17,Expe3,31,4,All,17,3
110,18,Expe3,31,2,All,18,5
110,19,Expe3,31,5,All,19,3
110,20,Expe3,31,2,All,20,6
110,21,Expe3,31,1,All,21,3
110,22,Expe3,31,3,All,22,4
111,1,Expe3,32,2,All,1,1
111,2,Expe3,32,1,All,2,1
111,3,Expe3,32,4,All,3,1
111,4,Expe3,32,6,All,4,1
111,5,Expe3,32,5,All,5,1
111,6,Expe3,32,3,All,6,1
111,7,Expe3,32,3,All,7,2
111,8,Expe3,32,2,All,8,2
111,9,Expe3,32,2,All,9,3
111,10,Expe3,32,6,All,10,2
111,11,Expe3,32,1,All,11,2
111,12,Expe3,32,4,All,12,2
111,13,Expe3,32,5,All,13,2
111,14,Expe3,32,2,All,14,4
111,15,Expe3,32,4,All,15,3
111,16,Expe3,32,6,All,16,3
111,17,Expe3,32,5,All,17,3
111,18,Expe3,32,3,All,18,3
111,19,Expe3,32,3,All,19,4
111,20,Expe3,32,2,All,20,5
111,21,Expe3,32,1,All,21,3
111,22,Expe3,32,2,All,22,6
112,1,Expe3,33,4,All,1,1
112,2,Expe3,33,1,All,2,1
112,3,Expe3,33,5,All,3,1
112,4,Expe3,33,2,All,4,1
112,5,Expe3,33,3,All,5,1
112,6,Expe3,33,6,All,6,1
112,7,Expe3,33,2,All,7,2
112,8,Expe3,33,3,All,8,2
112,9,Expe3,33,2,All,9,3
112,10,Expe3,33,4,All,10,2
112,11,Expe3,33,1,All,11,2
112,12,Expe3,33,5,All,12,2
112,13,Expe3,33,6,All,13,2
112,14,Expe3,33,4,All,14,3
112,15,Expe3,33,5,All,15,3
112,16,Expe3,33,2,All,16,4
112,17,Expe3,33,3,All,17,3
112,18,Expe3,33,6,All,18,3
112,19,Expe3,33,2,All,19,5
112,20,Expe3,33,3,All,20,4
112,21,Expe3,33,1,All,21,3
112,22,Expe3,33,2,All,22,6
113,1,Expe3,34,5,All,1,1
113,2,Expe3,34,1,All,2,1
113,3,Expe3,34,3,All,3,1
113,4,Expe3,34,4,All,4,1
113,5,Expe3,34,2,All,5,1
113,6,Expe3,34,2,All,6,2
113,7,Expe3,34,2,All,7,3
113,8,Expe3,34,6,All,8,1
113,9,Expe3,34,3,All,9,2
113,10,Expe3,34,5,All,10,2
113,11,Expe3,34,1,All,11,2
113,12,Expe3,34,4,All,12,2
113,13,Expe3,34,6,All,13,2
113,14,Expe3,34,5,All,14,3
113,15,Expe3,34,3,All,15,3
113,16,Expe3,34,4,All,16,3
113,17,Expe3,34,2,All,17,4
113,18,Expe3,34,2,All,18,5
113,19,Expe3,34,2,All,19,6
113,20,Expe3,34,6,All,20,3
113,21,Expe3,34,1,All,21,3
113,22,Expe3,34,3,All,22,4
114,1,Expe3,35,3,All,1,1
114,2,Expe3,35,1,All,2,1
114,3,Expe3,35,2,All,3,1
114,4,Expe3,35,5,All,4,1
114,5,Expe3,35,2,All,5,2
114,6,Expe3,35,4,All,6,1
114,7,Expe3,35,3,All,7,2
114,8,Expe3,35,2,All,8,3
114,9,Expe3,35,6,All,9,1
114,10,Expe3,35,4,All,10,2
114,11,Expe3,35,1,All,11,2
114,12,Expe3,35,5,All,12,2
114,13,Expe3,35,6,All,13,2
114,14,Expe3,35,3,All,14,3
114,15,Expe3,35,2,All,15,4
114,16,Expe3,35,5,All,16,3
114,17,Expe3,35,2,All,17,5
114,18,Expe3,35,4,All,18,3
114,19,Expe3,35,3,All,19,4
114,20,Expe3,35,2,All,20,6
114,21,Expe3,35,1,All,21,3
114,22,Expe3,35,6,All,22,3
115,1,Expe3,36,2,All,1,1
115,2,Expe3,36,1,All,2,1
115,3,Expe3,36,2,All,3,2
115,4,Expe3,36,3,All,4,1
115,5,Expe3,36,3,All,5,2
115,6,Expe3,36,5,All,6,1
115,7,Expe3,36,6,All,7,1
115,8,Expe3,36,4,All,8,1
115,9,Expe3,36,2,All,9,3
115,10,Expe3,36,5,All,10,2
115,11,Expe3,36,1,All,11,2
115,12,Expe3,36,6,All,12,2
115,13,Expe3,36,4,All,13,2
115,14,Expe3,36,2,All,14,4
115,15,Expe3,36,2,All,15,5
115,16,Expe3,36,3,All,16,3
115,17,Expe3,36,3,All,17,4
115,18,Expe3,36,5,All,18,3
115,19,Expe3,36,6,All,19,3
115,20,Expe3,36,4,All,20,3
115,21,Expe3,36,1,All,21,3
115,22,Expe3,36,2,All,22,6
116,1,Expe3,37,2,All,1,1
116,2,Expe3,37,1,All,2,1
116,3,Expe3,37,3,All,3,1
116,4,Expe3,37,2,All,4,2
116,5,Expe3,37,6,All,5,1
116,6,Expe3,37,3,All,6,2
116,7,Expe3,37,2,All,7,3
116,8,Expe3,37,5,All,8,1
116,9,Expe3,37,4,All,9,1
116,10,Expe3,37,6,All,10,2
116,11,Expe3,37,1,All,11,2
116,12,Expe3,37,4,All,12,2
116,13,Expe3,37,5,All,13,2
116,14,Expe3,37,2,All,14,4
116,15,Expe3,37,3,All,15,3
116,16,Expe3,37,2,All,16,5
116,17,Expe3,37,6,All,17,3
116,18,Expe3,37,3,All,18,4
116,19,Expe3,37,2,All,19,6
116,20,Expe3,37,5,All,20,3
116,21,Expe3,37,1,All,21,3
116,22,Expe3,37,4,All,22,3
117,1,Expe3,38,3,All,1,1
117,2,Expe3,38,1,All,2,1
117,3,Expe3,38,6,All,3,1
117,4,Expe3,38,2,All,4,1
117,5,Expe3,38,2,All,5,2
117,6,Expe3,38,2,All,6,3
117,7,Expe3,38,4,All,7,1
117,8,Expe3,38,3,All,8,2
117,9,Expe3,38,5,All,9,1
117,10,Expe3,38,6,All,10,2
117,11,Expe3,38,1,All,11,2
117,12,Expe3,38,5,All,12,2
117,13,Expe3,38,4,All,13,2
117,14,Expe3,38,3,All,14,3
117,15,Expe3,38,6,All,15,3
117,16,Expe3,38,2,All,16,4
117,17,Expe3,38,2,All,17,5
117,18,Expe3,38,2,All,18,6
117,19,Expe3,38,4,All,19,3
117,20,Expe3,38,3,All,20,4
117,21,Expe3,38,1,All,21,3
117,22,Expe3,38,5,All,22,3
118,1,Expe3,39,3,All,1,1
118,2,Expe3,39,1,All,2,1
118,3,Expe3,39,2,All,3,1
118,4,Expe3,39,6,All,4,1
118,5,Expe3,39,2,All,5,2
118,6,Expe3,39,5,All,6,1
118,7,Expe3,39,3,All,7,2
118,8,Expe3,39,2,All,8,3
118,9,Expe3,39,4,All,9,1
118,10,Expe3,39,6,All,10,2
118,11,Expe3,39,1,All,11,2
118,12,Expe3,39,5,All,12,2
118,13,Expe3,39,4,All,13,2
118,14,Expe3,39,3,All,14,3
118,15,Expe3,39,2,All,15,4
118,16,Expe3,39,6,All,16,3
118,17,Expe3,39,2,All,17,5
118,18,Expe3,39,5,All,18,3
118,19,Expe3,39,3,All,19,4
118,20,Expe3,39,2,All,20,6
118,21,Expe3,39,1,All,21,3
118,22,Expe3,39,4,All,22,3
119,1,Expe3,40,2,All,1,1
119,2,Expe3,40,1,All,2,1
119,3,Expe3,40,2,All,3,2
119,4,Expe3,40,3,All,4,1
119,5,Expe3,40,3,All,5,2
119,6,Expe3,40,6,All,6,1
119,7,Expe3,40,4,All,7,1
119,8,Expe3,40,5,All,8,1
119,9,Expe3,40,2,All,9,3
119,10,Expe3,40,4,All,10,2
119,11,Expe3,40,1,All,11,2
119,12,Expe3,40,6,All,12,2
119,13,Expe3,40,5,All,13,2
119,14,Expe3,40,2,All,14,4
119,15,Expe3,40,2,All,15,5
119,16,Expe3,40,3,All,16,3
119,17,Expe3,40,3,All,17,4
119,18,Expe3,40,6,All,18,3
119,19,Expe3,40,4,All,19,3
119,20,Expe3,40,5,All,20,3
119,21,Expe3,40,1,All,21,3
119,22,Expe3,40,2,All,22,6
120,1,Expe5,2,3,All,1,1
120,2,Expe5,2,6,All,2,1
120,3,Expe5,2,1,All,3,1
120,4,Expe5,2,2,All,4,1
120,5,Expe5,2,4,All,5,1
120,6,Expe5,2,5,All,6,1
120,7,Expe5,2,4,All,7,2
120,8,Expe5,2,1,All,8,2
120,9,Expe5,2,2,All,9,2
120,10,Expe5,2,5,All,10,2
120,11,Expe5,2,3,All,11,2
120,12,Expe5,2,6,All,12,2
120,13,Expe5,2,2,All,13,3
120,14,Expe5,2,3,All,14,3
120,15,Expe5,2,5,All,15,3
120,16,Expe5,2,4,All,16,3
120,17,Expe5,2,1,All,17,3
120,18,Expe5,2,6,All,18,3
121,1,Expe5,3,1,All,1,1
121,2,Expe5,3,3,All,2,1
121,3,Expe5,3,4,All,3,1
121,4,Expe5,3,6,All,4,1
121,5,Expe5,3,5,All,5,1
121,6,Expe5,3,2,All,6,1
121,7,Expe5,3,2,All,7,2
121,8,Expe5,3,4,All,8,2
121,9,Expe5,3,3,All,9,2
121,10,Expe5,3,1,All,10,2
121,11,Expe5,3,6,All,11,2
121,12,Expe5,3,5,All,12,2
121,13,Expe5,3,5,All,13,3
121,14,Expe5,3,2,All,14,3
121,15,Expe5,3,1,All,15,3
121,16,Expe5,3,3,All,16,3
121,17,Expe5,3,6,All,17,3
121,18,Expe5,3,4,All,18,3
122,1,Expe5,4,6,All,1,1
122,2,Expe5,4,2,All,2,1
122,3,Expe5,4,3,All,3,1
122,4,Expe5,4,5,All,4,1
122,5,Expe5,4,1,All,5,1
122,6,Expe5,4,4,All,6,1
122,7,Expe5,4,1,All,7,2
122,8,Expe5,4,5,All,8,2
122,9,Expe5,4,4,All,9,2
122,10,Expe5,4,6,All,10,2
122,11,Expe5,4,2,All,11,2
122,12,Expe5,4,3,All,12,2
122,13,Expe5,4,3,All,13,3
122,14,Expe5,4,4,All,14,3
122,15,Expe5,4,2,All,15,3
122,16,Expe5,4,6,All,16,3
122,17,Expe5,4,5,All,17,3
122,18,Expe5,4,1,All,18,3
123,1,Expe5,5,2,All,1,1
123,2,Expe5,5,5,All,2,1
123,3,Expe5,5,6,All,3,1
123,4,Expe5,5,4,All,4,1
123,5,Expe5,5,3,All,5,1
123,6,Expe5,5,1,All,6,1
123,7,Expe5,5,5,All,7,2
123,8,Expe5,5,6,All,8,2
123,9,Expe5,5,1,All,9,2
123,10,Expe5,5,3,All,10,2
123,11,Expe5,5,4,All,11,2
123,12,Expe5,5,2,All,12,2
123,13,Expe5,5,4,All,13,3
123,14,Expe5,5,6,All,14,3
123,15,Expe5,5,3,All,15,3
123,16,Expe5,5,1,All,16,3
123,17,Expe5,5,2,All,17,3
123,18,Expe5,5,5,All,18,3
124,1,Expe5,6,5,All,1,1
124,2,Expe5,6,4,All,2,1
124,3,Expe5,6,2,All,3,1
124,4,Expe5,6,1,All,4,1
124,5,Expe5,6,6,All,5,1
124,6,Expe5,6,3,All,6,1
124,7,Expe5,6,6,All,7,2
124,8,Expe5,6,3,All,8,2
124,9,Expe5,6,5,All,9,2
124,10,Expe5,6,2,All,10,2
124,11,Expe5,6,1,All,11,2
124,12,Expe5,6,4,All,12,2
124,13,Expe5,6,6,All,13,3
124,14,Expe5,6,1,All,14,3
124,15,Expe5,6,4,All,15,3
124,16,Expe5,6,5,All,16,3
124,17,Expe5,6,3,All,17,3
124,18,Expe5,6,2,All,18,3
125,1,Expe5,7,4,All,1,1
125,2,Expe5,7,1,All,2,1
125,3,Expe5,7,5,All,3,1
125,4,Expe5,7,3,All,4,1
125,5,Expe5,7,2,All,5,1
125,6,Expe5,7,6,All,6,1
125,7,Expe5,7,1,All,7,2
125,8,Expe5,7,5,All,8,2
125,9,Expe5,7,6,All,9,2
125,10,Expe5,7,2,All,10,2
125,11,Expe5,7,4,All,11,2
125,12,Expe5,7,3,All,12,2
125,13,Expe5,7,3,All,13,3
125,14,Expe5,7,2,All,14,3
125,15,Expe5,7,6,All,15,3
125,16,Expe5,7,4,All,16,3
125,17,Expe5,7,5,All,17,3
125,18,Expe5,7,1,All,18,3
126,1,Expe5,8,1,All,1,1
126,2,Expe5,8,3,All,2,1
126,3,Expe5,8,4,All,3,1
126,4,Expe5,8,6,All,4,1
126,5,Expe5,8,5,All,5,1
126,6,Expe5,8,2,All,6,1
126,7,Expe5,8,5,All,7,2
126,8,Expe5,8,2,All,8,2
126,9,Expe5,8,1,All,9,2
126,10,Expe5,8,3,All,10,2
126,11,Expe5,8,6,All,11,2
126,12,Expe5,8,4,All,12,2
126,13,Expe5,8,2,All,13,3
126,14,Expe5,8,4,All,14,3
126,15,Expe5,8,3,All,15,3
126,16,Expe5,8,1,All,16,3
126,17,Expe5,8,6,All,17,3
126,18,Expe5,8,5,All,18,3
127,1,Expe5,9,3,All,1,1
127,2,Expe5,9,6,All,2,1
127,3,Expe5,9,1,All,3,1
127,4,Expe5,9,2,All,4,1
127,5,Expe5,9,4,All,5,1
127,6,Expe5,9,5,All,6,1
127,7,Expe5,9,2,All,7,2
127,8,Expe5,9,3,All,8,2
127,9,Expe5,9,5,All,9,2
127,10,Expe5,9,4,All,10,2
127,11,Expe5,9,1,All,11,2
127,12,Expe5,9,6,All,12,2
127,13,Expe5,9,4,All,13,3
127,14,Expe5,9,1,All,14,3
127,15,Expe5,9,2,All,15,3
127,16,Expe5,9,5,All,16,3
127,17,Expe5,9,3,All,17,3
127,18,Expe5,9,6,All,18,3
128,1,Expe5,10,6,All,1,1
128,2,Expe5,10,2,All,2,1
128,3,Expe5,10,3,All,3,1
128,4,Expe5,10,5,All,4,1
128,5,Expe5,10,1,All,5,1
128,6,Expe5,10,4,All,6,1
128,7,Expe5,10,3,All,7,2
128,8,Expe5,10,4,All,8,2
128,9,Expe5,10,2,All,9,2
128,10,Expe5,10,6,All,10,2
128,11,Expe5,10,5,All,11,2
128,12,Expe5,10,1,All,12,2
128,13,Expe5,10,1,All,13,3
128,14,Expe5,10,5,All,14,3
128,15,Expe5,10,4,All,15,3
128,16,Expe5,10,6,All,16,3
128,17,Expe5,10,2,All,17,3
128,18,Expe5,10,3,All,18,3
129,1,Expe5,11,2,All,1,1
129,2,Expe5,11,5,All,2,1
129,3,Expe5,11,6,All,3,1
129,4,Expe5,11,4,All,4,1
129,5,Expe5,11,3,All,5,1
129,6,Expe5,11,1,All,6,1
129,7,Expe5,11,4,All,7,2
129,8,Expe5,11,6,All,8,2
129,9,Expe5,11,3,All,9,2
129,10,Expe5,11,1,All,10,2
129,11,Expe5,11,2,All,11,2
129,12,Expe5,11,5,All,12,2
129,13,Expe5,11,5,All,13,3
129,14,Expe5,11,6,All,14,3
129,15,Expe5,11,1,All,15,3
129,16,Expe5,11,3,All,16,3
129,17,Expe5,11,4,All,17,3
129,18,Expe5,11,2,All,18,3
130,1,Expe5,12,5,All,1,1
130,2,Expe5,12,4,All,2,1
130,3,Expe5,12,2,All,3,1
130,4,Expe5,12,1,All,4,1
130,5,Expe5,12,6,All,5,1
130,6,Expe5,12,3,All,6,1
130,7,Expe5,12,6,All,7,2
130,8,Expe5,12,1,All,8,2
130,9,Expe5,12,4,All,9,2
130,10,Expe5,12,5,All,10,2
130,11,Expe5,12,3,All,11,2
130,12,Expe5,12,2,All,12,2
130,13,Expe5,12,6,All,13,3
130,14,Expe5,12,3,All,14,3
130,15,Expe5,12,5,All,15,3
130,16,Expe5,12,2,All,16,3
130,17,Expe5,12,1,All,17,3
130,18,Expe5,12,4,All,18,3
131,1,Expe5,13,1,All,1,1
131,2,Expe5,13,5,All,2,1
131,3,Expe5,13,6,All,3,1
131,4,Expe5,13,2,All,4,1
131,5,Expe5,13,4,All,5,1
131,6,Expe5,13,3,All,6,1
131,7,Expe5,13,4,All,7,2
131,8,Expe5,13,1,All,8,2
131,9,Expe5,13,5,All,9,2
131,10,Expe5,13,3,All,10,2
131,11,Expe5,13,2,All,11,2
131,12,Expe5,13,6,All,12,2
131,13,Expe5,13,3,All,13,3
131,14,Expe5,13,2,All,14,3
131,15,Expe5,13,6,All,15,3
131,16,Expe5,13,4,All,16,3
131,17,Expe5,13,5,All,17,3
131,18,Expe5,13,1,All,18,3
132,1,Expe5,14,5,All,1,1
132,2,Expe5,14,2,All,2,1
132,3,Expe5,14,1,All,3,1
132,4,Expe5,14,3,All,4,1
132,5,Expe5,14,6,All,5,1
132,6,Expe5,14,4,All,6,1
132,7,Expe5,14,1,All,7,2
132,8,Expe5,14,3,All,8,2
132,9,Expe5,14,4,All,9,2
132,10,Expe5,14,6,All,10,2
132,11,Expe5,14,5,All,11,2
132,12,Expe5,14,2,All,12,2
132,13,Expe5,14,2,All,13,3
132,14,Expe5,14,4,All,14,3
132,15,Expe5,14,3,All,15,3
132,16,Expe5,14,1,All,16,3
132,17,Expe5,14,6,All,17,3
132,18,Expe5,14,5,All,18,3
133,1,Expe5,15,2,All,1,1
133,2,Expe5,15,3,All,2,1
133,3,Expe5,15,5,All,3,1
133,4,Expe5,15,4,All,4,1
133,5,Expe5,15,1,All,5,1
133,6,Expe5,15,6,All,6,1
133,7,Expe5,15,3,All,7,2
133,8,Expe5,15,6,All,8,2
133,9,Expe5,15,1,All,9,2
133,10,Expe5,15,2,All,10,2
133,11,Expe5,15,4,All,11,2
133,12,Expe5,15,5,All,12,2
133,13,Expe5,15,4,All,13,3
133,14,Expe5,15,1,All,14,3
133,15,Expe5,15,2,All,15,3
133,16,Expe5,15,5,All,16,3
133,17,Expe5,15,3,All,17,3
133,18,Expe5,15,6,All,18,3
134,1,Expe5,16,3,All,1,1
134,2,Expe5,16,4,All,2,1
134,3,Expe5,16,2,All,3,1
134,4,Expe5,16,6,All,4,1
134,5,Expe5,16,5,All,5,1
134,6,Expe5,16,1,All,6,1
134,7,Expe5,16,6,All,7,2
134,8,Expe5,16,2,All,8,2
134,9,Expe5,16,3,All,9,2
134,10,Expe5,16,5,All,10,2
134,11,Expe5,16,1,All,11,2
134,12,Expe5,16,4,All,12,2
134,13,Expe5,16,1,All,13,3
134,14,Expe5,16,5,All,14,3
134,15,Expe5,16,4,All,15,3
134,16,Expe5,16,6,All,16,3
134,17,Expe5,16,2,All,17,3
134,18,Expe5,16,3,All,18,3
135,1,Expe5,17,4,All,1,1
135,2,Expe5,17,6,All,2,1
135,3,Expe5,17,3,All,3,1
135,4,Expe5,17,1,All,4,1
135,5,Expe5,17,2,All,5,1
135,6,Expe5,17,5,All,6,1
135,7,Expe5,17,2,All,7,2
135,8,Expe5,17,5,All,8,2
135,9,Expe5,17,6,All,9,2
135,10,Expe5,17,4,All,10,2
135,11,Expe5,17,3,All,11,2
135,12,Expe5,17,1,All,12,2
135,13,Expe5,17,5,All,13,3
135,14,Expe5,17,6,All,14,3
135,15,Expe5,17,1,All,15,3
135,16,Expe5,17,3,All,16,3
135,17,Expe5,17,4,All,17,3
135,18,Expe5,17,2,All,18,3
136,1,Expe5,18,6,All,1,1
136,2,Expe5,18,1,All,2,1
136,3,Expe5,18,4,All,3,1
136,4,Expe5,18,5,All,4,1
136,5,Expe5,18,3,All,5,1
136,6,Expe5,18,2,All,6,1
136,7,Expe5,18,5,All,7,2
136,8,Expe5,18,4,All,8,2
136,9,Expe5,18,2,All,9,2
136,10,Expe5,18,1,All,10,2
136,11,Expe5,18,6,All,11,2
136,12,Expe5,18,3,All,12,2
136,13,Expe5,18,6,All,13,3
136,14,Expe5,18,3,All,14,3
136,15,Expe5,18,5,All,15,3
136,16,Expe5,18,2,All,16,3
136,17,Expe5,18,1,All,17,3
136,18,Expe5,18,4,All,18,3
137,1,Expe5,19,2,All,1,1
137,2,Expe5,19,4,All,2,1
137,3,Expe5,19,5,All,3,1
137,4,Expe5,19,3,All,4,1
137,5,Expe5,19,6,All,5,1
137,6,Expe5,19,1,All,6,1
137,7,Expe5,19,5,All,7,2
137,8,Expe5,19,2,All,8,2
137,9,Expe5,19,6,All,9,2
137,10,Expe5,19,4,All,10,2
137,11,Expe5,19,1,All,11,2
137,12,Expe5,19,3,All,12,2
137,13,Expe5,19,1,All,13,3
137,14,Expe5,19,3,All,14,3
137,15,Expe5,19,4,All,15,3
137,16,Expe5,19,6,All,16,3
137,17,Expe5,19,5,All,17,3
137,18,Expe5,19,2,All,18,3
138,1,Expe5,20,4,All,1,1
138,2,Expe5,20,3,All,2,1
138,3,Expe5,20,2,All,3,1
138,4,Expe5,20,1,All,4,1
138,5,Expe5,20,5,All,5,1
138,6,Expe5,20,6,All,6,1
138,7,Expe5,20,2,All,7,2
138,8,Expe5,20,4,All,8,2
138,9,Expe5,20,5,All,9,2
138,10,Expe5,20,3,All,10,2
138,11,Expe5,20,6,All,11,2
138,12,Expe5,20,1,All,12,2
138,13,Expe5,20,3,All,13,3
138,14,Expe5,20,6,All,14,3
138,15,Expe5,20,1,All,15,3
138,16,Expe5,20,2,All,16,3
138,17,Expe5,20,4,All,17,3
138,18,Expe5,20,5,All,18,3
139,1,Expe5,21,3,All,1,1
139,2,Expe5,21,1,All,2,1
139,3,Expe5,21,4,All,3,1
139,4,Expe5,21,6,All,4,1
139,5,Expe5,21,2,All,5,1
139,6,Expe5,21,5,All,6,1
139,7,Expe5,21,4,All,7,2
139,8,Expe5,21,3,All,8,2
139,9,Expe5,21,2,All,9,2
139,10,Expe5,21,1,All,10,2
139,11,Expe5,21,5,All,11,2
139,12,Expe5,21,6,All,12,2
139,13,Expe5,21,6,All,13,3
139,14,Expe5,21,2,All,14,3
139,15,Expe5,21,3,All,15,3
139,16,Expe5,21,5,All,16,3
139,17,Expe5,21,1,All,17,3
139,18,Expe5,21,4,All,18,3
140,1,Expe5,22,1,All,1,1
140,2,Expe5,22,6,All,2,1
140,3,Expe5,22,3,All,3,1
140,4,Expe5,22,5,All,4,1
140,5,Expe5,22,4,All,5,1
140,6,Expe5,22,2,All,6,1
140,7,Expe5,22,3,All,7,2
140,8,Expe5,22,1,All,8,2
140,9,Expe5,22,4,All,9,2
140,10,Expe5,22,6,All,10,2
140,11,Expe5,22,2,All,11,2
140,12,Expe5,22,5,All,12,2
140,13,Expe5,22,2,All,13,3
140,14,Expe5,22,5,All,14,3
140,15,Expe5,22,6,All,15,3
140,16,Expe5,22,4,All,16,3
140,17,Expe5,22,3,All,17,3
140,18,Expe5,22,1,All,18,3
141,1,Expe5,23,6,All,1,1
141,2,Expe5,23,5,All,2,1
141,3,Expe5,23,1,All,3,1
141,4,Expe5,23,2,All,4,1
141,5,Expe5,23,3,All,5,1
141,6,Expe5,23,4,All,6,1
141,7,Expe5,23,1,All,7,2
141,8,Expe5,23,6,All,8,2
141,9,Expe5,23,3,All,9,2
141,10,Expe5,23,5,All,10,2
141,11,Expe5,23,4,All,11,2
141,12,Expe5,23,2,All,12,2
141,13,Expe5,23,5,All,13,3
141,14,Expe5,23,4,All,14,3
141,15,Expe5,23,2,All,15,3
141,16,Expe5,23,1,All,16,3
141,17,Expe5,23,6,All,17,3
141,18,Expe5,23,3,All,18,3
142,1,Expe5,24,5,All,1,1
142,2,Expe5,24,2,All,2,1
142,3,Expe5,24,6,All,3,1
142,4,Expe5,24,4,All,4,1
142,5,Expe5,24,1,All,5,1
142,6,Expe5,24,3,All,6,1
142,7,Expe5,24,6,All,7,2
142,8,Expe5,24,5,All,8,2
142,9,Expe5,24,1,All,9,2
142,10,Expe5,24,2,All,10,2
142,11,Expe5,24,3,All,11,2
142,12,Expe5,24,4,All,12,2
142,13,Expe5,24,4,All,13,3
142,14,Expe5,24,1,All,14,3
142,15,Expe5,24,5,All,15,3
142,16,Expe5,24,3,All,16,3
142,17,Expe5,24,2,All,17,3
142,18,Expe5,24,6,All,18,3
143,1,Expe5,25,2,All,1,1
143,2,Expe5,25,4,All,2,1
143,3,Expe5,25,5,All,3,1
143,4,Expe5,25,3,All,4,1
143,5,Expe5,25,6,All,5,1
143,6,Expe5,25,1,All,6,1
143,7,Expe5,25,1,All,7,2
143,8,Expe5,25,3,All,8,2
143,9,Expe5,25,4,All,9,2
143,10,Expe5,25,6,All,10,2
143,11,Expe5,25,5,All,11,2
143,12,Expe5,25,2,All,12,2
143,13,Expe5,25,5,All,13,3
143,14,Expe5,25,2,All,14,3
143,15,Expe5,25,6,All,15,3
143,16,Expe5,25,4,All,16,3
143,17,Expe5,25,1,All,17,3
143,18,Expe5,25,3,All,18,3
144,1,Expe5,26,4,All,1,1
144,2,Expe5,26,3,All,2,1
144,3,Expe5,26,2,All,3,1
144,4,Expe5,26,1,All,4,1
144,5,Expe5,26,5,All,5,1
144,6,Expe5,26,6,All,6,1
144,7,Expe5,26,3,All,7,2
144,8,Expe5,26,6,All,8,2
144,9,Expe5,26,1,All,9,2
144,10,Expe5,26,2,All,10,2
144,11,Expe5,26,4,All,11,2
144,12,Expe5,26,5,All,12,2
144,13,Expe5,26,2,All,13,3
144,14,Expe5,26,4,All,14,3
144,15,Expe5,26,5,All,15,3
144,16,Expe5,26,3,All,16,3
144,17,Expe5,26,6,All,17,3
144,18,Expe5,26,1,All,18,3
145,1,Expe5,27,3,All,1,1
145,2,Expe5,27,1,All,2,1
145,3,Expe5,27,4,All,3,1
145,4,Expe5,27,6,All,4,1
145,5,Expe5,27,2,All,5,1
145,6,Expe5,27,5,All,6,1
145,7,Expe5,27,6,All,7,2
145,8,Expe5,27,2,All,8,2
145,9,Expe5,27,3,All,9,2
145,10,Expe5,27,5,All,10,2
145,11,Expe5,27,1,All,11,2
145,12,Expe5,27,4,All,12,2
145,13,Expe5,27,4,All,13,3
145,14,Expe5,27,3,All,14,3
145,15,Expe5,27,2,All,15,3
145,16,Expe5,27,1,All,16,3
145,17,Expe5,27,5,All,17,3
145,18,Expe5,27,6,All,18,3
