subject,group,block,set_size,set_size_exposure,mean_chosen_error,mean_unchosen_error,error_avoidance_D,n_error_trials
1,All,1,2,1,0.8,1.0,0.2,5
1,All,2,3,1,0.0,1.0,1.0,1
1,All,3,2,2,0.0,1.0,1.0,2
1,All,4,5,1,0.75,1.0,0.25,4
1,All,5,6,1,1.8275862068965518,1.9655172413793103,0.13793103448275862,29
1,All,6,4,1,0.8,1.1,0.3,10
1,All,8,3,2,0.6666666666666666,0.6666666666666666,0.0,3
1,All,9,6,2,2.0476190476190474,1.8333333333333333,-0.21428571428571427,42
1,All,10,5,2,0.5,1.0,0.5,6
1,All,11,4,2,0.0,1.0,1.0,1
1,All,12,2,4,0.5,1.0,0.5,2
1,All,14,2,5,0.0,0.5,0.5,2
1,All,15,5,3,1.6428571428571428,0.35714285714285715,-1.2857142857142858,14
1,All,16,6,3,1.0,0.0,-1.0,3
1,All,17,4,3,0.3333333333333333,0.6666666666666666,0.3333333333333333,3
2,All,1,3,1,1.0,0.0,-1.0,1
2,All,2,5,1,0.3333333333333333,1.0,0.6666666666666666,3
2,All,5,2,2,0.0,1.0,1.0,2
2,All,7,6,1,0.2,0.8,0.6,5
2,All,9,4,2,0.0,1.0,1.0,2
2,All,10,5,2,0.5,0.5,0.0,4
2,All,11,6,2,0.75,1.0,0.25,4
2,All,12,3,3,0.0,0.5,0.5,2
2,All,13,5,3,0.0,1.0,1.0,2
2,All,15,4,3,0.75,1.0,0.25,4
2,All,18,6,3,0.3333333333333333,0.6666666666666666,0.3333333333333333,3
3,All,1,5,1,1.25,1.5,0.25,12
3,All,2,4,1,0.3333333333333333,1.0,0.6666666666666666,6
3,All,3,3,1,0.0,0.5,0.5,2
3,All,6,2,2,0.0,1.0,1.0,1
3,All,7,2,3,0.0,1.0,1.0,1
3,All,8,6,1,0.6,0.8,0.2,5
3,All,9,5,2,1.25,0.75,-0.5,8
3,All,10,4,2,0.5,1.0,0.5,2
3,All,11,6,2,1.1666666666666667,1.0,-0.16666666666666666,12
3,All,12,5,3,0.5,1.0,0.5,2
3,All,13,4,3,0.3333333333333333,1.0,0.6666666666666666,3
3,All,14,3,3,0.0,1.0,1.0,1
3,All,15,3,4,1.0,0.0,-1.0,1
3,All,17,2,5,0.0,1.0,1.0,1
3,All,18,2,6,0.0,1.0,1.0,2
4,All,1,4,1,0.3333333333333333,1.0,0.6666666666666666,3
4,All,2,3,1,0.0,0.0,0.0,1
4,All,3,5,1,0.875,0.875,0.0,8
4,All,4,2,1,0.0,1.0,1.0,1
4,All,5,3,2,0.75,1.0,0.25,4
4,All,6,6,1,1.3,0.9,-0.4,10
4,All,7,2,2,0.0,1.0,1.0,2
4,All,8,2,3,0.0,1.0,1.0,2
4,All,9,6,2,1.1,0.7,-0.4,10
4,All,10,4,2,0.0,1.0,1.0,1
4,All,11,5,2,0.5,0.0,-0.5,2
4,All,12,4,3,0.3333333333333333,0.6666666666666666,0.3333333333333333,3
4,All,13,3,3,0.0,1.0,1.0,2
4,All,14,5,3,0.4,1.0,0.6,5
4,All,15,2,4,0.0,0.0,0.0,1
4,All,17,6,3,0.5833333333333334,1.0833333333333333,0.5,12
4,All,18,2,5,0.0,1.0,1.0,1
5,All,1,3,1,0.0,0.3333333333333333,0.3333333333333333,3
5,All,3,4,1,1.0,0.75,-0.25,8
5,All,4,6,1,1.5333333333333334,1.4666666666666666,-0.06666666666666667,15
5,All,5,5,1,0.3333333333333333,0.8333333333333334,0.5,6
5,All,6,2,2,0.5,1.0,0.5,2
5,All,7,3,2,0.0,1.0,1.0,1
5,All,8,2,3,0.0,1.0,1.0,1
5,All,9,5,2,0.9375,1.375,0.4375,16
5,All,10,4,2,2.9285714285714284,1.7142857142857142,-1.2142857142857142,14
5,All,11,6,2,0.42857142857142855,0.8571428571428571,0.42857142857142855,7
5,All,12,3,3,0.7142857142857143,1.1428571428571428,0.42857142857142855,7
5,All,13,2,4,0.0,1.0,1.0,1
5,All,14,4,3,0.5714285714285714,0.8571428571428571,0.2857142857142857,7
5,All,15,6,3,0.9375,1.375,0.4375,16
5,All,16,5,3,1.0833333333333333,0.5,-0.5833333333333334,12
5,All,18,3,4,0.6,0.8,0.2,5
6,All,1,2,1,0.5,1.0,0.5,2
6,All,2,6,1,1.7777777777777777,0.6666666666666666,-1.1111111111111112,18
6,All,5,4,1,0.6666666666666666,0.3333333333333333,-0.3333333333333333,3
6,All,6,2,3,0.0,1.0,1.0,1
6,All,7,5,1,0.3333333333333333,1.0,0.6666666666666666,3
6,All,8,3,2,0.0,1.0,1.0,2
6,All,9,6,2,1.3571428571428572,0.8571428571428571,-0.5,14
6,All,10,4,2,1.0,1.5,0.5,4
6,All,11,5,2,0.3333333333333333,1.0,0.6666666666666666,3
6,All,12,2,4,0.0,1.0,1.0,1
6,All,13,6,3,0.8,0.9,0.1,10
6,All,14,3,3,0.0,1.0,1.0,1
6,All,15,2,5,0.0,1.0,1.0,1
6,All,16,4,3,0.3333333333333333,0.3333333333333333,0.0,3
6,All,18,5,3,0.3333333333333333,1.1666666666666667,0.8333333333333334,6
7,All,1,6,1,2.9444444444444446,0.3333333333333333,-2.611111111111111,18
7,All,2,2,1,0.0,1.0,1.0,1
7,All,3,2,2,0.0,1.0,1.0,1
7,All,4,2,3,0.5,1.0,0.5,2
7,All,5,3,1,0.0,1.0,1.0,1
7,All,6,3,2,0.5,0.0,-0.5,2
7,All,7,4,1,0.0,1.0,1.0,2
7,All,8,5,1,1.6923076923076923,1.3076923076923077,-0.38461538461538464,13
7,All,9,6,2,1.5,0.3125,-1.1875,16
7,All,10,5,2,0.75,0.875,0.125,8
7,All,11,4,2,1.2857142857142858,0.7142857142857143,-0.5714285714285714,7
7,All,12,6,3,0.5,0.5,0.0,2
7,All,16,3,3,0.0,1.0,1.0,1
7,All,17,3,4,0.0,1.0,1.0,1
7,All,18,4,3,0.6666666666666666,1.3333333333333333,0.6666666666666666,3
8,All,2,2,2,0.0,1.0,1.0,1
8,All,3,6,1,1.7037037037037037,0.8888888888888888,-0.8148148148148148,27
8,All,4,3,1,0.8,1.2,0.4,5
8,All,6,5,1,2.0,0.9285714285714286,-1.0714285714285714,14
8,All,9,5,2,1.4545454545454546,1.4545454545454546,0.0,11
8,All,10,4,2,0.0,1.0,1.0,1
8,All,11,6,2,1.0769230769230769,1.0,-0.07692307692307693,13
8,All,12,2,4,0.0,1.0,1.0,1
8,All,13,2,5,0.0,1.0,1.0,1
8,All,14,6,3,0.6,0.6,0.0,5
8,All,17,5,3,1.5,1.1875,-0.3125,16
9,All,1,6,1,0.7,0.9,0.2,10
9,All,3,3,1,0.0,0.0,0.0,2
9,All,4,2,2,0.0,1.0,1.0,2
9,All,5,3,2,0.5,0.5,0.0,2
9,All,6,5,1,0.0,0.6666666666666666,0.6666666666666666,3
9,All,7,4,1,0.25,0.75,0.5,4
9,All,9,5,2,0.0,1.0,1.0,1
9,All,10,6,2,0.0,1.0,1.0,2
9,All,11,4,2,0.6666666666666666,1.3333333333333333,0.6666666666666666,6
9,All,12,6,3,0.5,0.0,-0.5,2
9,All,14,3,3,0.0,0.0,0.0,1
9,All,15,2,5,0.0,0.0,0.0,1
9,All,16,3,4,0.25,1.0,0.75,4
9,All,17,5,3,0.3333333333333333,1.0,0.6666666666666666,6
9,All,18,4,3,0.6666666666666666,0.6666666666666666,0.0,3
10,All,2,2,2,0.0,1.0,1.0,1
10,All,3,6,1,1.25,1.25,0.0,16
10,All,4,5,1,0.5,1.0,0.5,2
10,All,5,3,1,0.0,1.0,1.0,2
10,All,7,3,2,1.4285714285714286,1.1428571428571428,-0.2857142857142857,7
10,All,8,4,1,0.5,0.75,0.25,4
10,All,9,6,2,0.375,0.75,0.375,8
10,All,10,5,2,0.5,1.0,0.5,2
10,All,11,4,2,0.5714285714285714,1.2857142857142858,0.7142857142857143,7
10,All,12,2,4,0.0,1.0,1.0,1
10,All,14,6,3,1.25,1.3333333333333333,0.08333333333333333,12
10,All,15,5,3,0.0,1.0,1.0,1
10,All,16,3,3,1.5,1.0,-0.5,8
10,All,18,3,4,0.0,1.0,1.0,1
11,All,1,2,1,0.5,0.0,-0.5,2
11,All,2,5,1,2.341463414634146,2.1951219512195124,-0.14634146341463414,41
11,All,3,2,2,0.6666666666666666,1.3333333333333333,0.6666666666666666,3
11,All,4,2,3,1.8333333333333333,0.8333333333333334,-1.0,6
11,All,5,6,1,3.0392156862745097,2.3137254901960786,-0.7254901960784313,51
11,All,6,4,1,1.1818181818181819,1.3181818181818181,0.13636363636363635,22
11,All,7,3,1,2.076923076923077,1.9230769230769231,-0.15384615384615385,13
11,All,8,3,2,1.0,1.4444444444444444,0.4444444444444444,9
11,All,9,6,2,1.7692307692307692,1.4615384615384615,-0.3076923076923077,39
11,All,10,5,2,1.0,1.1764705882352942,0.17647058823529413,17
11,All,11,4,2,1.7692307692307692,1.8461538461538463,0.07692307692307693,26
11,All,12,2,4,0.0,0.3333333333333333,0.3333333333333333,3
11,All,13,5,3,2.2,2.3714285714285714,0.17142857142857143,35
11,All,14,2,5,2.272727272727273,0.0,-2.272727272727273,11
11,All,15,2,6,1.0,0.0,-1.0,1
11,All,16,6,3,2.3658536585365852,2.1707317073170733,-0.1951219512195122,41
11,All,17,4,3,0.5,0.5,0.0,4
11,All,18,3,3,1.7272727272727273,0.0,-1.7272727272727273,11
12,All,1,5,1,0.5,0.75,0.25,4
12,All,2,2,1,0.5,0.5,0.0,2
12,All,3,2,2,0.0,1.0,1.0,1
12,All,6,3,1,0.0,0.5,0.5,2
12,All,7,6,1,1.1666666666666667,0.25,-0.9166666666666666,12
12,All,8,3,2,0.0,0.5,0.5,2
12,All,9,4,2,0.3333333333333333,1.0,0.6666666666666666,3
12,All,10,5,2,1.1666666666666667,0.5833333333333334,-0.5833333333333334,12
12,All,11,6,2,0.5,0.6666666666666666,0.16666666666666666,6
12,All,12,5,3,1.0,1.0,0.0,3
12,All,15,4,3,1.0,0.0,-1.0,2
12,All,17,3,3,0.0,1.0,1.0,1
12,All,18,6,3,0.7,1.3,0.6,10
13,All,1,2,1,1.0,1.0,0.0,3
13,All,2,4,1,0.9285714285714286,1.1428571428571428,0.21428571428571427,14
13,All,3,5,1,0.6,1.0,0.4,5
13,All,4,3,1,0.0,0.0,0.0,1
13,All,5,2,2,0.0,1.0,1.0,2
13,All,6,3,2,0.0,1.0,1.0,1
13,All,7,2,3,0.3333333333333333,0.6666666666666666,0.3333333333333333,3
13,All,8,6,1,1.55,1.85,0.3,20
13,All,9,4,2,0.0,0.6666666666666666,0.6666666666666666,3
13,All,10,6,2,1.0,1.0,0.0,6
13,All,11,5,2,0.0,0.4,0.4,5
13,All,12,2,4,0.0,0.0,0.0,1
13,All,13,4,3,0.75,1.0,0.25,4
13,All,14,5,3,0.75,1.0,0.25,4
13,All,15,3,3,0.0,0.0,0.0,1
13,All,16,2,5,0.0,1.0,1.0,1
13,All,17,3,4,0.0,1.0,1.0,2
13,All,18,2,6,1.0,0.0,-1.0,1
14,All,1,4,1,0.0,0.0,0.0,1
14,All,2,3,1,0.0,0.0,0.0,1
14,All,4,3,2,0.5,1.0,0.5,2
14,All,5,5,1,1.6896551724137931,1.896551724137931,0.20689655172413793,29
14,All,6,6,1,2.09375,1.09375,-1.0,32
14,All,7,2,2,0.4,0.8,0.4,5
14,All,8,2,3,0.5,1.0,0.5,2
14,All,9,5,2,1.5555555555555556,1.4444444444444444,-0.1111111111111111,9
14,All,10,4,2,0.0,0.5,0.5,2
14,All,11,6,2,2.3548387096774195,2.096774193548387,-0.25806451612903225,31
14,All,12,4,3,0.0,1.0,1.0,2
14,All,13,3,3,0.0,0.0,0.0,1
14,All,14,2,4,1.0,0.0,-1.0,1
14,All,15,3,4,0.0,1.0,1.0,1
14,All,16,5,3,0.3333333333333333,0.6666666666666666,0.3333333333333333,3
14,All,17,6,3,0.9166666666666666,1.0,0.08333333333333333,12
14,All,18,2,5,0.0,1.0,1.0,2
15,All,1,3,1,0.5,1.0,0.5,2
15,All,2,3,2,0.0,1.0,1.0,2
15,All,3,4,1,0.3333333333333333,0.8888888888888888,0.5555555555555556,9
15,All,4,6,1,1.962962962962963,1.4814814814814814,-0.48148148148148145,27
15,All,5,2,1,0.0,1.0,1.0,2
15,All,6,2,2,0.0,1.0,1.0,1
15,All,7,5,1,1.2142857142857142,1.7142857142857142,0.5,14
15,All,9,6,2,1.2142857142857142,1.1428571428571428,-0.07142857142857142,14
15,All,10,5,2,0.7142857142857143,1.2857142857142858,0.5714285714285714,7
15,All,11,4,2,0.0,1.0,1.0,1
15,All,14,4,3,0.8,0.6,-0.2,5
15,All,15,6,3,0.5,0.8333333333333334,0.3333333333333333,6
15,All,18,5,3,0.3,0.7,0.4,10
16,All,1,3,1,0.0,1.0,1.0,2
16,All,2,6,1,1.45,1.35,-0.1,20
16,All,3,3,2,0.0,1.0,1.0,1
16,All,5,4,1,0.5,1.0,0.5,2
16,All,7,2,3,0.0,1.0,1.0,1
16,All,8,5,1,0.0,1.0,1.0,1
16,All,9,4,2,0.4,1.0,0.6,5
16,All,10,6,2,0.5,1.0,0.5,4
16,All,12,3,3,0.0,1.0,1.0,1
16,All,13,6,3,0.25,0.75,0.5,4
16,All,14,3,4,0.5,0.0,-0.5,2
16,All,16,4,3,0.0,1.0,1.0,1
16,All,17,2,5,0.0,1.0,1.0,1
16,All,18,2,6,0.0,1.0,1.0,1
17,All,1,2,1,0.5,0.5,0.0,4
17,All,2,6,1,0.6,0.7,0.1,10
17,All,3,2,2,0.5,1.25,0.75,4
17,All,4,5,1,2.0,2.0,0.0,20
17,All,5,3,1,1.0,0.16666666666666666,-0.8333333333333334,6
17,All,6,4,1,1.8333333333333333,1.6666666666666667,-0.16666666666666666,6
17,All,7,2,3,1.0,0.0,-1.0,1
17,All,8,3,2,0.5,1.0,0.5,2
17,All,9,4,2,0.42857142857142855,0.5714285714285714,0.14285714285714285,7
17,All,10,6,2,2.0,1.3846153846153846,-0.6153846153846154,13
17,All,11,5,2,3.138888888888889,2.6666666666666665,-0.4722222222222222,36
17,All,12,2,4,0.0,0.5,0.5,2
17,All,13,6,3,1.1538461538461537,1.3846153846153846,0.23076923076923078,13
17,All,14,2,5,0.5,1.0,0.5,2
17,All,15,5,3,1.0,0.7272727272727273,-0.2727272727272727,11
17,All,16,3,3,0.4,1.0,0.6,5
17,All,17,4,3,0.25,0.5,0.25,4
17,All,18,2,6,0.5,0.0,-0.5,2
18,All,1,6,1,0.5555555555555556,0.8888888888888888,0.3333333333333333,9
18,All,2,5,1,1.0,0.6666666666666666,-0.3333333333333333,6
18,All,4,4,1,1.2,1.0,-0.2,5
18,All,5,2,2,0.0,1.0,1.0,1
18,All,6,3,1,0.0,1.0,1.0,2
18,All,8,2,3,0.0,1.0,1.0,1
18,All,9,5,2,1.1,1.5,0.4,10
18,All,10,6,2,0.5714285714285714,0.5714285714285714,0.0,7
18,All,11,4,2,0.0,1.0,1.0,1
18,All,12,6,3,0.6666666666666666,0.6666666666666666,0.0,3
18,All,13,5,3,0.4,1.0,0.6,5
18,All,14,2,4,0.0,1.0,1.0,2
18,All,15,4,3,0.0,1.0,1.0,2
18,All,16,2,5,0.0,1.0,1.0,1
18,All,17,3,3,0.0,1.0,1.0,1
18,All,18,3,4,0.0,1.0,1.0,1
19,All,1,5,1,0.5,0.5,0.0,2
19,All,2,4,1,0.6,0.8,0.2,5
19,All,3,6,1,0.5,0.8333333333333334,0.3333333333333333,6
19,All,4,3,1,0.0,1.0,1.0,1
19,All,5,2,1,0.0,1.0,1.0,1
19,All,7,2,3,0.0,1.0,1.0,1
19,All,8,3,2,0.0,1.0,1.0,1
19,All,9,4,2,0.0,1.0,1.0,3
19,All,10,5,2,0.0,1.0,1.0,3
19,All,11,6,2,0.625,0.875,0.25,8
19,All,12,5,3,0.0,0.5,0.5,2
19,All,14,6,3,0.25,1.0,0.75,4
20,All,3,3,2,0.0,0.0,0.0,1
20,All,4,2,2,0.0,1.0,1.0,1
20,All,5,4,1,0.5,1.0,0.5,2
20,All,7,5,1,0.6,1.0,0.4,5
20,All,8,6,1,0.625,0.75,0.125,8
20,All,9,4,2,0.3333333333333333,1.0,0.6666666666666666,3
20,All,10,5,2,0.8888888888888888,0.8888888888888888,0.0,9
20,All,11,6,2,0.5,0.5,0.0,2
20,All,13,3,3,0.0,1.0,1.0,2
20,All,14,3,4,0.0,1.0,1.0,3
20,All,15,2,5,0.0,1.0,1.0,1
20,All,16,4,3,0.0,1.0,1.0,1
20,All,17,2,6,0.0,1.0,1.0,1
20,All,18,5,3,0.75,0.875,0.125,8
21,All,2,2,1,0.0,1.0,1.0,1
21,All,3,2,2,0.0,1.0,1.0,1
21,All,4,2,3,0.0,1.0,1.0,2
21,All,5,3,2,0.0,1.0,1.0,2
21,All,6,6,1,2.1666666666666665,0.0,-2.1666666666666665,6
21,All,7,4,1,0.0,0.6666666666666666,0.6666666666666666,3
21,All,8,5,1,0.875,1.0,0.125,8
21,All,9,6,2,1.3793103448275863,1.896551724137931,0.5172413793103449,29
21,All,10,4,2,0.6666666666666666,0.8333333333333334,0.16666666666666666,6
21,All,11,5,2,1.2307692307692308,0.6923076923076923,-0.5384615384615384,13
21,All,12,3,3,0.0,1.0,1.0,1
21,All,14,2,5,0.5,0.5,0.0,2
21,All,15,2,6,0.0,1.0,1.0,1
21,All,17,6,3,0.5,1.0,0.5,6
21,All,18,4,3,0.0,1.0,1.0,1
22,All,1,2,1,0.5,0.5,0.0,2
22,All,3,3,1,0.0,0.3333333333333333,0.3333333333333333,3
22,All,4,6,1,2.08,1.6,-0.48,25
22,All,5,2,3,0.5,0.0,-0.5,2
22,All,6,5,1,0.8888888888888888,0.6666666666666666,-0.2222222222222222,9
22,All,7,3,2,0.5,1.0,0.5,2
22,All,8,4,1,0.3333333333333333,1.0,0.6666666666666666,3
22,All,9,5,2,0.4,1.0,0.6,5
22,All,10,6,2,1.0,1.3636363636363635,0.36363636363636365,11
22,All,11,4,2,0.5,0.5,0.0,4
22,All,12,2,4,0.0,0.5,0.5,2
22,All,13,2,5,1.0,0.0,-1.0,1
22,All,14,3,3,0.3333333333333333,0.6666666666666666,0.3333333333333333,3
22,All,15,6,3,0.3333333333333333,1.0,0.6666666666666666,3
22,All,16,2,6,0.0,1.0,1.0,1
22,All,17,5,3,0.0,0.6666666666666666,0.6666666666666666,3
22,All,18,3,4,0.3333333333333333,0.6666666666666666,0.3333333333333333,3
23,All,1,2,1,1.0,0.0,-1.0,1
23,All,2,4,1,0.6666666666666666,0.6666666666666666,0.0,3
23,All,3,3,1,1.0,0.0,-1.0,4
23,All,4,3,2,0.5,1.0,0.5,4
23,All,5,5,1,0.5,0.5,0.0,8
23,All,6,2,2,0.0,1.0,1.0,1
23,All,7,2,3,0.25,0.75,0.5,4
23,All,8,6,1,3.4444444444444446,2.5,-0.9444444444444444,36
23,All,9,4,2,0.4,1.2,0.8,5
23,All,10,5,2,0.8,1.0,0.2,5
23,All,11,6,2,1.0,1.1818181818181819,0.18181818181818182,11
23,All,13,4,3,0.8333333333333334,1.1666666666666667,0.3333333333333333,6
23,All,14,3,3,0.5,1.0,0.5,4
23,All,16,5,3,0.5,1.0,0.5,2
23,All,17,2,5,0.5,1.0,0.5,2
24,All,2,3,1,0.0,0.5,0.5,2
24,All,4,2,2,0.0,1.0,1.0,2
24,All,5,3,2,0.5,0.5,0.0,2
24,All,6,6,1,1.0,0.4666666666666667,-0.5333333333333333,15
24,All,7,5,1,1.3636363636363635,1.4545454545454546,0.09090909090909091,11
24,All,8,2,3,0.5,0.5,0.0,2
24,All,9,4,2,1.0,0.7142857142857143,-0.2857142857142857,7
24,All,10,5,2,1.92,1.84,-0.08,25
24,All,11,6,2,1.4814814814814814,1.0740740740740742,-0.4074074074074074,27
24,All,12,4,3,0.6363636363636364,1.0909090909090908,0.45454545454545453,11
24,All,13,3,3,0.3333333333333333,1.0,0.6666666666666666,3
24,All,14,2,4,0.0,1.0,1.0,2
24,All,15,2,5,0.5,1.0,0.5,2
24,All,16,3,4,0.0,1.0,1.0,1
24,All,17,6,3,1.0476190476190477,1.5714285714285714,0.5238095238095238,21
24,All,18,5,3,1.6666666666666667,1.6666666666666667,0.0,18
25,All,1,3,1,0.7142857142857143,1.0,0.2857142857142857,7
25,All,2,2,1,0.0,1.0,1.0,1
25,All,3,4,1,1.5,0.625,-0.875,8
25,All,4,6,1,1.5909090909090908,1.4545454545454546,-0.13636363636363635,22
25,All,5,2,2,0.0,1.0,1.0,1
25,All,6,2,3,0.0,0.0,0.0,1
25,All,7,3,2,0.5,1.25,0.75,4
25,All,8,5,1,2.138888888888889,1.7222222222222223,-0.4166666666666667,36
25,All,9,4,2,0.5,1.0,0.5,2
25,All,10,5,2,0.5555555555555556,0.8888888888888888,0.3333333333333333,9
25,All,11,6,2,1.775,2.225,0.45,40
25,All,13,2,4,0.0,0.0,0.0,1
25,All,14,4,3,0.875,0.875,0.0,8
25,All,15,6,3,1.9393939393939394,1.9696969696969697,0.030303030303030304,33
25,All,17,2,6,1.0,0.0,-1.0,4
25,All,18,3,4,1.1428571428571428,1.2857142857142858,0.14285714285714285,7
26,All,1,2,1,0.0,1.0,1.0,1
26,All,2,6,1,2.413793103448276,1.7241379310344827,-0.6896551724137931,29
26,All,3,3,1,0.0,1.0,1.0,1
26,All,4,2,2,0.0,0.6666666666666666,0.6666666666666666,3
26,All,5,4,1,0.3333333333333333,0.6666666666666666,0.3333333333333333,3
26,All,6,5,1,0.8,0.8,0.0,5
26,All,7,2,3,0.0,1.0,1.0,2
26,All,8,3,2,1.0,0.0,-1.0,1
26,All,9,4,2,0.0,1.0,1.0,2
26,All,10,6,2,0.625,1.25,0.625,8
26,All,11,5,2,1.3571428571428572,1.7857142857142858,0.42857142857142855,14
26,All,12,2,4,0.0,1.0,1.0,1
26,All,13,6,3,2.1739130434782608,1.8695652173913044,-0.30434782608695654,23
26,All,14,3,3,0.0,1.0,1.0,1
26,All,15,2,5,0.0,1.0,1.0,1
26,All,16,4,3,0.3333333333333333,0.8333333333333334,0.5,6
26,All,17,5,3,0.8571428571428571,1.0,0.14285714285714285,7
26,All,18,2,6,0.0,1.0,1.0,1
27,All,1,6,1,0.4,1.0,0.6,5
27,All,2,2,1,1.0,0.0,-1.0,1
27,All,3,2,2,0.0,1.0,1.0,1
27,All,4,5,1,0.25,1.0,0.75,4
27,All,5,3,1,0.5,1.0,0.5,2
27,All,6,3,2,0.0,1.0,1.0,2
27,All,7,4,1,0.5,1.25,0.75,4
27,All,8,2,3,0.0,0.0,0.0,1
27,All,9,6,2,1.1666666666666667,1.0,-0.16666666666666666,6
27,All,10,4,2,0.0,1.0,1.0,1
27,All,11,5,2,0.6,1.0,0.4,10
27,All,12,6,3,0.0,1.0,1.0,4
27,All,13,2,4,0.0,1.0,1.0,1
27,All,15,5,3,0.0,1.0,1.0,1
27,All,16,3,3,0.0,1.0,1.0,2
27,All,18,4,3,0.3333333333333333,1.0,0.6666666666666666,3
28,All,2,5,1,0.4,0.6,0.2,5
28,All,3,6,1,0.9166666666666666,1.25,0.3333333333333333,12
28,All,4,3,1,0.3333333333333333,1.0,0.6666666666666666,3
28,All,5,2,2,0.0,1.0,1.0,2
28,All,7,3,2,0.0,0.5,0.5,2
28,All,8,4,1,0.0,1.0,1.0,2
28,All,9,5,2,1.0,1.0714285714285714,0.07142857142857142,14
28,All,10,4,2,0.3333333333333333,1.0,0.6666666666666666,3
28,All,11,6,2,1.3571428571428572,0.9285714285714286,-0.42857142857142855,14
28,All,12,2,4,0.0,1.0,1.0,2
28,All,13,5,3,0.7142857142857143,1.1428571428571428,0.42857142857142855,7
28,All,14,6,3,0.875,0.375,-0.5,8
28,All,15,3,3,0.0,0.0,0.0,1
29,All,1,5,1,1.1818181818181819,0.2727272727272727,-0.9090909090909091,11
29,All,2,3,1,0.0,1.0,1.0,1
29,All,3,2,1,0.0,1.0,1.0,1
29,All,4,2,2,0.3333333333333333,0.6666666666666666,0.3333333333333333,3
29,All,5,6,1,3.4516129032258065,1.3225806451612903,-2.129032258064516,31
29,All,6,4,1,2.2,0.0,-2.2,5
29,All,7,2,3,0.3333333333333333,0.3333333333333333,0.0,3
29,All,9,5,2,0.6666666666666666,0.8333333333333334,0.16666666666666666,6
29,All,10,4,2,1.3333333333333333,1.5,0.16666666666666666,12
29,All,11,6,2,2.697674418604651,2.744186046511628,0.046511627906976744,43
29,All,12,5,3,3.2777777777777777,1.9444444444444444,-1.3333333333333333,18
29,All,13,3,3,0.875,1.125,0.25,8
29,All,14,2,4,0.0,1.0,1.0,1
29,All,16,6,3,1.4285714285714286,1.0,-0.42857142857142855,7
29,All,17,4,3,0.6666666666666666,0.6666666666666666,0.0,3
29,All,18,2,6,0.0,1.0,1.0,1
30,All,1,3,1,0.6,0.2,-0.4,5
30,All,2,2,1,0.3333333333333333,0.6666666666666666,0.3333333333333333,3
30,All,3,5,1,2.0,1.8,-0.2,15
30,All,4,4,1,0.75,0.75,0.0,4
30,All,5,2,2,0.0,1.0,1.0,1
30,All,6,3,2,0.3333333333333333,1.0,0.6666666666666666,3
30,All,7,6,1,0.4,1.0,0.6,5
30,All,8,2,3,0.3333333333333333,1.0,0.6666666666666666,3
30,All,9,4,2,1.0,1.4444444444444444,0.4444444444444444,9
30,All,10,5,2,0.8888888888888888,1.3333333333333333,0.4444444444444444,9
30,All,11,6,2,1.2222222222222223,1.6666666666666667,0.4444444444444444,18
30,All,12,3,3,1.0,1.0,0.0,3
30,All,13,2,4,0.5,1.0,0.5,2
30,All,14,5,3,0.7142857142857143,1.2857142857142858,0.5714285714285714,7
30,All,16,2,5,0.0,0.0,0.0,1
30,All,17,3,4,0.0,0.5,0.5,2
30,All,18,6,3,0.5,0.0,-0.5,2
31,All,1,6,1,1.25,0.6666666666666666,-0.5833333333333334,12
31,All,3,3,1,0.5,1.0,0.5,2
31,All,4,4,1,0.0,0.5,0.5,2
31,All,5,2,2,0.0,1.0,1.0,2
31,All,6,5,1,0.5,0.75,0.25,4
31,All,8,3,2,0.3333333333333333,0.3333333333333333,0.0,3
31,All,9,6,2,1.4761904761904763,1.8095238095238095,0.3333333333333333,21
31,All,10,5,2,0.5714285714285714,1.0,0.42857142857142855,7
31,All,11,4,2,1.0,0.8571428571428571,-0.14285714285714285,7
31,All,12,6,3,1.4,0.8,-0.6,10
31,All,13,2,4,0.0,1.0,1.0,1
31,All,15,4,3,0.4,0.8,0.4,5
31,All,16,2,5,0.0,0.0,0.0,1
31,All,17,5,3,0.8,0.6,-0.2,5
31,All,18,2,6,0.5,1.0,0.5,2
32,All,1,2,1,0.0,1.0,1.0,1
32,All,2,4,1,1.0588235294117647,1.3529411764705883,0.29411764705882354,17
32,All,3,6,1,2.096774193548387,1.8709677419354838,-0.22580645161290322,31
32,All,4,5,1,0.7777777777777778,1.0,0.2222222222222222,9
32,All,5,3,1,0.5,1.25,0.75,4
32,All,6,3,2,0.6666666666666666,0.6666666666666666,0.0,3
32,All,7,2,2,0.0,1.0,1.0,1
32,All,8,2,3,0.5,1.0,0.5,2
32,All,9,6,2,1.3076923076923077,1.3846153846153846,0.07692307692307693,13
32,All,10,4,2,0.3333333333333333,0.8333333333333334,0.5,6
32,All,11,5,2,1.0,0.0,-1.0,1
32,All,12,2,4,0.0,1.0,1.0,1
32,All,13,4,3,0.3333333333333333,0.3333333333333333,0.0,3
32,All,14,6,3,2.259259259259259,1.8148148148148149,-0.4444444444444444,27
32,All,15,5,3,0.625,0.875,0.25,8
32,All,16,3,3,0.25,0.75,0.5,4
32,All,17,3,4,0.5,1.0,0.5,2
32,All,18,2,5,0.0,1.0,1.0,1
33,All,1,5,1,1.9166666666666667,1.625,-0.2916666666666667,24
33,All,2,3,1,0.8333333333333334,0.6666666666666666,-0.16666666666666666,6
33,All,3,4,1,0.8571428571428571,0.2857142857142857,-0.5714285714285714,7
33,All,4,2,1,0.5,0.0,-0.5,2
33,All,6,2,3,1.0,0.0,-1.0,1
33,All,7,6,1,1.7777777777777777,0.0,-1.7777777777777777,9
33,All,8,3,2,0.75,0.0,-0.75,4
33,All,9,5,2,2.0555555555555554,2.3333333333333335,0.2777777777777778,18
33,All,10,4,2,0.5,0.5,0.0,2
33,All,11,6,2,1.6896551724137931,1.1379310344827587,-0.5517241379310345,29
33,All,12,5,3,0.75,1.125,0.375,8
33,All,13,3,3,0.5,1.0,0.5,2
33,All,14,4,3,1.1666666666666667,1.0,-0.16666666666666666,6
33,All,15,2,4,0.3333333333333333,0.6666666666666666,0.3333333333333333,3
33,All,16,2,5,0.0,1.0,1.0,1
33,All,17,2,6,1.0,0.0,-1.0,1
33,All,18,6,3,1.1666666666666667,1.5833333333333333,0.4166666666666667,12
34,All,1,3,1,0.0,0.5,0.5,2
34,All,2,2,1,0.5,0.5,0.0,2
34,All,3,5,1,1.0,0.8571428571428571,-0.14285714285714285,7
34,All,4,2,2,0.6666666666666666,1.3333333333333333,0.6666666666666666,3
34,All,5,4,1,0.3333333333333333,0.6666666666666666,0.3333333333333333,3
34,All,6,3,2,0.0,0.6666666666666666,0.6666666666666666,3
34,All,8,6,1,0.3333333333333333,0.3333333333333333,0.0,6
34,All,9,4,2,0.3333333333333333,1.0,0.6666666666666666,3
34,All,10,5,2,1.2857142857142858,1.0,-0.2857142857142857,7
34,All,11,6,2,2.1739130434782608,2.6956521739130435,0.5217391304347826,23
34,All,12,3,3,0.0,0.0,0.0,1
34,All,13,2,4,0.0,1.0,1.0,1
34,All,14,5,3,1.0,1.5454545454545454,0.5454545454545454,11
34,All,16,4,3,0.5,1.0,0.5,2
34,All,17,3,4,0.0,1.0,1.0,1
34,All,18,2,6,0.5,1.0,0.5,2
35,All,1,2,1,0.0,0.5,0.5,2
35,All,2,2,2,0.0,1.0,1.0,1
35,All,3,3,1,0.0,1.0,1.0,1
35,All,4,3,2,0.5,1.0,0.5,4
35,All,5,5,1,1.4,0.8,-0.6,5
35,All,6,6,1,0.5,1.0,0.5,8
35,All,7,4,1,0.3333333333333333,1.0,0.6666666666666666,3
35,All,8,2,3,0.0,0.5,0.5,2
35,All,9,5,2,0.5714285714285714,1.2857142857142858,0.7142857142857143,7
35,All,10,6,2,0.2857142857142857,0.8571428571428571,0.5714285714285714,7
35,All,11,4,2,0.5,1.0,0.5,2
35,All,12,2,4,0.0,1.0,1.0,1
35,All,13,2,5,0.0,0.5,0.5,2
35,All,14,3,3,0.0,1.0,1.0,1
35,All,15,3,4,0.0,0.0,0.0,1
35,All,16,5,3,1.1666666666666667,0.3333333333333333,-0.8333333333333334,6
35,All,17,6,3,0.6666666666666666,0.8333333333333334,0.16666666666666666,6
36,All,1,2,1,0.5,1.0,0.5,2
36,All,3,2,2,0.0,0.5,0.5,2
36,All,4,6,1,0.875,0.25,-0.625,8
36,All,5,3,2,0.5,0.5,0.0,4
36,All,6,2,3,0.6666666666666666,1.1666666666666667,0.5,6
36,All,7,5,1,1.1176470588235294,1.411764705882353,0.29411764705882354,17
36,All,8,4,1,0.5,1.125,0.625,8
36,All,9,6,2,2.0689655172413794,2.0,-0.06896551724137931,29
36,All,10,4,2,2.235294117647059,1.7647058823529411,-0.47058823529411764,17
36,All,11,5,2,1.9230769230769231,1.3461538461538463,-0.5769230769230769,26
36,All,12,2,4,0.0,0.0,0.0,1
36,All,13,3,3,0.0,1.0,1.0,1
36,All,14,2,5,0.5,1.0,0.5,2
36,All,15,6,3,1.8888888888888888,1.8888888888888888,0.0,27
36,All,16,3,4,0.8,1.0,0.2,5
36,All,17,2,6,0.0,0.0,0.0,1
36,All,18,5,3,1.1875,1.5625,0.375,16
37,All,1,3,1,0.0,1.0,1.0,1
37,All,2,6,1,1.5,1.5,0.0,20
37,All,4,2,2,0.0,1.0,1.0,1
37,All,5,2,3,0.0,1.0,1.0,1
37,All,6,4,1,0.0,1.0,1.0,2
37,All,7,3,2,0.0,1.0,1.0,2
37,All,8,5,1,1.1818181818181819,1.7272727272727273,0.5454545454545454,11
37,All,9,6,2,1.3181818181818181,1.0909090909090908,-0.22727272727272727,22
37,All,10,5,2,0.75,1.0,0.25,4
37,All,11,4,2,0.5,0.75,0.25,4
37,All,12,3,3,0.0,1.0,1.0,1
37,All,13,6,3,0.5,0.5,0.0,4
37,All,16,2,6,0.0,0.0,0.0,1
37,All,17,4,3,0.25,1.0,0.75,4
37,All,18,3,4,0.0,1.0,1.0,1
38,All,1,3,1,0.2,0.6,0.4,5
38,All,2,2,1,0.6,0.8,0.2,5
38,All,3,6,1,1.68,1.8,0.12,25
38,All,4,2,2,0.0,1.0,1.0,1
38,All,5,5,1,2.121212121212121,2.1515151515151514,0.030303030303030304,33
38,All,6,3,2,0.6666666666666666,0.0,-0.6666666666666666,3
38,All,7,2,3,0.0,1.0,1.0,1
38,All,8,4,1,0.0,0.5,0.5,2
38,All,9,6,2,1.2727272727272727,1.5454545454545454,0.2727272727272727,11
38,All,10,5,2,1.2666666666666666,1.1333333333333333,-0.13333333333333333,15
38,All,11,4,2,0.75,1.25,0.5,8
38,All,12,3,3,1.0,0.0,-1.0,1
38,All,14,6,3,1.1333333333333333,0.8,-0.3333333333333333,15
38,All,16,5,3,1.2857142857142858,1.2142857142857142,-0.07142857142857142,14
38,All,17,3,4,1.0,0.0,-1.0,1
38,All,18,2,6,1.0,0.0,-1.0,1
39,All,1,2,1,0.6666666666666666,0.0,-0.6666666666666666,3
39,All,2,2,2,0.0,1.0,1.0,2
39,All,3,3,1,0.0,1.0,1.0,2
39,All,4,3,2,1.0,0.0,-1.0,1
39,All,5,6,1,1.4736842105263157,1.894736842105263,0.42105263157894735,19
39,All,6,4,1,0.5,1.1666666666666667,0.6666666666666666,6
39,All,7,5,1,0.6,0.8,0.2,5
39,All,8,2,3,0.3333333333333333,0.6666666666666666,0.3333333333333333,3
39,All,9,4,2,0.0,0.6666666666666666,0.6666666666666666,3
39,All,10,6,2,0.8181818181818182,1.2727272727272727,0.45454545454545453,11
39,All,11,5,2,1.1818181818181819,1.5454545454545454,0.36363636363636365,11
39,All,12,2,4,0.0,0.0,0.0,2
39,All,14,3,3,0.0,1.0,1.0,1
39,All,16,6,3,0.3333333333333333,0.3333333333333333,0.0,3
39,All,17,4,3,0.0,0.6666666666666666,0.6666666666666666,3
39,All,18,5,3,0.6,1.0,0.4,5
40,All,1,2,1,0.0,1.0,1.0,1
40,All,2,3,1,0.6,1.0,0.4,5
40,All,6,2,3,0.0,1.0,1.0,1
40,All,7,6,1,0.8571428571428571,1.2142857142857142,0.35714285714285715,14
40,All,8,5,1,0.9090909090909091,1.0,0.09090909090909091,11
40,All,9,4,2,0.0,1.0,1.0,2
40,All,10,6,2,0.8,1.0,0.2,10
40,All,11,5,2,0.0,0.4,0.4,5
40,All,12,2,4,0.0,1.0,1.0,1
40,All,13,3,3,1.0,1.0,0.0,3
40,All,14,2,5,0.0,0.0,0.0,1
40,All,15,4,3,0.4,0.8,0.4,5
40,All,16,3,4,0.0,1.0,1.0,1
40,All,17,2,6,0.5,1.0,0.5,2
40,All,18,6,3,0.5384615384615384,1.0769230769230769,0.5384615384615384,13
41,All,1,3,1,0.0,1.0,1.0,2
41,All,4,2,2,0.0,1.0,1.0,1
41,All,6,5,1,0.6,1.0,0.4,5
41,All,8,6,1,0.42857142857142855,1.0,0.5714285714285714,7
41,All,9,4,2,0.0,0.5,0.5,2
41,All,11,5,2,0.0,1.0,1.0,2
41,All,12,3,3,0.0,1.0,1.0,1
41,All,13,4,3,0.0,1.0,1.0,1
41,All,15,2,5,0.0,1.0,1.0,1
41,All,16,2,6,0.0,1.0,1.0,1
41,All,17,5,3,0.0,1.0,1.0,2
42,All,1,4,1,0.75,1.0,0.25,4
42,All,2,2,1,0.0,1.0,1.0,1
42,All,3,3,1,0.0,1.0,1.0,1
42,All,4,5,1,1.0,1.0,0.0,6
42,All,6,6,1,0.5555555555555556,0.6666666666666666,0.1111111111111111,9
42,All,7,2,3,0.5,0.0,-0.5,2
42,All,8,3,2,0.3333333333333333,0.3333333333333333,0.0,3
42,All,10,4,2,0.7777777777777778,0.3333333333333333,-0.4444444444444444,9
42,All,11,6,2,0.8181818181818182,1.1818181818181819,0.36363636363636365,11
42,All,12,4,3,0.0,1.0,1.0,4
42,All,13,2,4,0.0,1.0,1.0,1
42,All,14,3,3,0.0,1.0,1.0,1
42,All,15,5,3,0.0,1.0,1.0,2
42,All,16,2,5,0.0,1.0,1.0,1
42,All,17,6,3,0.42857142857142855,0.5714285714285714,0.14285714285714285,7
43,All,1,2,1,0.3333333333333333,0.6666666666666666,0.3333333333333333,3
43,All,2,5,1,0.75,0.875,0.125,8
43,All,3,4,1,1.1111111111111112,1.6666666666666667,0.5555555555555556,9
43,All,4,6,1,1.45,1.15,-0.3,20
43,All,5,3,1,0.4,0.8,0.4,5
43,All,6,3,2,0.5,1.0,0.5,4
43,All,8,2,3,0.0,1.0,1.0,1
43,All,9,5,2,0.0,0.0,0.0,1
43,All,10,6,2,0.3333333333333333,0.3333333333333333,0.0,3
43,All,11,4,2,0.8888888888888888,1.3333333333333333,0.4444444444444444,9
43,All,13,5,3,0.7,1.2,0.5,10
43,All,14,4,3,1.1,0.8,-0.3,10
43,All,15,6,3,1.75,2.09375,0.34375,32
43,All,16,3,3,0.0,1.0,1.0,1
43,All,17,3,4,0.0,0.5,0.5,2
43,All,18,2,5,0.0,1.0,1.0,2
44,All,1,5,1,2.5142857142857142,2.9714285714285715,0.45714285714285713,35
44,All,2,6,1,1.7777777777777777,1.6296296296296295,-0.14814814814814814,27
44,All,3,2,1,1.0,0.0,-1.0,1
44,All,4,3,1,0.25,1.0,0.75,4
44,All,5,4,1,0.8333333333333334,1.3333333333333333,0.5,6
44,All,6,2,2,0.0,1.0,1.0,1
44,All,8,2,3,0.5,0.5,0.0,2
44,All,9,5,2,1.4444444444444444,1.3888888888888888,-0.05555555555555555,18
44,All,10,6,2,2.08,1.76,-0.32,25
44,All,11,4,2,0.8333333333333334,1.1666666666666667,0.3333333333333333,6
44,All,12,5,3,0.8333333333333334,0.8333333333333334,0.0,6
44,All,13,6,3,3.0714285714285716,3.5,0.42857142857142855,14
44,All,14,2,4,0.0,1.0,1.0,1
44,All,15,3,3,0.5,0.5,0.0,2
44,All,16,4,3,1.7692307692307692,0.6153846153846154,-1.1538461538461537,13
44,All,17,2,5,0.0,1.0,1.0,1
44,All,18,3,4,0.0,1.0,1.0,1
45,All,1,6,1,1.4,0.0,-1.4,5
45,All,3,5,1,0.0,1.0,1.0,2
45,All,5,2,2,0.0,1.0,1.0,2
45,All,8,3,2,0.3333333333333333,1.0,0.6666666666666666,3
45,All,9,5,2,0.75,1.0,0.25,4
45,All,10,6,2,0.0,0.5,0.5,2
45,All,11,4,2,0.0,1.0,1.0,2
45,All,12,6,3,1.1428571428571428,0.2857142857142857,-0.8571428571428571,7
45,All,14,5,3,0.3333333333333333,1.0,0.6666666666666666,3
45,All,17,2,6,0.0,1.0,1.0,1
45,All,18,4,3,1.0,1.0,0.0,3
46,All,1,2,1,0.0,1.0,1.0,1
46,All,2,3,1,0.0,1.0,1.0,1
46,All,3,6,1,1.5555555555555556,0.1111111111111111,-1.4444444444444444,9
46,All,4,3,2,0.0,0.5,0.5,2
46,All,5,2,2,0.0,1.0,1.0,2
46,All,7,5,1,1.4545454545454546,0.7272727272727273,-0.7272727272727273,11
46,All,8,4,1,0.6,1.0,0.4,5
46,All,9,6,2,1.4166666666666667,1.875,0.4583333333333333,24
46,All,11,4,2,0.5714285714285714,1.0,0.42857142857142855,7
46,All,12,2,4,0.0,1.0,1.0,1
46,All,13,3,3,0.6666666666666666,1.0,0.3333333333333333,6
46,All,14,6,3,0.875,0.125,-0.75,8
46,All,17,2,6,0.0,1.0,1.0,1
46,All,18,5,3,0.0,1.0,1.0,1
47,All,1,3,1,1.1428571428571428,1.1428571428571428,0.0,7
47,All,2,3,2,1.0,0.0,-1.0,1
47,All,5,6,1,0.7,0.8,0.1,10
47,All,6,4,1,1.3333333333333333,0.0,-1.3333333333333333,3
47,All,7,2,3,0.0,0.5,0.5,2
47,All,8,5,1,0.0,1.0,1.0,3
47,All,9,4,2,0.0,0.5,0.5,2
47,All,10,6,2,1.05,1.15,0.1,20
47,All,12,3,3,0.0,0.5,0.5,2
47,All,13,3,4,0.0,1.0,1.0,1
47,All,14,2,4,0.0,1.0,1.0,1
47,All,16,6,3,0.2,0.8,0.6,5
47,All,17,4,3,1.0,1.3333333333333333,0.3333333333333333,9
47,All,18,2,6,0.5,1.0,0.5,2
48,All,1,3,1,0.5,1.0,0.5,2
48,All,2,2,1,0.0,0.0,0.0,1
48,All,3,3,2,1.0,0.75,-0.25,4
48,All,4,4,1,0.6,1.2,0.6,5
48,All,5,2,2,0.0,1.0,1.0,1
48,All,6,5,1,1.7692307692307692,1.2307692307692308,-0.5384615384615384,13
48,All,7,6,1,1.5625,1.375,-0.1875,16
48,All,8,2,3,0.3333333333333333,0.0,-0.3333333333333333,3
48,All,9,5,2,2.16,1.24,-0.92,25
48,All,10,4,2,0.4,0.8,0.4,5
48,All,11,6,2,1.2941176470588236,1.3529411764705883,0.058823529411764705,17
48,All,12,3,3,0.3333333333333333,0.6666666666666666,0.3333333333333333,3
48,All,13,2,4,0.0,1.0,1.0,2
48,All,15,4,3,0.6,0.8,0.2,5
48,All,17,5,3,0.4,0.8,0.4,5
48,All,18,6,3,1.75,0.9166666666666666,-0.8333333333333334,12
49,All,1,2,1,0.0,0.0,0.0,1
49,All,2,4,1,1.0,0.3333333333333333,-0.6666666666666666,3
49,All,3,3,1,0.8,1.4,0.6,5
49,All,4,5,1,1.8333333333333333,1.6666666666666667,-0.16666666666666666,6
49,All,5,3,2,0.3333333333333333,1.0,0.6666666666666666,3
49,All,6,2,2,0.0,1.0,1.0,2
49,All,7,2,3,0.0,1.0,1.0,1
49,All,8,6,1,1.2857142857142858,1.4761904761904763,0.19047619047619047,21
49,All,9,4,2,0.0,0.6666666666666666,0.6666666666666666,3
49,All,10,6,2,1.0,0.8,-0.2,10
49,All,11,5,2,0.8,1.0,0.2,5
49,All,13,4,3,1.0,1.2857142857142858,0.2857142857142857,7
49,All,14,3,3,0.0,1.0,1.0,1
49,All,15,5,3,2.4827586206896552,1.5862068965517242,-0.896551724137931,29
50,All,1,4,1,0.75,0.5,-0.25,4
50,All,2,5,1,0.8333333333333334,1.3333333333333333,0.5,6
50,All,3,2,1,0.0,1.0,1.0,1
50,All,4,2,2,0.0,1.0,1.0,1
50,All,5,3,1,0.0,1.0,1.0,2
50,All,6,6,1,1.2380952380952381,1.4761904761904763,0.23809523809523808,21
50,All,7,3,2,0.0,1.0,1.0,2
50,All,8,2,3,0.0,1.0,1.0,1
50,All,9,5,2,0.25,0.75,0.5,4
50,All,10,4,2,0.0,1.0,1.0,2
50,All,11,6,2,1.0,0.0,-1.0,1
50,All,12,4,3,0.0,1.0,1.0,2
50,All,13,5,3,0.0,1.0,1.0,1
50,All,14,2,4,0.0,1.0,1.0,1
50,All,15,2,5,0.0,1.0,1.0,1
50,All,16,3,3,0.0,1.0,1.0,1
50,All,17,6,3,0.5,0.25,-0.25,4
51,All,1,5,1,0.6,0.8,0.2,5
51,All,2,2,1,0.6666666666666666,0.6666666666666666,0.0,3
51,All,3,4,1,1.0,0.5,-0.5,4
51,All,4,6,1,0.375,1.0,0.625,8
51,All,5,2,2,1.0,0.0,-1.0,1
51,All,6,2,3,0.0,1.0,1.0,1
51,All,7,3,1,0.0,0.0,0.0,1
51,All,8,3,2,0.0,0.5,0.5,2
51,All,9,5,2,0.6666666666666666,1.0,0.3333333333333333,9
51,All,10,6,2,1.7272727272727273,0.6818181818181818,-1.0454545454545454,22
51,All,11,4,2,0.0,0.3333333333333333,0.3333333333333333,3
51,All,12,5,3,1.0909090909090908,1.4545454545454546,0.36363636363636365,11
51,All,13,2,4,1.3,1.8,0.5,10
51,All,14,4,3,0.8333333333333334,0.6666666666666666,-0.16666666666666666,6
51,All,15,6,3,0.7142857142857143,1.2857142857142858,0.5714285714285714,7
51,All,16,2,5,0.0,1.0,1.0,2
51,All,17,2,6,0.0,1.0,1.0,2
52,All,1,2,1,0.0,0.0,0.0,1
52,All,2,6,1,2.217391304347826,2.1739130434782608,-0.043478260869565216,23
52,All,3,5,1,1.6666666666666667,1.6666666666666667,0.0,21
52,All,5,4,1,0.5,1.0,0.5,6
52,All,6,3,1,0.0,0.5,0.5,2
52,All,7,2,3,0.0,1.0,1.0,1
52,All,9,6,2,0.5,1.1666666666666667,0.6666666666666666,6
52,All,10,5,2,0.0,0.5,0.5,2
52,All,11,4,2,0.5714285714285714,0.7142857142857143,0.14285714285714285,7
52,All,13,6,3,1.1428571428571428,0.5714285714285714,-0.5714285714285714,7
52,All,14,5,3,0.8888888888888888,1.0,0.1111111111111111,9
52,All,15,2,5,0.3333333333333333,0.6666666666666666,0.3333333333333333,3
52,All,16,4,3,1.2857142857142858,0.42857142857142855,-0.8571428571428571,7
52,All,17,3,3,1.0,0.75,-0.25,4
52,All,18,2,6,1.0,0.0,-1.0,1
53,All,1,6,1,1.3125,1.75,0.4375,32
53,All,3,2,2,0.0,1.0,1.0,2
53,All,4,3,1,0.8333333333333334,1.3333333333333333,0.5,6
53,All,5,5,1,0.25,1.0,0.75,4
53,All,6,3,2,0.25,1.0,0.75,4
53,All,7,4,1,0.25,1.0,0.75,4
53,All,9,6,2,0.8,0.6,-0.2,5
53,All,10,5,2,0.9090909090909091,0.8181818181818182,-0.09090909090909091,11
53,All,11,4,2,1.25,0.0,-1.25,4
53,All,12,6,3,0.4,0.6,0.2,5
53,All,13,2,4,0.5,1.0,0.5,2
53,All,16,5,3,0.3333333333333333,0.6666666666666666,0.3333333333333333,3
53,All,18,4,3,0.75,1.0,0.25,4
54,All,1,2,1,0.0,1.0,1.0,1
54,All,2,2,2,0.0,1.0,1.0,1
54,All,4,3,1,0.3333333333333333,0.8333333333333334,0.5,6
54,All,5,6,1,1.8620689655172413,2.2413793103448274,0.3793103448275862,29
54,All,6,4,1,0.4,1.0,0.6,5
54,All,7,5,1,1.0909090909090908,1.0909090909090908,0.0,11
54,All,8,3,2,0.5,1.0,0.5,2
54,All,9,4,2,0.4,1.0,0.6,5
54,All,10,6,2,1.3333333333333333,0.0,-1.3333333333333333,6
54,All,11,5,2,1.1818181818181819,0.8181818181818182,-0.36363636363636365,11
54,All,14,2,6,0.0,1.0,1.0,2
54,All,15,3,3,0.5,0.5,0.0,2
54,All,16,6,3,1.5185185185185186,1.6666666666666667,0.14814814814814814,27
54,All,17,4,3,0.7142857142857143,1.1428571428571428,0.42857142857142855,7
54,All,18,5,3,0.7272727272727273,1.2727272727272727,0.5454545454545454,11
55,All,2,3,1,0.0,0.5,0.5,2
55,All,3,2,2,0.0,1.0,1.0,1
55,All,4,4,1,0.0,1.0,1.0,2
55,All,5,2,3,0.0,1.0,1.0,1
55,All,6,3,2,0.0,1.0,1.0,2
55,All,7,6,1,0.25,1.0,0.75,4
55,All,8,5,1,0.8,1.0,0.2,5
55,All,9,4,2,0.5,1.0,0.5,2
55,All,10,5,2,0.3333333333333333,1.0,0.6666666666666666,3
55,All,11,6,2,0.5,0.375,-0.125,8
55,All,13,3,3,0.0,1.0,1.0,1
55,All,14,2,5,0.0,1.0,1.0,1
55,All,15,4,3,0.3333333333333333,1.0,0.6666666666666666,3
55,All,16,2,6,0.0,1.0,1.0,1
55,All,17,3,4,0.0,1.0,1.0,2
55,All,18,6,3,0.5714285714285714,0.7142857142857143,0.14285714285714285,7
56,All,1,3,1,0.6666666666666666,0.6666666666666666,0.0,3
56,All,2,4,1,0.6666666666666666,0.0,-0.6666666666666666,3
56,All,3,2,1,0.0,1.0,1.0,2
56,All,4,3,2,0.5,0.5,0.0,2
56,All,5,2,2,0.0,1.0,1.0,1
56,All,6,5,1,1.95,2.3,0.35,20
56,All,7,2,3,1.0,0.0,-1.0,1
56,All,8,6,1,0.8333333333333334,1.2222222222222223,0.3888888888888889,18
56,All,9,4,2,2.0625,0.9375,-1.125,16
56,All,10,6,2,0.375,0.875,0.5,8
56,All,11,5,2,0.0,0.0,0.0,1
56,All,12,3,3,0.5,1.0,0.5,2
56,All,13,4,3,0.5,1.25,0.75,4
56,All,14,2,4,1.0,0.0,-1.0,1
56,All,16,2,5,0.3333333333333333,0.6666666666666666,0.3333333333333333,3
56,All,17,5,3,0.5555555555555556,1.1111111111111112,0.5555555555555556,9
56,All,18,2,6,0.0,0.5,0.5,2
57,All,1,4,1,1.2,1.0,-0.2,5
57,All,3,3,2,0.0,1.0,1.0,1
57,All,4,5,1,0.0,1.0,1.0,1
57,All,5,2,1,0.0,0.0,0.0,1
57,All,6,6,1,0.6666666666666666,0.7777777777777778,0.1111111111111111,9
57,All,7,2,2,0.0,1.0,1.0,2
57,All,8,2,3,0.0,1.0,1.0,1
57,All,9,5,2,0.4,1.0,0.6,5
57,All,10,4,2,0.0,1.0,1.0,1
57,All,11,6,2,1.0,1.3333333333333333,0.3333333333333333,9
57,All,12,4,3,0.0,1.0,1.0,2
57,All,13,3,3,0.0,1.0,1.0,2
57,All,14,3,4,0.0,1.0,1.0,1
57,All,15,5,3,0.0,1.0,1.0,2
57,All,17,6,3,0.0,1.0,1.0,2
57,All,18,2,5,0.0,1.0,1.0,2
58,All,2,5,1,0.8333333333333334,1.3333333333333333,0.5,6
58,All,3,4,1,0.8571428571428571,1.0,0.14285714285714285,7
58,All,4,6,1,1.8928571428571428,1.7142857142857142,-0.17857142857142858,28
58,All,5,3,2,0.0,1.0,1.0,1
58,All,6,2,1,0.5,1.0,0.5,2
58,All,7,2,2,0.0,1.0,1.0,1
58,All,8,2,3,0.0,1.0,1.0,1
58,All,9,5,2,0.6666666666666666,1.3333333333333333,0.6666666666666666,3
58,All,11,6,2,0.9285714285714286,0.7142857142857143,-0.21428571428571427,14
58,All,12,3,3,0.0,1.0,1.0,2
58,All,13,5,3,1.368421052631579,1.368421052631579,0.0,19
58,All,14,4,3,0.875,1.0,0.125,8
58,All,15,6,3,0.5714285714285714,0.7142857142857143,0.14285714285714285,7
58,All,16,3,4,0.0,1.0,1.0,1
58,All,17,2,4,0.0,1.0,1.0,2
59,All,1,5,1,1.125,1.5625,0.4375,16
59,All,2,6,1,0.0,1.0,1.0,1
59,All,3,3,1,0.3333333333333333,1.0,0.6666666666666666,3
59,All,5,4,1,0.5,0.5,0.0,2
59,All,6,2,2,1.0,0.0,-1.0,1
59,All,7,3,2,0.0,1.0,1.0,1
59,All,8,2,3,0.0,1.0,1.0,1
59,All,9,5,2,0.6666666666666666,0.8333333333333334,0.16666666666666666,6
59,All,10,6,2,0.2,0.6,0.4,5
59,All,11,4,2,0.3333333333333333,0.6666666666666666,0.3333333333333333,3
59,All,12,5,3,0.6,1.0,0.4,5
59,All,13,6,3,0.3333333333333333,0.6666666666666666,0.3333333333333333,3
59,All,14,3,3,0.5,0.0,-0.5,2
59,All,15,2,4,0.0,1.0,1.0,1
59,All,16,4,3,0.75,1.0,0.25,4
59,All,17,2,5,0.5,1.0,0.5,2
59,All,18,3,4,0.0,1.0,1.0,1
60,All,1,2,1,0.5,0.5,0.0,2
60,All,2,2,2,0.0,1.0,1.0,1
60,All,3,6,1,0.8666666666666667,1.4,0.5333333333333333,15
60,All,4,2,3,0.5,1.0,0.5,2
60,All,5,5,1,0.4,1.2,0.8,5
60,All,6,3,1,0.0,0.6666666666666666,0.6666666666666666,3
60,All,8,4,1,0.25,0.75,0.5,4
60,All,9,5,2,0.3333333333333333,0.3333333333333333,0.0,3
60,All,10,4,2,0.875,0.875,0.0,8
60,All,11,6,2,0.9230769230769231,1.0769230769230769,0.15384615384615385,13
60,All,14,6,3,0.5,0.3333333333333333,-0.16666666666666666,6
60,All,16,5,3,0.5555555555555556,1.1111111111111112,0.5555555555555556,9
60,All,17,3,3,1.0,0.75,-0.25,4
60,All,18,3,4,0.0,0.5,0.5,2
61,All,1,2,1,0.0,1.0,1.0,1
61,All,2,5,1,0.3333333333333333,1.0,0.6666666666666666,3
61,All,3,3,1,0.25,0.5,0.25,4
61,All,7,4,1,0.0,1.0,1.0,1
61,All,8,6,1,1.2307692307692308,1.7692307692307692,0.5384615384615384,13
61,All,9,5,2,0.0,1.0,1.0,2
61,All,10,6,2,0.8888888888888888,0.8888888888888888,0.0,9
61,All,11,4,2,0.25,1.0,0.75,4
61,All,12,2,4,0.0,1.0,1.0,1
61,All,15,2,5,0.0,1.0,1.0,1
61,All,16,2,6,0.0,1.0,1.0,1
61,All,17,3,4,1.0,0.0,-1.0,1
61,All,18,4,3,0.0,1.0,1.0,1
62,All,1,5,1,0.4,1.0,0.6,5
62,All,2,2,1,0.0,1.0,1.0,1
62,All,3,2,2,0.0,1.0,1.0,2
62,All,4,3,1,0.0,0.6666666666666666,0.6666666666666666,3
62,All,6,6,1,1.1764705882352942,1.4705882352941178,0.29411764705882354,17
62,All,7,2,3,0.0,1.0,1.0,1
62,All,8,4,1,0.25,0.75,0.5,4
62,All,9,6,2,0.42857142857142855,0.0,-0.42857142857142855,7
62,All,10,5,2,0.6666666666666666,1.3333333333333333,0.6666666666666666,6
62,All,11,4,2,0.3333333333333333,1.0,0.6666666666666666,3
62,All,12,5,3,0.6666666666666666,1.0,0.3333333333333333,6
62,All,13,2,4,0.5,1.0,0.5,2
62,All,15,3,3,1.0,0.0,-1.0,1
62,All,17,6,3,1.7,1.3,-0.4,20
62,All,18,2,6,0.0,1.0,1.0,1
63,All,1,2,1,0.0,1.0,1.0,1
63,All,2,3,1,0.5,0.0,-0.5,2
63,All,3,5,1,0.6,1.0,0.4,5
63,All,4,6,1,0.2857142857142857,0.5714285714285714,0.2857142857142857,7
63,All,6,4,1,0.875,1.0,0.125,8
63,All,7,3,2,0.5,0.0,-0.5,2
63,All,8,2,3,0.0,1.0,1.0,1
63,All,9,5,2,1.0,0.8571428571428571,-0.14285714285714285,7
63,All,10,4,2,0.5,0.0,-0.5,2
63,All,11,6,2,1.0,0.9,-0.1,10
63,All,13,3,3,0.75,0.75,0.0,4
63,All,14,5,3,1.5,1.6666666666666667,0.16666666666666666,12
63,All,15,6,3,1.3125,1.4375,0.125,16
63,All,16,2,5,0.0,1.0,1.0,1
63,All,17,4,3,0.25,0.5,0.25,4
63,All,18,3,4,0.0,1.0,1.0,1
64,All,1,3,1,0.3333333333333333,1.0,0.6666666666666666,3
64,All,2,6,1,0.6363636363636364,0.8181818181818182,0.18181818181818182,11
64,All,3,2,1,0.0,1.0,1.0,2
64,All,4,4,1,0.8,1.0,0.2,5
64,All,5,5,1,0.8,1.2,0.4,5
64,All,6,2,2,0.0,1.0,1.0,1
64,All,7,2,3,0.0,1.0,1.0,2
64,All,8,3,2,0.2,0.8,0.6,5
64,All,9,5,2,1.8333333333333333,0.16666666666666666,-1.6666666666666667,6
64,All,10,6,2,1.2222222222222223,0.7777777777777778,-0.4444444444444444,9
64,All,11,4,2,1.3333333333333333,0.6666666666666666,-0.6666666666666666,6
64,All,13,6,3,1.0,0.6,-0.4,10
64,All,14,2,4,0.0,1.0,1.0,1
64,All,15,4,3,0.2,0.6,0.4,5
64,All,16,5,3,1.0,0.25,-0.75,4
64,All,17,2,5,1.0,0.0,-1.0,1
65,All,1,6,1,1.2380952380952381,0.9047619047619048,-0.3333333333333333,21
65,All,2,4,1,0.6666666666666666,1.0,0.3333333333333333,6
65,All,3,3,1,0.25,1.0,0.75,4
65,All,5,2,2,0.0,1.0,1.0,2
65,All,6,3,2,0.0,1.0,1.0,1
65,All,7,5,1,1.1428571428571428,0.8571428571428571,-0.2857142857142857,7
65,All,9,4,2,1.0,1.0,0.0,3
65,All,10,6,2,1.7916666666666667,2.125,0.3333333333333333,24
65,All,11,5,2,1.5384615384615385,1.3846153846153846,-0.15384615384615385,13
65,All,12,6,3,0.0,0.0,0.0,1
65,All,13,4,3,0.5,1.0,0.5,2
65,All,14,3,3,0.3333333333333333,0.3333333333333333,0.0,3
65,All,15,2,4,0.0,1.0,1.0,1
65,All,17,3,4,0.25,0.75,0.5,4
65,All,18,5,3,1.5384615384615385,1.3076923076923077,-0.23076923076923078,13
66,All,1,4,1,1.0,0.0,-1.0,1
66,All,2,2,1,1.0,1.2,0.2,5
66,All,3,6,1,2.2580645161290325,1.8064516129032258,-0.45161290322580644,31
66,All,4,3,1,0.0,0.0,0.0,2
66,All,5,3,2,0.5,1.0,0.5,6
66,All,6,2,2,0.5,1.0,0.5,2
66,All,7,2,3,0.75,1.0,0.25,4
66,All,8,5,1,0.7,0.7,0.0,10
66,All,9,4,2,0.6,0.8,0.2,5
66,All,10,6,2,0.5,0.5,0.0,2
66,All,11,5,2,1.0,1.375,0.375,8
66,All,12,4,3,0.875,1.125,0.25,8
66,All,13,2,4,0.5,0.0,-0.5,2
66,All,14,6,3,0.25,1.0,0.75,4
66,All,15,3,3,1.1428571428571428,1.1428571428571428,0.0,7
66,All,16,3,4,0.0,1.0,1.0,1
66,All,18,2,6,0.0,1.0,1.0,1
67,All,1,2,1,0.0,1.0,1.0,1
67,All,2,3,1,1.0,1.0,0.0,3
67,All,3,4,1,1.0,1.2,0.2,5
67,All,4,2,2,0.3333333333333333,1.0,0.6666666666666666,3
67,All,5,6,1,1.0,1.5555555555555556,0.5555555555555556,9
67,All,6,5,1,1.0,0.6666666666666666,-0.3333333333333333,12
67,All,7,3,2,0.5,0.5,0.0,4
67,All,8,2,3,0.0,1.0,1.0,1
67,All,9,5,2,0.5,0.5,0.0,4
67,All,10,6,2,2.2777777777777777,1.1111111111111112,-1.1666666666666667,18
67,All,11,4,2,1.375,1.0,-0.375,8
67,All,12,2,4,0.5,1.0,0.5,2
67,All,13,3,3,0.4,0.4,0.0,5
67,All,14,4,3,0.25,1.0,0.75,4
67,All,16,6,3,2.0588235294117645,2.323529411764706,0.2647058823529412,34
67,All,17,5,3,0.7777777777777778,1.1111111111111112,0.3333333333333333,9
67,All,18,3,4,1.0,0.0,-1.0,1
68,All,1,3,1,0.3333333333333333,0.6666666666666666,0.3333333333333333,3
68,All,3,2,2,0.0,1.0,1.0,1
68,All,4,5,1,1.4666666666666666,1.9,0.43333333333333335,30
68,All,5,4,1,0.875,0.75,-0.125,8
68,All,6,2,3,0.0,1.0,1.0,1
68,All,7,6,1,1.1666666666666667,0.75,-0.4166666666666667,12
68,All,8,3,2,0.0,1.0,1.0,1
68,All,9,4,2,0.7142857142857143,0.8571428571428571,0.14285714285714285,7
68,All,10,6,2,1.6875,0.8125,-0.875,16
68,All,11,5,2,0.875,1.25,0.375,8
68,All,12,3,3,0.0,1.0,1.0,3
68,All,13,2,4,0.3333333333333333,1.0,0.6666666666666666,3
68,All,15,5,3,0.625,0.875,0.25,8
68,All,16,4,3,0.0,0.5,0.5,2
68,All,18,6,3,1.9,1.3,-0.6,20
69,All,2,5,1,1.9333333333333333,1.3333333333333333,-0.6,15
69,All,3,2,2,0.5,1.25,0.75,4
69,All,4,4,1,0.3333333333333333,0.6666666666666666,0.3333333333333333,3
69,All,5,6,1,1.9,1.625,-0.275,40
69,All,7,3,2,1.0,0.8,-0.2,5
69,All,9,5,2,1.3,0.6,-0.7,10
69,All,10,6,2,3.6875,1.4375,-2.25,32
69,All,11,4,2,0.75,1.125,0.375,8
69,All,13,5,3,1.1111111111111112,1.0,-0.1111111111111111,9
69,All,14,2,5,0.5,1.0,0.5,2
69,All,15,4,3,0.5,0.0,-0.5,4
69,All,16,6,3,2.892857142857143,1.6428571428571428,-1.25,28
69,All,17,3,3,0.0,1.0,1.0,1
69,All,18,3,4,0.6666666666666666,0.6666666666666666,0.0,3
70,All,1,5,1,1.8888888888888888,0.4444444444444444,-1.4444444444444444,9
70,All,2,4,1,0.0,0.0,0.0,2
70,All,3,2,1,0.6666666666666666,1.3333333333333333,0.6666666666666666,3
70,All,4,3,1,0.9,1.3,0.4,10
70,All,5,2,2,0.0,1.0,1.0,1
70,All,6,2,3,0.5,1.0,0.5,4
70,All,7,6,1,0.5,1.0,0.5,2
70,All,8,3,2,0.0,0.0,0.0,1
70,All,9,5,2,1.6,1.8,0.2,15
70,All,10,4,2,1.9375,1.5,-0.4375,16
70,All,11,6,2,1.0,0.0,-1.0,1
70,All,12,5,3,0.7142857142857143,1.1428571428571428,0.42857142857142855,7
70,All,13,4,3,0.3333333333333333,1.0,0.6666666666666666,3
70,All,15,3,3,0.7142857142857143,1.1428571428571428,0.42857142857142855,7
70,All,17,2,6,0.5,0.5,0.0,2
70,All,18,6,3,1.2222222222222223,1.5555555555555556,0.3333333333333333,18
71,All,1,4,1,1.3,1.75,0.45,20
71,All,2,3,1,0.4,1.0,0.6,5
71,All,3,5,1,0.6,0.8,0.2,5
71,All,5,2,2,0.0,1.0,1.0,2
71,All,8,6,1,1.0,1.2,0.2,5
71,All,9,4,2,0.5714285714285714,1.2857142857142858,0.7142857142857143,7
71,All,10,5,2,0.4,1.0,0.6,5
71,All,11,6,2,0.0,0.0,0.0,1
71,All,12,4,3,0.0,1.0,1.0,1
71,All,14,5,3,1.0,1.1111111111111112,0.1111111111111111,9
71,All,15,2,4,0.0,1.0,1.0,1
71,All,18,2,6,0.0,1.0,1.0,1
72,All,1,3,1,0.9230769230769231,1.3846153846153846,0.46153846153846156,13
72,All,2,2,1,0.0,0.0,0.0,1
72,All,3,4,1,1.1428571428571428,0.8571428571428571,-0.2857142857142857,7
72,All,4,3,2,0.0,1.0,1.0,1
72,All,5,5,1,1.903225806451613,2.225806451612903,0.3225806451612903,31
72,All,6,6,1,1.5,0.85,-0.65,20
72,All,9,4,2,1.1538461538461537,1.2307692307692308,0.07692307692307693,13
72,All,10,6,2,1.0,0.75,-0.25,8
72,All,11,5,2,1.1666666666666667,0.6666666666666666,-0.5,6
72,All,12,3,3,1.0,1.25,0.25,8
72,All,14,4,3,0.5,0.8333333333333334,0.3333333333333333,6
72,All,15,3,4,0.3333333333333333,1.0,0.6666666666666666,3
72,All,16,5,3,1.25,1.4375,0.1875,16
72,All,17,6,3,2.48,2.56,0.08,25
72,All,18,2,5,0.0,1.0,1.0,1
73,All,2,3,1,0.0,1.0,1.0,1
73,All,3,3,2,0.0,0.0,0.0,1
73,All,4,6,1,0.5,0.5,0.0,8
73,All,5,4,1,0.6666666666666666,1.1111111111111112,0.4444444444444444,9
73,All,6,2,2,0.0,1.0,1.0,1
73,All,7,5,1,0.625,0.875,0.25,8
73,All,9,6,2,1.0,0.5,-0.5,8
73,All,10,4,2,0.0,0.6666666666666666,0.6666666666666666,3
73,All,11,5,2,1.3888888888888888,1.8333333333333333,0.4444444444444444,18
73,All,14,3,4,0.0,1.0,1.0,1
73,All,15,6,3,0.3333333333333333,0.6666666666666666,0.3333333333333333,3
73,All,16,4,3,0.0,0.5,0.5,2
73,All,17,2,5,0.0,1.0,1.0,1
73,All,18,5,3,0.0,1.0,1.0,2
74,All,1,3,1,0.0,0.0,0.0,1
74,All,2,6,1,1.0,1.125,0.125,16
74,All,4,2,2,0.0,1.0,1.0,2
74,All,5,3,2,1.0,0.3333333333333333,-0.6666666666666666,3
74,All,6,2,3,0.0,0.5,0.5,2
74,All,7,4,1,1.0,1.4,0.4,10
74,All,8,5,1,1.0,0.0,-1.0,1
74,All,9,6,2,0.3333333333333333,0.3333333333333333,0.0,3
74,All,10,5,2,0.7142857142857143,1.1428571428571428,0.42857142857142855,7
74,All,11,4,2,0.3333333333333333,1.0,0.6666666666666666,3
74,All,12,3,3,0.4,1.0,0.6,5
74,All,13,6,3,0.16666666666666666,0.6666666666666666,0.5,6
74,All,17,2,6,0.0,1.0,1.0,2
74,All,18,4,3,0.8333333333333334,1.3333333333333333,0.5,6
75,All,1,6,1,1.72,1.52,-0.2,25
75,All,2,2,1,0.5,1.0,0.5,2
75,All,3,3,1,0.3333333333333333,1.0,0.6666666666666666,3
75,All,4,2,2,0.0,1.0,1.0,1
75,All,5,2,3,0.0,0.0,0.0,1
75,All,6,5,1,1.0,1.0,0.0,12
75,All,7,3,2,0.5,1.0,0.5,2
75,All,8,4,1,1.3636363636363635,1.1818181818181819,-0.18181818181818182,11
75,All,9,5,2,1.0,0.875,-0.125,8
75,All,10,6,2,1.4444444444444444,0.3333333333333333,-1.1111111111111112,9
75,All,11,4,2,0.5,1.25,0.75,4
75,All,12,6,3,1.0,1.0,0.0,8
75,All,13,2,4,0.0,0.0,0.0,1
75,All,14,3,3,0.0,1.0,1.0,2
75,All,15,2,5,0.5,1.0,0.5,2
75,All,16,2,6,0.0,1.0,1.0,1
75,All,17,5,3,0.8333333333333334,1.4166666666666667,0.5833333333333334,12
75,All,18,3,4,0.0,1.0,1.0,1
76,All,2,2,2,0.0,1.0,1.0,2
76,All,3,6,1,0.7777777777777778,1.0,0.2222222222222222,9
76,All,4,5,1,0.0,0.75,0.75,4
76,All,6,4,1,1.1111111111111112,0.7777777777777778,-0.3333333333333333,9
76,All,7,2,3,0.0,1.0,1.0,1
76,All,8,3,2,0.0,1.0,1.0,3
76,All,9,6,2,0.375,0.875,0.5,8
76,All,10,5,2,0.7777777777777778,1.3333333333333333,0.5555555555555556,9
76,All,11,4,2,0.25,1.0,0.75,4
76,All,12,2,4,0.0,1.0,1.0,1
76,All,14,6,3,0.6666666666666666,1.1111111111111112,0.4444444444444444,9
76,All,15,5,3,0.7142857142857143,1.1428571428571428,0.42857142857142855,7
76,All,16,3,3,0.0,1.0,1.0,1
76,All,17,4,3,0.0,1.0,1.0,1
77,All,1,6,1,0.9090909090909091,1.4545454545454546,0.5454545454545454,11
77,All,2,4,1,1.0,1.0,0.0,3
77,All,4,2,2,0.0,1.0,1.0,1
77,All,6,3,1,0.0,0.0,0.0,1
77,All,7,5,1,0.0,1.0,1.0,3
77,All,8,3,2,0.0,1.0,1.0,2
77,All,9,6,2,0.8,1.0,0.2,10
77,All,10,4,2,0.0,1.0,1.0,1
77,All,11,5,2,0.6666666666666666,0.3333333333333333,-0.3333333333333333,3
77,All,12,6,3,0.7142857142857143,1.0,0.2857142857142857,7
77,All,13,4,3,1.2857142857142858,0.5714285714285714,-0.7142857142857143,7
77,All,18,5,3,0.8571428571428571,0.8571428571428571,0.0,7
78,All,1,2,1,0.0,1.0,1.0,1
78,All,2,2,2,0.0,1.0,1.0,1
78,All,3,2,3,0.0,1.0,1.0,1
78,All,4,6,1,0.0,0.0,0.0,2
78,All,6,3,2,0.0,1.0,1.0,1
78,All,7,4,1,0.4,1.0,0.6,5
78,All,8,5,1,0.6666666666666666,0.0,-0.6666666666666666,3
78,All,9,6,2,1.0,1.5833333333333333,0.5833333333333334,12
78,All,10,5,2,0.6666666666666666,0.8333333333333334,0.16666666666666666,6
78,All,11,4,2,0.0,1.0,1.0,2
78,All,14,2,6,0.0,1.0,1.0,1
78,All,15,6,3,0.875,1.25,0.375,8
78,All,16,3,3,0.0,1.0,1.0,1
78,All,17,3,4,0.3333333333333333,1.0,0.6666666666666666,3
78,All,18,4,3,0.0,1.0,1.0,1
79,All,1,6,1,2.2666666666666666,2.577777777777778,0.3111111111111111,45
79,All,2,5,1,1.736842105263158,1.2105263157894737,-0.5263157894736842,19
79,All,3,2,1,0.0,1.0,1.0,1
79,All,4,3,1,0.0,1.0,1.0,1
79,All,5,2,2,0.0,1.0,1.0,1
79,All,6,3,2,0.0,1.0,1.0,1
79,All,8,4,1,2.1333333333333333,2.2666666666666666,0.13333333333333333,15
79,All,9,6,2,0.7142857142857143,1.0,0.2857142857142857,7
79,All,10,5,2,1.263157894736842,1.7894736842105263,0.5263157894736842,19
79,All,11,4,2,0.42857142857142855,1.0,0.5714285714285714,7
79,All,12,6,3,1.7272727272727273,1.7727272727272727,0.045454545454545456,22
79,All,13,5,3,0.4,1.2,0.8,5
79,All,15,3,3,1.0,0.6666666666666666,-0.3333333333333333,6
79,All,17,3,4,0.0,0.0,0.0,1
79,All,18,2,6,0.0,1.0,1.0,1
80,All,1,5,1,2.0476190476190474,1.380952380952381,-0.6666666666666666,21
80,All,2,1,1,0.0,0.5,0.5,2
80,All,3,4,1,0.3333333333333333,1.0,0.6666666666666666,3
80,All,4,3,1,0.5,1.0,0.5,4
80,All,5,3,2,0.6666666666666666,1.3333333333333333,0.6666666666666666,3
80,All,6,2,1,0.0,1.0,1.0,1
80,All,7,2,2,0.0,1.0,1.0,1
80,All,8,2,3,0.5,1.0,0.5,2
80,All,9,6,1,1.0769230769230769,0.7692307692307693,-0.3076923076923077,13
80,All,10,5,2,0.3333333333333333,0.5,0.16666666666666666,6
80,All,12,4,2,0.75,1.0,0.25,4
80,All,13,6,2,1.6428571428571428,1.5,-0.14285714285714285,14
80,All,14,5,3,1.5384615384615385,1.3846153846153846,-0.15384615384615385,13
80,All,15,4,3,1.3333333333333333,1.0,-0.3333333333333333,9
80,All,17,3,4,0.2,0.8,0.6,5
80,All,18,2,4,0.0,0.0,0.0,1
80,All,19,2,5,0.5,1.0,0.5,2
80,All,20,2,6,0.0,0.0,0.0,1
80,All,22,6,3,0.7,1.0,0.3,10
81,All,1,4,1,1.0,0.0,-1.0,1
81,All,4,5,1,1.1,1.5,0.4,10
81,All,5,2,1,0.0,1.0,1.0,1
81,All,6,3,2,0.0,0.0,0.0,1
81,All,7,6,1,0.4,0.8,0.4,5
81,All,8,2,2,0.0,1.0,1.0,2
81,All,9,2,3,0.0,1.0,1.0,1
81,All,10,6,2,0.3333333333333333,0.6666666666666666,0.3333333333333333,6
81,All,12,4,2,0.0,1.0,1.0,2
81,All,13,5,2,1.0,0.8571428571428571,-0.14285714285714285,7
81,All,14,4,3,0.25,0.75,0.5,4
81,All,15,3,3,0.0,1.0,1.0,2
81,All,16,5,3,0.0,1.0,1.0,4
81,All,17,2,4,0.5,1.0,0.5,2
81,All,18,3,4,0.0,1.0,1.0,1
81,All,19,6,3,0.25,0.5,0.25,4
81,All,21,1,3,0.0,1.0,1.0,1
82,All,1,3,1,1.5,0.0,-1.5,2
82,All,2,1,1,0.0,1.0,1.0,1
82,All,3,2,1,1.0,0.8,-0.2,5
82,All,4,4,1,1.8571428571428572,2.1904761904761907,0.3333333333333333,21
82,All,5,6,1,1.2142857142857142,1.5,0.2857142857142857,14
82,All,6,5,1,1.5909090909090908,1.8636363636363635,0.2727272727272727,22
82,All,7,2,2,0.0,1.0,1.0,2
82,All,8,3,2,0.5,1.0,0.5,4
82,All,10,5,2,1.9333333333333333,1.8666666666666667,-0.06666666666666667,15
82,All,12,4,2,1.6363636363636365,1.4545454545454546,-0.18181818181818182,11
82,All,13,6,2,1.4210526315789473,1.1578947368421053,-0.2631578947368421,19
82,All,14,3,3,0.4,1.2,0.8,5
82,All,15,2,4,0.0,1.0,1.0,1
82,All,16,4,3,1.2222222222222223,0.7777777777777778,-0.4444444444444444,9
82,All,17,6,3,1.0,1.1538461538461537,0.15384615384615385,13
82,All,18,5,3,0.6666666666666666,0.8333333333333334,0.16666666666666666,6
82,All,19,2,5,0.5,1.0,0.5,4
82,All,20,3,4,0.0,1.0,1.0,2
83,All,1,2,1,0.0,1.0,1.0,1
83,All,3,6,1,1.2857142857142858,1.4761904761904763,0.19047619047619047,21
83,All,4,3,1,0.0,1.0,1.0,2
83,All,5,2,2,0.5,1.0,0.5,2
83,All,6,4,1,1.0,0.3333333333333333,-0.6666666666666666,3
83,All,8,5,1,0.0,1.0,1.0,3
83,All,9,3,2,0.0,0.0,0.0,1
83,All,10,6,2,1.2307692307692308,0.6923076923076923,-0.5384615384615384,13
83,All,12,4,2,0.5,0.5,0.0,4
83,All,13,5,2,0.2857142857142857,0.5714285714285714,0.2857142857142857,7
83,All,14,2,4,0.3333333333333333,1.0,0.6666666666666666,3
83,All,15,6,3,0.9090909090909091,1.2727272727272727,0.36363636363636365,11
83,All,17,2,5,0.0,1.0,1.0,2
83,All,18,4,3,0.25,1.0,0.75,4
83,All,19,2,6,1.0,0.0,-1.0,1
83,All,20,5,3,0.5,1.0,0.5,6
83,All,22,3,4,0.8333333333333334,1.1666666666666667,0.3333333333333333,6
84,All,1,6,1,1.5333333333333334,1.1333333333333333,-0.4,15
84,All,3,2,1,0.3333333333333333,0.6666666666666666,0.3333333333333333,3
84,All,4,2,2,0.0,1.0,1.0,1
84,All,5,2,3,0.3333333333333333,0.3333333333333333,0.0,3
84,All,6,3,1,0.0,1.0,1.0,3
84,All,7,3,2,1.0,0.0,-1.0,1
84,All,8,4,1,0.75,1.0,0.25,4
84,All,9,5,1,0.6666666666666666,0.6666666666666666,0.0,3
84,All,10,6,2,2.0,0.0,-2.0,3
84,All,12,5,2,0.5,0.5,0.0,4
84,All,13,4,2,0.3333333333333333,0.0,-0.3333333333333333,3
84,All,14,6,3,1.2142857142857142,1.2142857142857142,0.0,14
84,All,15,2,4,0.0,1.0,1.0,1
84,All,16,2,5,0.3333333333333333,1.0,0.6666666666666666,3
84,All,17,2,6,0.0,1.0,1.0,1
84,All,18,3,3,0.8,1.0,0.2,5
84,All,19,3,4,0.0,1.0,1.0,1
84,All,20,4,3,0.3333333333333333,1.0,0.6666666666666666,3
84,All,22,5,3,0.2,0.8,0.6,5
85,All,1,2,1,1.2,0.2,-1.0,5
85,All,3,2,2,0.0,1.0,1.0,1
85,All,4,6,1,2.3714285714285714,2.2,-0.17142857142857143,35
85,All,5,3,1,1.5,0.0,-1.5,4
85,All,7,5,1,2.5,1.411764705882353,-1.088235294117647,34
85,All,8,3,2,0.4,0.8,0.4,5
85,All,9,4,1,1.0769230769230769,1.0769230769230769,0.0,13
85,All,10,5,2,0.8333333333333334,1.1666666666666667,0.3333333333333333,6
85,All,11,1,2,0.0,1.0,1.0,1
85,All,12,4,2,2.8,0.9,-1.9,10
85,All,13,6,2,0.875,1.0,0.125,8
85,All,15,2,5,0.75,1.0,0.25,4
85,All,16,6,3,0.9166666666666666,0.6666666666666666,-0.25,12
85,All,17,3,3,0.5714285714285714,0.42857142857142855,-0.14285714285714285,7
85,All,18,2,6,0.3333333333333333,0.6666666666666666,0.3333333333333333,3
85,All,19,5,3,0.5,1.0,0.5,2
85,All,20,3,4,0.75,0.0,-0.75,4
85,All,22,4,3,1.3,1.7,0.4,10
86,All,1,6,1,0.75,0.5,-0.25,4
86,All,2,1,1,0.0,1.0,1.0,1
86,All,3,2,1,1.0,0.0,-1.0,1
86,All,5,2,2,0.0,1.0,1.0,2
86,All,6,3,2,0.5,0.5,0.0,2
86,All,7,5,1,0.2,0.8,0.6,5
86,All,8,4,1,0.0,1.0,1.0,2
86,All,10,5,2,0.3333333333333333,0.6666666666666666,0.3333333333333333,3
86,All,12,6,2,0.5,0.75,0.25,8
86,All,13,4,2,0.0,1.0,1.0,1
86,All,14,6,3,0.0,1.0,1.0,1
86,All,15,2,4,0.5,1.0,0.5,2
86,All,17,2,5,0.0,1.0,1.0,1
86,All,18,3,4,0.0,1.0,1.0,2
86,All,19,5,3,0.0,1.0,1.0,2
86,All,20,4,3,0.0,1.0,1.0,1
87,All,2,1,1,0.0,1.0,1.0,1
87,All,3,2,2,0.0,1.0,1.0,1
87,All,4,6,1,2.2413793103448274,1.7241379310344827,-0.5172413793103449,29
87,All,5,5,1,1.2,1.0666666666666667,-0.13333333333333333,15
87,All,6,3,1,0.8571428571428571,0.8571428571428571,0.0,7
87,All,7,2,3,0.3333333333333333,1.0,0.6666666666666666,3
87,All,8,3,2,0.3333333333333333,0.6666666666666666,0.3333333333333333,3
87,All,9,4,1,1.0,0.42857142857142855,-0.5714285714285714,7
87,All,10,6,2,0.75,0.625,-0.125,8
87,All,11,1,2,0.0,0.5,0.5,2
87,All,12,5,2,0.9375,1.125,0.1875,16
87,All,13,4,2,0.8333333333333334,1.0833333333333333,0.25,12
87,All,14,2,4,1.1666666666666667,1.0,-0.16666666666666666,6
87,All,16,6,3,3.235294117647059,0.9411764705882353,-2.2941176470588234,34
87,All,17,5,3,1.5625,1.125,-0.4375,16
87,All,18,3,3,0.4,1.0,0.6,5
87,All,19,2,6,0.0,0.0,0.0,1
87,All,20,3,4,0.4,0.0,-0.4,5
87,All,22,4,3,1.7272727272727273,0.45454545454545453,-1.2727272727272727,11
88,All,1,2,1,0.0,1.0,1.0,1
88,All,3,5,1,1.0,1.0,0.0,7
88,All,4,2,2,0.0,1.0,1.0,1
88,All,5,2,3,0.0,0.0,0.0,1
88,All,6,6,1,0.7142857142857143,1.3571428571428572,0.6428571428571429,14
88,All,7,4,1,0.8888888888888888,0.7777777777777778,-0.1111111111111111,9
88,All,8,3,1,0.3333333333333333,1.0,0.6666666666666666,3
88,All,10,6,2,0.0,0.6666666666666666,0.6666666666666666,3
88,All,12,5,2,1.0,0.3333333333333333,-0.6666666666666666,3
88,All,13,4,2,0.5,0.5,0.0,6
88,All,14,2,4,0.5,1.0,0.5,4
88,All,15,5,3,0.5714285714285714,1.0,0.42857142857142855,7
88,All,17,2,6,0.0,1.0,1.0,2
88,All,18,6,3,0.0,0.3333333333333333,0.3333333333333333,3
88,All,19,4,3,0.5,1.0,0.5,2
88,All,20,3,3,0.0,1.0,1.0,1
89,All,1,5,1,1.0,1.2,0.2,10
89,All,2,1,1,0.0,1.0,1.0,1
89,All,4,2,2,0.0,1.0,1.0,1
89,All,5,4,1,0.0,1.0,1.0,1
89,All,8,6,1,2.9655172413793105,3.4482758620689653,0.4827586206896552,29
89,All,9,3,2,0.2,0.6,0.4,5
89,All,10,4,2,0.3333333333333333,0.3333333333333333,0.0,3
89,All,12,5,2,0.25,1.0,0.75,4
89,All,13,6,2,0.0,1.0,1.0,1
89,All,14,5,3,1.1666666666666667,1.3333333333333333,0.16666666666666666,6
89,All,17,4,3,0.0,0.0,0.0,1
89,All,18,2,6,0.0,1.0,1.0,1
89,All,19,3,3,0.5,1.0,0.5,2
89,All,20,6,3,0.7,0.8,0.1,10
89,All,21,1,3,0.0,1.0,1.0,1
89,All,22,3,4,0.0,1.0,1.0,1
90,All,1,2,1,1.0,0.0,-1.0,1
90,All,3,4,1,3.2142857142857144,3.4285714285714284,0.21428571428571427,28
90,All,4,5,1,2.466666666666667,1.8666666666666667,-0.6,30
90,All,5,3,1,0.0,0.0,0.0,2
90,All,6,2,2,0.5,1.0,0.5,4
90,All,7,3,2,1.6,0.0,-1.6,5
90,All,8,2,3,0.6,0.8,0.2,5
90,All,9,6,1,2.5517241379310347,2.793103448275862,0.2413793103448276,29
90,All,10,4,2,0.625,0.5,-0.125,8
90,All,12,6,2,3.027027027027027,2.8378378378378377,-0.1891891891891892,37
90,All,13,5,2,1.9523809523809523,2.142857142857143,0.19047619047619047,21
90,All,15,4,3,1.25,0.9166666666666666,-0.3333333333333333,12
90,All,16,5,3,0.8461538461538461,1.2307692307692308,0.38461538461538464,13
90,All,17,3,3,0.8,0.8,0.0,5
90,All,18,2,5,0.8,1.0,0.2,5
90,All,19,3,4,1.0,1.0909090909090908,0.09090909090909091,11
90,All,20,2,6,1.5,0.25,-1.25,4
90,All,21,1,3,0.0,1.0,1.0,1
90,All,22,6,3,2.1,2.2666666666666666,0.16666666666666666,30
91,All,1,4,1,0.6666666666666666,0.6666666666666666,0.0,3
91,All,2,1,1,0.0,0.5,0.5,2
91,All,3,3,1,0.5,0.5,0.0,2
91,All,5,3,2,1.1428571428571428,1.4285714285714286,0.2857142857142857,7
91,All,6,5,1,1.0666666666666667,1.6,0.5333333333333333,15
91,All,7,6,1,0.5,0.75,0.25,4
91,All,10,5,2,0.2,0.6,0.4,5
91,All,11,1,2,0.0,1.0,1.0,1
91,All,12,4,2,0.0,0.75,0.75,4
91,All,13,6,2,0.5454545454545454,0.8181818181818182,0.2727272727272727,11
91,All,14,4,3,0.5,0.5,0.0,2
91,All,15,3,3,0.5,1.0,0.5,2
91,All,16,2,4,0.0,0.0,0.0,1
91,All,17,3,4,0.0,1.0,1.0,2
91,All,18,5,3,0.0,1.0,1.0,3
91,All,19,6,3,0.7272727272727273,1.0909090909090908,0.36363636363636365,11
91,All,20,2,5,0.0,1.0,1.0,1
91,All,22,2,6,0.0,1.0,1.0,1
92,All,1,3,1,0.0,0.3333333333333333,0.3333333333333333,3
92,All,2,1,1,0.0,1.0,1.0,1
92,All,3,3,2,0.5,0.5,0.0,2
92,All,4,4,1,0.5,0.6666666666666666,0.16666666666666666,6
92,All,5,6,1,2.5806451612903225,2.161290322580645,-0.41935483870967744,31
92,All,6,2,1,0.0,0.5,0.5,2
92,All,7,2,2,0.0,1.0,1.0,1
92,All,8,5,1,1.1666666666666667,0.16666666666666666,-1.0,6
92,All,9,2,3,0.5,0.0,-0.5,2
92,All,10,6,2,2.0,1.0,-1.0,13
92,All,12,5,2,0.25,0.75,0.5,4
92,All,13,4,2,1.125,1.125,0.0,8
92,All,14,3,3,1.0,0.0,-1.0,1
92,All,16,4,3,0.8,0.4,-0.4,5
92,All,17,6,3,0.8,0.4,-0.4,5
92,All,18,2,4,0.5,0.5,0.0,4
92,All,19,2,5,0.0,1.0,1.0,1
92,All,20,5,3,0.7142857142857143,0.7142857142857143,0.0,7
92,All,22,2,6,0.5,1.0,0.5,2
93,All,1,3,1,0.5,0.5,0.0,4
93,All,3,6,1,0.875,1.125,0.25,8
93,All,4,3,2,0.0,0.5,0.5,2
93,All,5,2,1,0.0,1.0,1.0,1
93,All,6,4,1,0.6666666666666666,0.6666666666666666,0.0,3
93,All,7,2,2,0.0,1.0,1.0,1
93,All,8,2,3,1.0,0.0,-1.0,1
93,All,9,5,1,0.25,0.75,0.5,4
93,All,10,4,2,1.0,1.0,0.0,3
93,All,11,1,2,0.0,1.0,1.0,1
93,All,12,6,2,0.3333333333333333,1.0,0.6666666666666666,3
93,All,13,5,2,1.1666666666666667,1.0,-0.16666666666666666,12
93,All,14,3,3,0.0,1.0,1.0,1
93,All,15,6,3,0.4,1.0,0.6,10
93,All,16,3,4,0.0,0.0,0.0,3
93,All,17,2,4,0.5,0.5,0.0,2
93,All,18,4,3,1.0,0.0,-1.0,3
93,All,19,2,5,0.5,1.25,0.75,4
93,All,20,2,6,0.0,0.0,0.0,1
93,All,22,5,3,0.4,0.8,0.4,5
94,All,1,2,1,0.0,0.6666666666666666,0.6666666666666666,3
94,All,3,6,1,1.8888888888888888,2.388888888888889,0.5,18
94,All,4,2,2,1.0,0.0,-1.0,1
94,All,5,5,1,0.42857142857142855,1.0,0.5714285714285714,7
94,All,6,3,1,1.0,0.0,-1.0,1
94,All,7,4,1,0.8333333333333334,1.1666666666666667,0.3333333333333333,6
94,All,8,2,3,0.5,1.0,0.5,2
94,All,9,3,2,0.0,0.6666666666666666,0.6666666666666666,3
94,All,10,4,2,0.0,0.3333333333333333,0.3333333333333333,3
94,All,13,5,2,0.0,1.0,1.0,1
94,All,15,6,3,0.75,0.875,0.125,8
94,All,17,5,3,0.75,1.125,0.375,8
94,All,18,3,3,1.0,0.0,-1.0,1
94,All,19,4,3,0.0,0.5,0.5,2
94,All,21,1,3,0.0,1.0,1.0,1
94,All,22,3,4,0.3333333333333333,1.0,0.6666666666666666,3
95,All,1,6,1,1.75,1.6071428571428572,-0.14285714285714285,28
95,All,3,5,1,1.8888888888888888,0.7777777777777778,-1.1111111111111112,18
95,All,4,2,1,0.0,0.0,0.0,1
95,All,5,4,1,1.0,0.5714285714285714,-0.42857142857142855,7
95,All,7,3,1,0.6,1.2,0.6,5
95,All,9,2,3,0.0,0.0,0.0,1
95,All,10,5,2,0.25,0.75,0.5,4
95,All,11,1,2,0.0,0.5,0.5,2
95,All,12,6,2,0.0,1.0,1.0,2
95,All,13,4,2,0.25,0.75,0.5,4
95,All,14,6,3,1.2083333333333333,1.7083333333333333,0.5,24
95,All,15,5,3,0.25,1.0,0.75,4
95,All,16,2,4,0.0,0.5,0.5,2
95,All,17,4,3,1.0,0.0,-1.0,1
95,All,18,2,5,0.3333333333333333,0.6666666666666666,0.3333333333333333,3
95,All,19,3,3,0.0,1.0,1.0,2
95,All,20,3,4,0.0,0.0,0.0,1
95,All,22,2,6,0.8,1.0,0.2,5
96,All,1,5,1,0.5,0.75,0.25,4
96,All,2,1,1,0.0,1.0,1.0,1
96,All,3,4,1,0.5,0.0,-0.5,2
96,All,4,6,1,0.7692307692307693,0.8461538461538461,0.07692307692307693,13
96,All,5,3,1,0.0,1.0,1.0,1
96,All,6,2,1,0.0,0.5,0.5,2
96,All,8,2,3,0.0,0.5,0.5,2
96,All,9,3,2,0.0,0.5,0.5,2
96,All,10,4,2,1.2,0.6,-0.6,5
96,All,11,1,2,0.0,1.0,1.0,1
96,All,12,5,2,0.4,1.0,0.6,5
96,All,13,6,2,1.5333333333333334,1.0666666666666667,-0.4666666666666667,15
96,All,14,5,3,0.2,0.2,0.0,5
96,All,15,4,3,1.0,0.0,-1.0,1
96,All,16,6,3,0.8333333333333334,1.1666666666666667,0.3333333333333333,12
96,All,17,3,3,0.0,1.0,1.0,1
96,All,20,2,6,1.0,0.0,-1.0,1
96,All,22,3,4,0.25,0.75,0.5,4
97,All,2,1,1,1.0,0.0,-1.0,1
97,All,3,3,1,0.0,1.0,1.0,2
97,All,4,5,1,0.75,0.75,0.0,4
97,All,6,6,1,1.0714285714285714,1.2857142857142858,0.21428571428571427,14
97,All,7,3,2,0.0,0.0,0.0,1
97,All,8,2,2,0.0,0.5,0.5,2
97,All,9,2,3,0.0,1.0,1.0,1
97,All,10,4,2,0.5,0.75,0.25,4
97,All,12,6,2,1.5,2.0714285714285716,0.5714285714285714,14
97,All,13,5,2,1.3333333333333333,1.3333333333333333,0.0,18
97,All,14,4,3,0.0,0.5,0.5,2
97,All,16,5,3,0.625,1.125,0.5,8
97,All,17,2,4,0.0,0.0,0.0,1
97,All,18,6,3,1.0,0.8571428571428571,-0.14285714285714285,7
97,All,20,2,5,0.5,0.0,-0.5,2
97,All,22,2,6,1.0,0.0,-1.0,2
98,All,1,3,1,0.6666666666666666,0.6666666666666666,0.0,3
98,All,3,2,1,0.3333333333333333,0.3333333333333333,0.0,3
98,All,4,4,1,1.3333333333333333,0.0,-1.3333333333333333,3
98,All,5,3,2,1.0666666666666667,1.2,0.13333333333333333,15
98,All,6,5,1,2.588235294117647,0.17647058823529413,-2.411764705882353,17
98,All,7,2,2,0.0,0.5,0.5,2
98,All,8,6,1,1.5,1.7272727272727273,0.22727272727272727,22
98,All,9,2,3,1.4,1.3,-0.1,10
98,All,10,4,2,1.3181818181818181,1.5,0.18181818181818182,22
98,All,12,6,2,1.837837837837838,1.9189189189189189,0.08108108108108109,37
98,All,13,5,2,1.5384615384615385,2.0,0.46153846153846156,26
98,All,14,3,3,1.2857142857142858,0.0,-1.2857142857142858,7
98,All,15,2,4,0.0,0.0,0.0,2
98,All,16,4,3,1.8181818181818181,2.1818181818181817,0.36363636363636365,22
98,All,17,3,4,1.8333333333333333,1.75,-0.08333333333333333,12
98,All,18,5,3,1.4814814814814814,1.8148148148148149,0.3333333333333333,27
98,All,19,2,5,1.0,1.5,0.5,4
98,All,20,6,3,1.0606060606060606,1.3333333333333333,0.2727272727272727,33
98,All,22,2,6,0.8,0.6,-0.2,5
99,All,3,3,1,0.0,0.0,0.0,1
99,All,4,3,2,0.0,1.0,1.0,1
99,All,5,2,2,0.0,1.0,1.0,2
99,All,6,4,1,0.0,0.0,0.0,1
99,All,8,5,1,0.5,0.5,0.0,4
99,All,9,6,1,2.3125,1.46875,-0.84375,32
99,All,10,4,2,0.3333333333333333,1.0,0.6666666666666666,3
99,All,11,1,2,0.0,1.0,1.0,1
99,All,12,5,2,1.1333333333333333,1.0666666666666667,-0.06666666666666667,15
99,All,13,6,2,0.0,1.0,1.0,3
99,All,14,2,4,0.0,0.0,0.0,1
99,All,15,3,3,0.0,1.0,1.0,1
99,All,16,3,4,0.3333333333333333,1.0,0.6666666666666666,3
99,All,17,2,5,0.0,1.0,1.0,2
99,All,18,4,3,0.25,1.0,0.75,4
99,All,19,2,6,0.0,1.0,1.0,1
99,All,20,5,3,0.8888888888888888,1.1111111111111112,0.2222222222222222,9
99,All,22,6,3,1.0714285714285714,0.9285714285714286,-0.14285714285714285,14
100,All,2,1,1,0.0,1.0,1.0,1
100,All,3,2,1,0.5,1.0,0.5,2
100,All,5,2,3,0.0,1.0,1.0,1
100,All,6,3,2,0.0,1.0,1.0,1
100,All,7,6,1,1.3181818181818181,1.7727272727272727,0.45454545454545453,22
100,All,8,4,1,0.25,1.0,0.75,4
100,All,9,5,1,0.8571428571428571,0.8571428571428571,0.0,7
100,All,10,6,2,1.65625,1.5,-0.15625,32
100,All,12,4,2,0.0,0.0,0.0,1
100,All,14,3,3,0.0,1.0,1.0,1
100,All,15,2,4,0.0,0.0,0.0,1
100,All,16,2,5,0.0,1.0,1.0,1
100,All,17,2,6,0.5,1.0,0.5,2
100,All,19,6,3,0.25,1.0,0.75,4
100,All,20,4,3,0.25,1.0,0.75,4
100,All,22,5,3,0.5,0.5,0.0,2
101,All,3,2,2,0.0,1.0,1.0,2
101,All,5,6,1,1.625,1.46875,-0.15625,32
101,All,7,5,1,0.3333333333333333,1.0,0.6666666666666666,3
101,All,8,3,2,0.0,1.0,1.0,2
101,All,9,4,1,0.0,0.6666666666666666,0.6666666666666666,3
101,All,10,5,2,0.3333333333333333,0.6666666666666666,0.3333333333333333,3
101,All,12,6,2,0.3333333333333333,1.0,0.6666666666666666,3
101,All,13,4,2,0.0,1.0,1.0,1
101,All,15,2,5,0.0,1.0,1.0,1
101,All,16,3,3,0.5,1.0,0.5,2
101,All,17,6,3,0.4,1.0,0.6,5
101,All,19,5,3,0.0,0.6,0.6,5
101,All,22,4,3,0.0,1.0,1.0,1
102,All,1,2,1,0.0,0.5,0.5,2
102,All,2,1,1,0.0,1.0,1.0,1
102,All,3,4,1,0.3333333333333333,0.6666666666666666,0.3333333333333333,3
102,All,4,3,1,0.5,0.0,-0.5,2
102,All,5,3,2,0.6666666666666666,0.6666666666666666,0.0,3
102,All,6,5,1,0.5,0.0,-0.5,2
102,All,7,2,2,0.0,1.0,1.0,1
102,All,8,2,3,1.0,1.2857142857142858,0.2857142857142857,7
102,All,9,6,1,1.0,0.5714285714285714,-0.42857142857142855,7
102,All,10,4,2,1.0,0.0,-1.0,1
102,All,12,5,2,0.5,0.0,-0.5,2
102,All,13,6,2,1.0,1.4285714285714286,0.42857142857142855,7
102,All,14,2,4,0.0,1.0,1.0,1
102,All,15,4,3,0.3333333333333333,0.3333333333333333,0.0,3
102,All,16,3,3,0.3333333333333333,1.0,0.6666666666666666,3
102,All,17,3,4,0.0,1.0,1.0,2
102,All,18,5,3,0.0,1.0,1.0,2
102,All,19,2,5,0.0,1.0,1.0,1
102,All,20,2,6,0.0,0.5,0.5,2
102,All,22,6,3,1.1875,1.5625,0.375,16
103,All,1,4,1,0.0,0.5,0.5,4
103,All,3,3,1,0.0,1.0,1.0,1
103,All,4,2,1,0.5,1.0,0.5,2
103,All,5,2,2,0.0,1.0,1.0,2
103,All,6,3,2,0.75,0.75,0.0,4
103,All,7,6,1,1.7222222222222223,1.0,-0.7222222222222222,18
103,All,8,5,1,0.8461538461538461,1.0,0.15384615384615385,13
103,All,9,2,3,0.5,1.0,0.5,2
103,All,10,4,2,0.0,1.0,1.0,1
103,All,12,5,2,0.7142857142857143,1.1428571428571428,0.42857142857142855,7
103,All,13,6,2,1.90625,2.3125,0.40625,32
103,All,14,4,3,0.5,0.75,0.25,4
103,All,15,3,3,0.5,1.0,0.5,2
103,All,16,2,4,0.0,1.0,1.0,1
103,All,17,2,5,0.0,0.5,0.5,2
103,All,18,3,4,0.0,1.0,1.0,2
103,All,19,6,3,1.0833333333333333,0.6666666666666666,-0.4166666666666667,12
103,All,20,5,3,2.04,2.24,0.2,25
103,All,22,2,6,0.0,1.0,1.0,1
104,All,1,3,1,0.0,1.0,1.0,2
104,All,2,1,1,0.0,1.0,1.0,1
104,All,3,2,1,0.0,1.0,1.0,1
104,All,4,4,1,0.0,1.0,1.0,2
104,All,5,6,1,0.6666666666666666,1.0,0.3333333333333333,6
104,All,7,2,3,0.0,1.0,1.0,2
104,All,8,3,2,0.0,1.0,1.0,1
104,All,9,5,1,0.6,0.8,0.2,5
104,All,12,5,2,0.3333333333333333,1.0,0.6666666666666666,6
104,All,13,6,2,1.1111111111111112,1.0,-0.1111111111111111,9
104,All,14,3,3,0.0,1.0,1.0,1
104,All,15,2,4,0.0,1.0,1.0,1
104,All,16,4,3,0.4,0.4,0.0,5
104,All,17,6,3,0.0,1.0,1.0,2
104,All,19,2,6,0.3333333333333333,0.6666666666666666,0.3333333333333333,3
104,All,20,3,4,0.0,0.6666666666666666,0.6666666666666666,3
104,All,22,5,3,0.0,0.5,0.5,2
105,All,1,2,1,0.5,1.0,0.5,2
105,All,3,6,1,2.5660377358490565,2.4150943396226414,-0.1509433962264151,53
105,All,4,3,1,0.4,1.0,0.6,5
105,All,5,2,2,0.5,1.25,0.75,4
105,All,6,4,1,0.3333333333333333,0.6666666666666666,0.3333333333333333,3
105,All,7,5,1,0.5,1.1666666666666667,0.6666666666666666,6
105,All,8,2,3,0.0,1.0,1.0,2
105,All,10,4,2,1.2,1.0,-0.2,5
105,All,12,6,2,0.875,0.75,-0.125,8
105,All,13,5,2,1.6923076923076923,2.1153846153846154,0.4230769230769231,26
105,All,15,6,3,1.0,0.8,-0.2,10
105,All,16,3,3,0.3333333333333333,0.6666666666666666,0.3333333333333333,3
105,All,17,2,5,0.0,1.0,1.0,1
105,All,18,4,3,0.0,1.0,1.0,2
105,All,19,5,3,0.5,1.0,0.5,6
105,All,20,2,6,0.0,1.0,1.0,1
106,All,1,6,1,1.4375,1.5625,0.125,16
106,All,4,2,2,0.0,1.0,1.0,2
106,All,5,5,1,0.6666666666666666,1.0,0.3333333333333333,6
106,All,6,3,1,1.0,0.0,-1.0,1
106,All,7,3,2,0.0,1.0,1.0,2
106,All,8,4,1,0.0,1.0,1.0,1
106,All,10,6,2,1.375,0.5,-0.875,8
106,All,11,1,2,0.0,1.0,1.0,1
106,All,12,4,2,0.5,1.0,0.5,2
106,All,13,5,2,0.625,0.625,0.0,8
106,All,14,6,3,0.25,0.75,0.5,4
106,All,15,2,4,0.0,1.0,1.0,1
106,All,17,5,3,0.5,1.0,0.5,2
106,All,18,3,3,0.0,1.0,1.0,1
106,All,20,4,3,0.5714285714285714,1.2857142857142858,0.7142857142857143,7
107,All,1,2,1,0.0,1.0,1.0,1
107,All,3,5,1,0.5,1.0,0.5,2
107,All,4,6,1,2.25,1.8214285714285714,-0.42857142857142855,28
107,All,5,3,1,0.6666666666666666,0.6666666666666666,0.0,3
107,All,6,2,2,0.0,1.0,1.0,2
107,All,7,2,3,0.0,1.0,1.0,1
107,All,8,3,2,0.0,0.5,0.5,2
107,All,9,4,1,0.0,1.0,1.0,2
107,All,10,5,2,0.3333333333333333,0.6666666666666666,0.3333333333333333,3
107,All,11,1,2,0.0,1.0,1.0,1
107,All,12,4,2,0.5,0.5,0.0,2
107,All,13,6,2,0.9,1.4,0.5,10
107,All,14,2,4,0.0,1.0,1.0,1
107,All,15,5,3,0.875,1.125,0.25,8
107,All,16,6,3,1.1428571428571428,1.4285714285714286,0.2857142857142857,14
107,All,22,4,3,1.0,0.0,-1.0,1
108,All,1,5,1,1.6666666666666667,2.0606060606060606,0.3939393939393939,33
108,All,3,3,1,0.5,0.0,-0.5,4
108,All,4,2,1,0.5,0.5,0.0,2
108,All,5,2,2,0.0,1.0,1.0,1
108,All,6,6,1,1.5294117647058822,1.5294117647058822,0.0,17
108,All,7,4,1,1.5263157894736843,1.5263157894736843,0.0,19
108,All,9,3,2,0.0,0.0,0.0,1
108,All,10,5,2,0.7777777777777778,0.8888888888888888,0.1111111111111111,9
108,All,11,1,2,0.0,1.0,1.0,1
108,All,12,4,2,0.0,0.5,0.5,2
108,All,13,6,2,2.107142857142857,1.9285714285714286,-0.17857142857142858,28
108,All,14,5,3,1.1875,1.5,0.3125,16
108,All,15,3,3,0.0,1.0,1.0,1
108,All,17,2,5,1.0,0.0,-1.0,3
108,All,18,6,3,1.375,1.3125,-0.0625,16
108,All,19,4,3,0.0,1.0,1.0,1
108,All,20,2,6,0.5,1.0,0.5,2
108,All,22,3,4,0.0,1.0,1.0,2
109,All,1,3,1,0.5,0.0,-0.5,2
109,All,3,2,1,0.5,1.0,0.5,4
109,All,4,5,1,0.4,0.8,0.4,5
109,All,5,4,1,0.0,1.0,1.0,3
109,All,6,2,2,0.0,0.5,0.5,2
109,All,7,3,2,0.8333333333333334,1.1666666666666667,0.3333333333333333,6
109,All,8,6,1,2.0,1.0769230769230769,-0.9230769230769231,26
109,All,9,2,3,0.0,1.0,1.0,1
109,All,10,4,2,0.3333333333333333,0.8333333333333334,0.5,6
109,All,11,1,2,0.0,1.0,1.0,1
109,All,12,5,2,0.6,0.8,0.2,5
109,All,13,6,2,1.5,1.1666666666666667,-0.3333333333333333,18
109,All,14,3,3,0.5,1.0,0.5,6
109,All,15,2,4,1.0,0.0,-1.0,1
109,All,17,4,3,0.5,1.0,0.5,6
109,All,19,3,4,1.0,0.0,-1.0,3
109,All,20,6,3,0.4,0.6,0.2,5
109,All,22,2,6,0.0,1.0,1.0,1
110,All,1,6,1,1.6666666666666667,1.606060606060606,-0.06060606060606061,33
110,All,4,3,1,0.8,1.0,0.2,5
110,All,5,4,1,0.0,1.0,1.0,3
110,All,6,2,2,0.0,1.0,1.0,2
110,All,7,5,1,0.3333333333333333,1.0,0.6666666666666666,6
110,All,8,2,3,1.0,0.0,-1.0,1
110,All,10,6,2,0.5,0.8333333333333334,0.3333333333333333,6
110,All,11,1,2,0.0,1.0,1.0,1
110,All,12,5,2,0.6,0.8,0.2,5
110,All,14,6,3,0.4444444444444444,1.0,0.5555555555555556,9
110,All,15,2,4,0.5,1.0,0.5,2
110,All,16,3,3,0.0,1.0,1.0,1
110,All,17,4,3,0.0,1.0,1.0,1
110,All,19,5,3,0.25,0.75,0.5,4
110,All,20,2,6,0.0,1.0,1.0,1
110,All,22,3,4,0.0,1.0,1.0,1
111,All,1,2,1,0.0,0.0,0.0,1
111,All,2,1,1,0.0,1.0,1.0,1
111,All,3,4,1,1.9230769230769231,1.3846153846153846,-0.5384615384615384,13
111,All,4,6,1,1.75,0.375,-1.375,8
111,All,5,5,1,1.3333333333333333,1.6666666666666667,0.3333333333333333,9
111,All,6,3,1,1.2857142857142858,1.0,-0.2857142857142857,7
111,All,8,2,2,0.0,1.0,1.0,1
111,All,10,6,2,1.0666666666666667,1.4666666666666666,0.4,15
111,All,12,4,2,0.5,0.5,0.0,4
111,All,13,5,2,1.0,0.75,-0.25,4
111,All,15,4,3,0.5,1.0,0.5,6
111,All,16,6,3,1.625,1.4375,-0.1875,16
111,All,17,5,3,0.5,1.0,0.5,2
111,All,18,3,3,0.25,1.0,0.75,4
111,All,20,2,5,0.0,1.0,1.0,1
111,All,22,2,6,0.0,1.0,1.0,1
112,All,1,4,1,1.0,0.75,-0.25,8
112,All,3,5,1,0.6666666666666666,1.0,0.3333333333333333,6
112,All,4,2,1,0.5,1.0,0.5,2
112,All,5,3,1,0.0,0.5,0.5,4
112,All,6,6,1,1.8235294117647058,0.8823529411764706,-0.9411764705882353,17
112,All,7,2,2,0.0,1.0,1.0,2
112,All,8,3,2,0.0,0.0,0.0,1
112,All,9,2,3,0.3333333333333333,1.0,0.6666666666666666,3
112,All,10,4,2,0.8333333333333334,0.8333333333333334,0.0,6
112,All,11,1,2,0.0,1.0,1.0,1
112,All,12,5,2,0.5,1.0,0.5,6
112,All,13,6,2,0.5714285714285714,0.8571428571428571,0.2857142857142857,7
112,All,14,4,3,0.25,0.75,0.5,4
112,All,15,5,3,1.0,1.2222222222222223,0.2222222222222222,18
112,All,16,2,4,0.0,1.0,1.0,2
112,All,17,3,3,0.0,0.3333333333333333,0.3333333333333333,3
112,All,18,6,3,0.3333333333333333,0.6666666666666666,0.3333333333333333,3
112,All,19,2,5,0.0,0.0,0.0,1
112,All,20,3,4,0.0,0.5,0.5,2
112,All,22,2,6,0.0,0.0,0.0,1
113,All,1,5,1,0.4,0.4,0.0,5
113,All,3,3,1,0.5,1.0,0.5,2
113,All,4,4,1,0.5,1.0,0.5,2
113,All,5,2,1,0.0,1.0,1.0,1
113,All,7,2,3,1.0,0.0,-1.0,1
113,All,8,6,1,0.25,1.0,0.75,4
113,All,10,5,2,0.75,1.25,0.5,8
113,All,12,4,2,0.0,0.3333333333333333,0.3333333333333333,3
113,All,13,6,2,1.0,0.75,-0.25,4
113,All,14,5,3,0.5,0.0,-0.5,2
113,All,15,3,3,1.0,0.0,-1.0,1
113,All,16,4,3,0.6666666666666666,0.6666666666666666,0.0,3
113,All,17,2,4,0.3333333333333333,0.6666666666666666,0.3333333333333333,3
113,All,19,2,6,0.3333333333333333,1.0,0.6666666666666666,3
113,All,20,6,3,0.4,1.0,0.6,5
113,All,21,1,3,0.0,1.0,1.0,1
113,All,22,3,4,0.25,1.0,0.75,4
114,All,1,3,1,0.5,0.5,0.0,2
114,All,3,2,1,0.5,0.5,0.0,2
114,All,4,5,1,1.8,2.0,0.2,20
114,All,5,2,2,0.0,1.0,1.0,1
114,All,6,4,1,0.0,0.0,0.0,3
114,All,7,3,2,0.0,0.5,0.5,2
114,All,8,2,3,0.0,1.0,1.0,1
114,All,9,6,1,0.9,1.3,0.4,10
114,All,10,4,2,0.5,1.0,0.5,2
114,All,12,5,2,0.6666666666666666,1.3333333333333333,0.6666666666666666,3
114,All,13,6,2,1.0,1.0,0.0,14
114,All,14,3,3,0.0,1.0,1.0,1
114,All,15,2,4,0.0,1.0,1.0,1
114,All,16,5,3,0.75,1.25,0.5,8
114,All,22,6,3,0.6,0.4,-0.2,5
115,All,1,2,1,0.0,0.0,0.0,1
115,All,3,2,2,0.0,1.0,1.0,1
115,All,4,3,1,0.25,0.5,0.25,4
115,All,5,3,2,0.5,1.0,0.5,4
115,All,6,5,1,1.4666666666666666,1.3333333333333333,-0.13333333333333333,15
115,All,7,6,1,0.5555555555555556,0.4444444444444444,-0.1111111111111111,9
115,All,8,4,1,0.3333333333333333,1.0,0.6666666666666666,3
115,All,9,2,3,0.0,1.0,1.0,1
115,All,10,5,2,1.2,1.0,-0.2,5
115,All,12,6,2,1.9473684210526316,1.4736842105263157,-0.47368421052631576,19
115,All,13,4,2,0.0,0.0,0.0,1
115,All,14,2,4,0.5,1.0,0.5,2
115,All,15,2,5,0.0,1.0,1.0,1
115,All,16,3,3,0.0,0.0,0.0,1
115,All,17,3,4,0.0,0.6666666666666666,0.6666666666666666,3
115,All,18,5,3,0.8888888888888888,0.3333333333333333,-0.5555555555555556,9
115,All,19,6,3,1.0,0.5555555555555556,-0.4444444444444444,9
115,All,20,4,3,0.0,0.0,0.0,3
115,All,22,2,6,0.0,1.0,1.0,1
116,All,1,2,1,0.0,1.0,1.0,1
116,All,4,2,2,0.0,1.0,1.0,1
116,All,5,6,1,1.5,1.8888888888888888,0.3888888888888889,18
116,All,6,3,2,0.0,0.0,0.0,1
116,All,7,2,3,0.5,1.0,0.5,4
116,All,8,5,1,0.3333333333333333,0.6666666666666666,0.3333333333333333,3
116,All,9,4,1,0.0,1.0,1.0,1
116,All,10,6,2,0.0,0.0,0.0,1
116,All,12,4,2,0.8333333333333334,1.1666666666666667,0.3333333333333333,6
116,All,13,5,2,0.8888888888888888,0.8888888888888888,0.0,9
116,All,14,2,4,1.0,0.5,-0.5,4
116,All,15,3,3,0.5,1.0,0.5,2
116,All,16,2,5,0.0,1.0,1.0,1
116,All,17,6,3,1.2142857142857142,1.5714285714285714,0.35714285714285715,14
116,All,18,3,4,1.1111111111111112,1.0,-0.1111111111111111,9
116,All,19,2,6,0.5,0.0,-0.5,2
116,All,20,5,3,1.4444444444444444,0.8888888888888888,-0.5555555555555556,9
116,All,22,4,3,0.8571428571428571,0.2857142857142857,-0.5714285714285714,7
117,All,1,3,1,0.5,1.0,0.5,4
117,All,2,1,1,0.0,1.0,1.0,1
117,All,3,6,1,1.2352941176470589,1.2941176470588236,0.058823529411764705,17
117,All,4,2,1,0.0,0.0,0.0,1
117,All,5,2,2,0.0,1.0,1.0,1
117,All,7,4,1,0.0,0.5,0.5,2
117,All,8,3,2,0.0,0.5,0.5,2
117,All,9,5,1,0.8,1.5,0.7,10
117,All,10,6,2,1.263157894736842,1.3157894736842106,0.05263157894736842,19
117,All,12,5,2,0.25,0.5,0.25,4
117,All,13,4,2,0.4,1.2,0.8,5
117,All,14,3,3,0.0,0.0,0.0,1
117,All,15,6,3,0.8,0.6,-0.2,5
117,All,16,2,4,0.0,1.0,1.0,2
117,All,17,2,5,0.0,1.0,1.0,1
117,All,18,2,6,0.5,1.0,0.5,2
117,All,19,4,3,0.0,0.5,0.5,2
117,All,20,3,4,0.5,0.5,0.0,2
117,All,21,1,3,0.0,1.0,1.0,1
117,All,22,5,3,0.4,1.0,0.6,5
118,All,1,3,1,0.3333333333333333,0.6666666666666666,0.3333333333333333,3
118,All,2,1,1,0.0,0.5,0.5,2
118,All,3,2,1,0.0,0.0,0.0,1
118,All,4,6,1,1.3333333333333333,0.9333333333333333,-0.4,15
118,All,5,2,2,0.0,1.0,1.0,1
118,All,6,5,1,0.5714285714285714,1.2857142857142858,0.7142857142857143,7
118,All,8,2,3,0.5,0.0,-0.5,2
118,All,9,4,1,1.0,0.8571428571428571,-0.14285714285714285,7
118,All,10,6,2,1.0,0.9,-0.1,10
118,All,12,5,2,1.0769230769230769,1.5384615384615385,0.46153846153846156,13
118,All,13,4,2,1.5384615384615385,0.9230769230769231,-0.6153846153846154,13
118,All,14,3,3,0.0,1.0,1.0,1
118,All,15,2,4,0.0,1.0,1.0,1
118,All,16,6,3,1.368421052631579,1.631578947368421,0.2631578947368421,19
118,All,17,2,5,0.0,0.0,0.0,1
118,All,18,5,3,0.6666666666666666,0.5555555555555556,-0.1111111111111111,9
118,All,19,3,4,0.5,1.25,0.75,4
118,All,20,2,6,0.5,1.0,0.5,2
118,All,22,4,3,1.0,0.0,-1.0,2
119,All,1,2,1,0.5,1.0,0.5,6
119,All,2,1,1,0.0,0.5,0.5,2
119,All,3,2,2,0.0,0.5,0.5,2
119,All,4,3,1,1.0,0.0,-1.0,1
119,All,6,6,1,0.6,0.6,0.0,5
119,All,7,4,1,0.25,1.0,0.75,4
119,All,8,5,1,1.125,0.5,-0.625,8
119,All,9,2,3,1.0,0.0,-1.0,1
119,All,10,4,2,0.4,0.8,0.4,5
119,All,12,6,2,1.0666666666666667,1.2,0.13333333333333333,15
119,All,13,5,2,0.6666666666666666,1.0,0.3333333333333333,6
119,All,14,2,4,0.0,1.0,1.0,1
119,All,15,2,5,0.0,0.0,0.0,1
119,All,16,3,3,0.0,0.5,0.5,2
119,All,17,3,4,0.0,0.3333333333333333,0.3333333333333333,3
119,All,18,6,3,0.9090909090909091,0.9090909090909091,0.0,11
119,All,19,4,3,0.4,1.0,0.6,5
119,All,20,5,3,0.5,1.125,0.625,8
119,All,22,2,6,0.0,1.0,1.0,2
120,All,2,6,1,1.4,1.4,0.0,15
120,All,3,1,1,0.0,1.0,1.0,1
120,All,4,2,1,0.0,1.0,1.0,2
120,All,5,4,1,0.5,1.0,0.5,2
120,All,6,5,1,0.4,1.0,0.6,5
120,All,7,4,2,0.5,1.0,0.5,2
120,All,9,2,2,0.5,1.0,0.5,2
120,All,10,5,2,0.3333333333333333,0.6666666666666666,0.3333333333333333,3
120,All,11,3,2,0.0,1.0,1.0,1
120,All,12,6,2,0.5555555555555556,1.0,0.4444444444444444,9
120,All,14,3,3,0.0,0.5,0.5,2
120,All,15,5,3,0.7142857142857143,1.1428571428571428,0.42857142857142855,7
120,All,16,4,3,0.0,1.0,1.0,3
120,All,17,1,3,0.0,1.0,1.0,1
120,All,18,6,3,0.2,0.8,0.6,5
121,All,1,1,1,0.0,1.0,1.0,1
121,All,2,3,1,0.0,0.5,0.5,2
121,All,3,4,1,0.0,1.0,1.0,1
121,All,4,6,1,1.2352941176470589,1.5294117647058822,0.29411764705882354,17
121,All,5,5,1,0.9166666666666666,1.4166666666666667,0.5,12
121,All,7,2,2,0.0,1.0,1.0,1
121,All,8,4,2,0.0,1.0,1.0,3
121,All,9,3,2,0.0,1.0,1.0,2
121,All,11,6,2,0.0,0.0,0.0,1
121,All,12,5,2,0.25,0.75,0.5,4
121,All,13,5,3,0.0,1.0,1.0,2
121,All,14,2,3,1.0,1.0,0.0,3
121,All,15,1,3,0.0,1.0,1.0,1
121,All,16,3,3,0.0,1.0,1.0,1
121,All,17,6,3,0.0,1.0,1.0,1
121,All,18,4,3,0.0,1.0,1.0,1
122,All,1,6,1,2.0,2.142857142857143,0.14285714285714285,28
122,All,3,3,1,0.0,0.5,0.5,2
122,All,4,5,1,0.4,1.0,0.6,5
122,All,6,4,1,0.3333333333333333,0.8333333333333334,0.5,6
122,All,8,5,2,0.6666666666666666,0.8333333333333334,0.16666666666666666,6
122,All,9,4,2,0.75,1.125,0.375,8
122,All,10,6,2,0.8,0.5,-0.3,10
122,All,11,2,2,0.0,1.0,1.0,2
122,All,13,3,3,0.0,0.5,0.5,2
122,All,14,4,3,0.7272727272727273,0.9090909090909091,0.18181818181818182,11
122,All,15,2,3,0.0,1.0,1.0,1
122,All,16,6,3,0.0,0.6666666666666666,0.6666666666666666,3
122,All,17,5,3,0.5,0.5,0.0,8
122,All,18,1,3,0.0,1.0,1.0,1
123,All,1,2,1,0.5,0.0,-0.5,2
123,All,2,5,1,1.0,0.6666666666666666,-0.3333333333333333,12
123,All,3,6,1,0.7142857142857143,0.42857142857142855,-0.2857142857142857,7
123,All,4,4,1,1.0,1.4444444444444444,0.4444444444444444,9
123,All,5,3,1,0.0,0.0,0.0,2
123,All,6,1,1,0.0,1.0,1.0,1
123,All,7,5,2,1.2941176470588236,1.1176470588235294,-0.17647058823529413,17
123,All,8,6,2,1.5454545454545454,0.7272727272727273,-0.8181818181818182,22
123,All,10,3,2,0.0,0.5,0.5,2
123,All,11,4,2,0.8333333333333334,0.8333333333333334,0.0,6
123,All,12,2,2,0.0,0.5,0.5,2
123,All,13,4,3,0.0,1.0,1.0,2
123,All,14,6,3,1.5333333333333334,1.1333333333333333,-0.4,15
123,All,15,3,3,1.1,0.8,-0.3,10
123,All,17,2,3,0.5,1.0,0.5,2
123,All,18,5,3,1.2,0.8,-0.4,5
124,All,1,5,1,2.0833333333333335,1.8333333333333333,-0.25,24
124,All,2,4,1,1.0,0.625,-0.375,8
124,All,3,2,1,0.0,0.0,0.0,1
124,All,5,6,1,1.0909090909090908,0.6363636363636364,-0.45454545454545453,11
124,All,6,3,1,0.3333333333333333,0.0,-0.3333333333333333,3
124,All,7,6,2,0.375,0.625,0.25,8
124,All,8,3,2,0.3333333333333333,1.0,0.6666666666666666,6
124,All,9,5,2,0.0,0.3333333333333333,0.3333333333333333,3
124,All,10,2,2,0.0,1.0,1.0,1
124,All,12,4,2,1.0,0.8888888888888888,-0.1111111111111111,9
124,All,13,6,3,1.3333333333333333,0.6666666666666666,-0.6666666666666666,15
124,All,14,1,3,0.0,1.0,1.0,1
124,All,15,4,3,1.6666666666666667,1.3333333333333333,-0.3333333333333333,9
124,All,16,5,3,1.3076923076923077,0.6153846153846154,-0.6923076923076923,13
124,All,17,3,3,0.3333333333333333,0.6666666666666666,0.3333333333333333,3
124,All,18,2,3,0.6666666666666666,1.3333333333333333,0.6666666666666666,3
125,All,1,4,1,0.6666666666666666,0.8333333333333334,0.16666666666666666,6
125,All,2,1,1,0.0,1.0,1.0,1
125,All,3,5,1,0.8333333333333334,0.3333333333333333,-0.5,6
125,All,4,3,1,0.0,0.0,0.0,1
125,All,5,2,1,0.0,1.0,1.0,1
125,All,6,6,1,0.625,0.875,0.25,8
125,All,7,1,2,0.0,1.0,1.0,1
125,All,8,5,2,1.6428571428571428,0.9285714285714286,-0.7142857142857143,14
125,All,9,6,2,0.4,0.6,0.2,5
125,All,10,2,2,0.0,0.0,0.0,2
125,All,11,4,2,0.3333333333333333,1.1666666666666667,0.8333333333333334,6
125,All,12,3,2,0.5,1.0,0.5,2
125,All,13,3,3,0.75,0.25,-0.5,4
125,All,14,2,3,0.5,1.0,0.5,2
125,All,15,6,3,0.0,1.0,1.0,2
125,All,16,4,3,0.7142857142857143,1.1428571428571428,0.42857142857142855,7
125,All,17,5,3,0.0,1.0,1.0,1
126,All,2,3,1,1.0,0.0,-1.0,3
126,All,3,4,1,0.3333333333333333,0.6666666666666666,0.3333333333333333,3
126,All,4,6,1,1.6470588235294117,1.2352941176470589,-0.4117647058823529,17
126,All,5,5,1,1.588235294117647,1.0,-0.5882352941176471,17
126,All,7,5,2,1.5,0.0,-1.5,8
126,All,8,2,2,0.0,0.0,0.0,1
126,All,9,1,2,0.0,1.0,1.0,1
126,All,11,6,2,1.25,0.6875,-0.5625,16
126,All,12,4,2,0.6666666666666666,0.0,-0.6666666666666666,6
126,All,13,2,3,1.0,0.0,-1.0,1
126,All,14,4,3,0.8571428571428571,1.1428571428571428,0.2857142857142857,7
126,All,15,3,3,0.0,0.0,0.0,2
126,All,16,1,3,0.0,1.0,1.0,1
126,All,17,6,3,2.727272727272727,0.18181818181818182,-2.5454545454545454,11
126,All,18,5,3,1.7142857142857142,0.0,-1.7142857142857142,7
127,All,2,6,1,0.4,0.8,0.4,5
127,All,5,4,1,0.5,1.0,0.5,2
127,All,6,5,1,0.25,1.0,0.75,4
127,All,7,2,2,0.0,1.0,1.0,1
127,All,8,3,2,1.0,0.0,-1.0,1
127,All,9,5,2,0.4,1.0,0.6,5
127,All,10,4,2,0.5,1.25,0.75,4
127,All,12,6,2,0.6666666666666666,0.6666666666666666,0.0,3
127,All,13,4,3,0.5,0.5,0.0,2
127,All,15,2,3,0.5,0.0,-0.5,2
127,All,16,5,3,0.75,0.875,0.125,8
127,All,17,3,3,0.3333333333333333,1.0,0.6666666666666666,3
127,All,18,6,3,1.0769230769230769,1.0769230769230769,0.0,13
128,All,1,6,1,1.6521739130434783,1.434782608695652,-0.21739130434782608,23
128,All,2,2,1,0.0,1.0,1.0,1
128,All,3,3,1,0.5,1.0,0.5,2
128,All,4,5,1,0.0,0.0,0.0,1
128,All,6,4,1,1.0,1.5,0.5,4
128,All,10,6,2,1.0,1.0,0.0,3
128,All,11,5,2,0.5,0.0,-0.5,2
128,All,14,5,3,1.0,0.0,-1.0,2
129,All,1,2,1,0.0,0.0,0.0,1
129,All,2,5,1,1.0,0.6666666666666666,-0.3333333333333333,6
129,All,4,4,1,0.3333333333333333,1.0,0.6666666666666666,3
129,All,5,3,1,0.5,1.0,0.5,4
129,All,7,4,2,0.0,1.0,1.0,1
129,All,8,6,2,0.25,1.0,0.75,4
129,All,9,3,2,0.0,1.0,1.0,1
129,All,12,5,2,0.5,1.0,0.5,6
129,All,13,5,3,0.0,1.0,1.0,1
129,All,14,6,3,0.5,1.25,0.75,4
129,All,15,1,3,0.0,1.0,1.0,1
129,All,16,3,3,0.0,0.0,0.0,1
129,All,17,4,3,0.0,1.0,1.0,1
129,All,18,2,3,0.5,0.0,-0.5,2
130,All,1,5,1,1.0,0.8571428571428571,-0.14285714285714285,7
130,All,2,4,1,1.1666666666666667,1.0833333333333333,-0.08333333333333333,12
130,All,3,2,1,0.8,1.2,0.4,5
130,All,5,6,1,0.4,0.8,0.4,5
130,All,6,3,1,0.0,0.0,0.0,1
130,All,7,6,2,2.0,1.5862068965517242,-0.41379310344827586,29
130,All,8,1,2,0.0,1.0,1.0,1
130,All,9,4,2,1.1428571428571428,1.1428571428571428,0.0,14
130,All,10,5,2,1.0,1.2307692307692308,0.23076923076923078,13
130,All,11,3,2,1.6428571428571428,0.7142857142857143,-0.9285714285714286,14
130,All,12,2,2,0.625,1.0,0.375,8
130,All,13,6,3,1.4444444444444444,1.6111111111111112,0.16666666666666666,18
130,All,14,3,3,0.0,0.5,0.5,2
130,All,15,5,3,0.5714285714285714,1.1428571428571428,0.5714285714285714,7
130,All,16,2,3,0.5,1.0,0.5,2
130,All,17,1,3,0.5,1.0,0.5,4
130,All,18,4,3,1.5238095238095237,1.619047619047619,0.09523809523809523,21
131,All,1,1,1,0.0,1.0,1.0,1
131,All,2,5,1,1.2,1.3,0.1,10
131,All,3,6,1,0.6666666666666666,1.3333333333333333,0.6666666666666666,3
131,All,4,2,1,0.0,0.0,0.0,1
131,All,5,4,1,0.0,1.0,1.0,2
131,All,7,4,2,0.5,1.0,0.5,2
131,All,9,5,2,0.4,1.0,0.6,5
131,All,10,3,2,0.0,0.0,0.0,1
131,All,12,6,2,0.75,0.75,0.0,8
131,All,13,3,3,0.0,1.0,1.0,1
131,All,14,2,3,0.5,0.5,0.0,2
131,All,15,6,3,0.6,1.1,0.5,10
131,All,16,4,3,0.0,1.0,1.0,1
131,All,17,5,3,0.0,1.0,1.0,1
132,All,1,5,1,0.0,1.0,1.0,1
132,All,2,2,1,0.0,1.0,1.0,1
132,All,3,1,1,0.0,1.0,1.0,1
132,All,4,3,1,0.5,1.0,0.5,2
132,All,5,6,1,0.7,1.1,0.4,10
132,All,6,4,1,0.0,1.0,1.0,2
132,All,8,3,2,0.0,1.0,1.0,1
132,All,9,4,2,0.0,1.0,1.0,1
132,All,10,6,2,0.16666666666666666,0.8333333333333334,0.6666666666666666,6
132,All,11,5,2,0.0,1.0,1.0,2
132,All,12,2,2,0.0,0.0,0.0,2
132,All,14,4,3,1.0,0.0,-1.0,3
132,All,15,3,3,0.5,1.0,0.5,2
132,All,17,6,3,0.5,1.0,0.5,8
132,All,18,5,3,0.3333333333333333,0.6666666666666666,0.3333333333333333,3
133,All,1,2,1,0.6666666666666666,1.3333333333333333,0.6666666666666666,3
133,All,3,5,1,0.5,0.5,0.0,2
133,All,4,4,1,0.0,1.0,1.0,1
133,All,6,6,1,1.3,1.1,-0.2,10
133,All,7,3,2,0.0,1.0,1.0,1
133,All,8,6,2,0.0,1.0,1.0,1
133,All,11,4,2,0.0,0.6666666666666666,0.6666666666666666,3
133,All,12,5,2,0.5,1.0,0.5,4
133,All,15,2,3,0.0,1.0,1.0,1
133,All,16,5,3,0.6666666666666666,1.3333333333333333,0.6666666666666666,3
133,All,17,3,3,0.0,0.0,0.0,1
133,All,18,6,3,1.1764705882352942,1.2352941176470589,0.058823529411764705,17
134,All,2,4,1,0.3333333333333333,0.0,-0.3333333333333333,3
134,All,4,6,1,0.6666666666666666,1.0,0.3333333333333333,6
134,All,5,5,1,1.8571428571428572,1.2857142857142858,-0.5714285714285714,14
134,All,6,1,1,0.0,1.0,1.0,1
134,All,7,6,2,0.5,0.75,0.25,4
134,All,8,2,2,0.0,1.0,1.0,1
134,All,9,3,2,0.3333333333333333,1.0,0.6666666666666666,3
134,All,10,5,2,1.1111111111111112,1.5555555555555556,0.4444444444444444,9
134,All,12,4,2,0.5,0.5,0.0,4
134,All,14,5,3,0.4,0.8,0.4,5
134,All,15,4,3,1.619047619047619,1.4285714285714286,-0.19047619047619047,21
134,All,16,6,3,1.8,1.9,0.1,20
134,All,17,2,3,0.5,1.0,0.5,2
134,All,18,3,3,1.75,0.0,-1.75,4
135,All,1,4,1,0.6666666666666666,1.3333333333333333,0.6666666666666666,3
135,All,2,6,1,1.8571428571428572,1.9523809523809523,0.09523809523809523,21
135,All,3,3,1,1.0,1.0,0.0,3
135,All,5,2,1,0.0,1.0,1.0,1
135,All,6,5,1,0.5,1.0,0.5,6
135,All,7,2,2,0.0,0.0,0.0,1
135,All,8,5,2,1.3,0.9,-0.4,10
135,All,9,6,2,0.9444444444444444,0.9444444444444444,0.0,18
135,All,10,4,2,0.0,1.0,1.0,2
135,All,11,3,2,0.0,0.5,0.5,2
135,All,12,1,2,0.0,1.0,1.0,1
135,All,13,5,3,1.85,1.75,-0.1,20
135,All,14,6,3,1.2,1.0,-0.2,5
135,All,16,3,3,0.0,0.5,0.5,2
135,All,17,4,3,1.0,1.0,0.0,7
135,All,18,2,3,0.0,1.0,1.0,1
136,All,1,6,1,0.75,0.25,-0.5,4
136,All,3,4,1,0.7142857142857143,1.0,0.2857142857142857,7
136,All,4,5,1,0.25,0.75,0.5,4
136,All,5,3,1,0.25,1.0,0.75,4
136,All,6,2,1,0.0,1.0,1.0,1
136,All,7,5,2,0.5,1.0,0.5,6
136,All,8,4,2,0.0,0.5,0.5,2
136,All,9,2,2,0.3333333333333333,1.0,0.6666666666666666,3
136,All,11,6,2,0.75,1.0,0.25,4
136,All,12,3,2,0.0,0.3333333333333333,0.3333333333333333,3
136,All,13,6,3,0.5,0.5,0.0,2
136,All,14,3,3,0.0,0.5,0.5,4
136,All,15,5,3,0.5,1.0,0.5,6
136,All,16,2,3,0.75,0.25,-0.5,4
136,All,18,4,3,0.3333333333333333,1.0,0.6666666666666666,3
137,All,1,2,1,0.0,1.0,1.0,1
137,All,2,4,1,0.5,0.0,-0.5,2
137,All,3,5,1,0.6666666666666666,0.6666666666666666,0.0,3
137,All,4,3,1,0.4,0.8,0.4,5
137,All,5,6,1,1.0,0.0,-1.0,1
137,All,7,5,2,0.5714285714285714,0.7142857142857143,0.14285714285714285,7
137,All,8,2,2,0.0,1.0,1.0,1
137,All,9,6,2,0.5714285714285714,0.7142857142857143,0.14285714285714285,7
137,All,10,4,2,0.0,1.0,1.0,2
137,All,12,3,2,0.3333333333333333,0.0,-0.3333333333333333,3
137,All,15,4,3,0.0,0.0,0.0,1
137,All,16,6,3,0.4,0.8,0.4,5
137,All,17,5,3,0.5,0.0,-0.5,2
137,All,18,2,3,0.5,0.0,-0.5,2
138,All,1,4,1,0.5,1.0,0.5,2
138,All,5,5,1,0.5,1.1666666666666667,0.6666666666666666,6
138,All,6,6,1,0.8,0.6,-0.2,5
138,All,7,2,2,0.0,1.0,1.0,1
138,All,8,4,2,1.5,0.0,-1.5,2
138,All,10,3,2,0.0,1.0,1.0,1
138,All,11,6,2,0.0,0.0,0.0,1
138,All,14,6,3,1.5,0.0,-1.5,2
138,All,15,1,3,0.0,1.0,1.0,1
138,All,17,4,3,0.3333333333333333,0.6666666666666666,0.3333333333333333,3
138,All,18,5,3,0.3333333333333333,0.3333333333333333,0.0,3
139,All,1,3,1,0.5,1.0,0.5,2
139,All,2,1,1,0.0,1.0,1.0,1
139,All,3,4,1,0.8333333333333334,1.3333333333333333,0.5,6
139,All,4,6,1,1.6666666666666667,2.0,0.3333333333333333,18
139,All,5,2,1,0.0,1.0,1.0,1
139,All,6,5,1,1.0,0.0,-1.0,2
139,All,7,4,2,0.8,1.4,0.6,10
139,All,8,3,2,1.4166666666666667,1.75,0.3333333333333333,12
139,All,11,5,2,0.5,1.0,0.5,8
139,All,12,6,2,1.5294117647058822,1.411764705882353,-0.11764705882352941,17
139,All,13,6,3,0.75,0.5,-0.25,4
139,All,14,2,3,0.0,0.0,0.0,1
139,All,16,5,3,0.0,0.25,0.25,4
139,All,18,4,3,1.0,0.0,-1.0,1
140,All,1,1,1,0.0,0.5,0.5,2
140,All,2,6,1,0.9230769230769231,1.4615384615384615,0.5384615384615384,13
140,All,3,3,1,0.0,0.0,0.0,1
140,All,4,5,1,0.25,0.25,0.0,4
140,All,5,4,1,0.6666666666666666,0.8333333333333334,0.16666666666666666,6
140,All,6,2,1,0.0,0.5,0.5,2
140,All,7,3,2,0.3333333333333333,1.0,0.6666666666666666,3
140,All,9,4,2,0.4,0.8,0.4,5
140,All,10,6,2,0.5,0.625,0.125,8
140,All,11,2,2,0.0,1.0,1.0,1
140,All,12,5,2,1.3125,1.3125,0.0,16
140,All,13,2,3,0.5,0.5,0.0,2
140,All,14,5,3,1.0,1.125,0.125,8
140,All,15,6,3,1.2142857142857142,0.5714285714285714,-0.6428571428571429,14
140,All,16,4,3,0.8888888888888888,1.2222222222222223,0.3333333333333333,9
140,All,17,3,3,0.5,0.5,0.0,2
141,All,1,6,1,0.5,0.75,0.25,4
141,All,2,5,1,0.5,1.0,0.5,4
141,All,4,2,1,0.0,0.5,0.5,2
141,All,6,4,1,1.1428571428571428,1.4285714285714286,0.2857142857142857,7
141,All,7,1,2,0.0,1.0,1.0,1
141,All,8,6,2,0.5714285714285714,0.2857142857142857,-0.2857142857142857,7
141,All,9,3,2,0.0,0.5,0.5,2
141,All,10,5,2,0.0,1.0,1.0,3
141,All,11,4,2,0.0,1.0,1.0,2
141,All,12,2,2,0.0,1.0,1.0,1
141,All,13,5,3,0.25,0.75,0.5,4
141,All,14,4,3,0.0,1.0,1.0,1
141,All,15,2,3,1.0,0.0,-1.0,1
141,All,17,6,3,1.6428571428571428,1.0,-0.6428571428571429,14
141,All,18,3,3,0.0,1.0,1.0,1
142,All,1,5,1,0.0,1.0,1.0,2
142,All,2,2,1,0.0,1.0,1.0,1
142,All,3,6,1,1.9375,1.5,-0.4375,16
142,All,4,4,1,0.0,1.0,1.0,1
142,All,6,3,1,0.0,1.0,1.0,2
142,All,7,6,2,0.0,1.0,1.0,1
142,All,8,5,2,0.0,0.6666666666666666,0.6666666666666666,3
142,All,11,3,2,0.0,0.5,0.5,2
142,All,12,4,2,0.0,1.0,1.0,2
142,All,13,4,3,0.0,1.0,1.0,2
142,All,15,5,3,0.0,1.0,1.0,2
142,All,18,6,3,0.6,0.8,0.2,5
143,All,2,4,1,0.5,0.5,0.0,4
143,All,3,5,1,0.625,1.25,0.625,8
143,All,4,3,1,1.0,0.3333333333333333,-0.6666666666666666,3
143,All,5,6,1,1.3076923076923077,1.0769230769230769,-0.23076923076923078,13
143,All,8,3,2,0.3333333333333333,0.0,-0.3333333333333333,3
143,All,9,4,2,0.9,0.8,-0.1,10
143,All,10,6,2,1.6521739130434783,0.8695652173913043,-0.782608695652174,23
143,All,11,5,2,0.42857142857142855,1.0,0.5714285714285714,7
143,All,12,2,2,0.0,0.0,0.0,1
143,All,13,5,3,1.25,1.4166666666666667,0.16666666666666666,12
143,All,14,2,3,1.0,0.0,-1.0,1
143,All,15,6,3,1.631578947368421,1.5789473684210527,-0.05263157894736842,19
143,All,16,4,3,0.0,1.0,1.0,1
143,All,18,3,3,1.0,1.1666666666666667,0.16666666666666666,12
144,All,1,4,1,0.5,0.625,0.125,8
144,All,2,3,1,0.3333333333333333,1.0,0.6666666666666666,3
144,All,3,2,1,0.0,1.0,1.0,1
144,All,4,1,1,0.0,1.0,1.0,1
144,All,5,5,1,0.0,1.0,1.0,2
144,All,6,6,1,0.3333333333333333,1.0,0.6666666666666666,3
144,All,8,6,2,1.0,1.5,0.5,4
144,All,11,4,2,0.25,0.5,0.25,4
144,All,12,5,2,0.0,0.0,0.0,1
144,All,13,2,3,0.0,0.0,0.0,1
144,All,16,3,3,0.0,0.0,0.0,1
144,All,17,6,3,0.3333333333333333,0.6666666666666666,0.3333333333333333,3
144,All,18,1,3,0.0,1.0,1.0,1
145,All,2,1,1,0.0,1.0,1.0,1
145,All,3,4,1,0.16666666666666666,0.6666666666666666,0.5,6
145,All,4,6,1,1.4,1.1,-0.3,10
145,All,6,5,1,0.7777777777777778,0.6666666666666666,-0.1111111111111111,9
145,All,7,6,2,0.625,1.25,0.625,8
145,All,8,2,2,0.3333333333333333,0.0,-0.3333333333333333,3
145,All,9,3,2,0.0,0.0,0.0,1
145,All,10,5,2,0.875,0.75,-0.125,8
145,All,12,4,2,0.4,1.0,0.6,5
145,All,13,4,3,0.0,0.5,0.5,2
145,All,14,3,3,0.0,1.0,1.0,1
145,All,15,2,3,0.0,1.0,1.0,1
145,All,17,5,3,0.4,0.6,0.2,5
145,All,18,6,3,1.5517241379310345,2.0344827586206895,0.4827586206896552,29
