group,set_size,set_size_exposure,mean,sd,n_participants,sem
All,1,1,0.9772727272727273,0.15075567228888181,44,0.022727272727272728
All,1,2,1.0,0.0,44,0.0
All,1,3,1.0,0.0,38,0.0
All,2,1,0.9206349206349206,0.24010579678715305,126,0.021390324479902238
All,2,2,0.9732824427480916,0.15582259512314045,131,0.013614283347853827
All,2,3,0.948,0.19902990535546772,125,0.01780177591720701
All,2,4,0.9423076923076923,0.2125628668592856,104,0.02084350396116774
All,2,5,0.9772727272727273,0.1418482784941707,110,0.013524702689308186
All,2,6,0.9556962025316456,0.19919506960420763,79,0.02241119627358112
All,3,1,0.9141414141414141,0.2054029000541538,132,0.017878027683964785
All,3,2,0.949874686716792,0.1521243543764468,133,0.013190854428723722
All,3,3,0.9387254901960784,0.18791560088872636,136,0.016113629839310473
All,3,4,0.9823529411764705,0.12068896523929688,85,0.013090556241510277
All,4,1,0.8729603729603729,0.21798806333887275,143,0.018229077624405194
All,4,2,0.886150234741784,0.20877114121685464,142,0.017519684985951
All,4,3,0.8694029850746269,0.24747002240206925,134,0.021378153863105948
All,5,1,0.8200231481481481,0.2544749447743613,144,0.02120624539786344
All,5,2,0.8296296296296296,0.2434490931059871,144,0.020287424425498926
All,5,3,0.8636591478696741,0.2164512778131493,133,0.01876870609080167
All,6,1,0.7657471264367816,0.2530506716075295,145,0.02101471445095846
All,6,2,0.8006944444444444,0.22752404519564767,144,0.018960337099637306
All,6,3,0.8235074626865672,0.22921730073175114,134,0.0198013588699147
