subject,experiment,original_subject
1,Expe1,1
2,Expe1,2
3,Expe1,3
4,Expe1,4
5,Expe1,5
6,Expe1,6
7,Expe1,7
8,Expe1,8
9,Expe1,9
10,Expe1,10
11,Expe1,11
12,Expe1,12
13,Expe1,13
14,Expe1,14
15,Expe1,15
16,Expe1,16
17,Expe1,17
18,Expe1,18
19,Expe1,19
20,Expe1,22
21,Expe1,23
22,Expe1,24
23,Expe1,25
24,Expe1,26
25,Expe1,27
26,Expe1,28
27,Expe1,29
28,Expe1,30
29,Expe1,31
30,Expe1,32
31,Expe1,33
32,Expe1,34
33,Expe1,36
34,Expe1,37
35,Expe1,38
36,Expe1,39
37,Expe1,40
38,Expe1,41
39,Expe1,42
40,Expe1,43
41,Expe1,44
42,Expe1,45
43,Expe1,46
44,Expe1,47
45,Expe1,48
46,Expe1,49
47,Expe1,50
48,Expe1,51
49,Expe1,52
50,Expe1,53
51,Expe1,54
52,Expe1,55
53,Expe1,56
54,Expe1,57
55,Expe1,58
56,Expe1,59
57,Expe1,60
58,Expe1,61
59,Expe1,62
60,Expe1,64
61,Expe1,65
62,Expe1,66
63,Expe1,67
64,Expe1,68
65,Expe1,69
66,Expe1,70
67,Expe1,71
68,Expe1,72
69,Expe1,73
70,Expe1,74
71,Expe1,75
72,Expe1,76
73,Expe1,77
74,Expe1,78
75,Expe1,79
76,Expe1,80
77,Expe1,88
78,Expe1,96
79,Expe1,102
80,Expe3,1
81,Expe3,2
82,Expe3,3
83,Expe3,4
84,Expe3,5
85,Expe3,6
86,Expe3,7
87,Expe3,8
88,Expe3,9
89,Expe3,10
90,Expe3,11
91,Expe3,12
92,Expe3,13
93,Expe3,14
94,Expe3,15
95,Expe3,16
96,Expe3,17
97,Expe3,18
98,Expe3,19
99,Expe3,20
100,Expe3,21
101,Expe3,22
102,Expe3,23
103,Expe3,24
104,Expe3,25
105,Expe3,26
106,Expe3,27
107,Expe3,28
108,Expe3,29
109,Expe3,30
110,Expe3,31
111,Expe3,32
112,Expe3,33
113,Expe3,34
114,Expe3,35
115,Expe3,36
116,Expe3,37
117,Expe3,38
118,Expe3,39
119,Expe3,40
120,Expe5,2
121,Expe5,3
122,Expe5,4
123,Expe5,5
124,Expe5,6
125,Expe5,7
126,Expe5,8
127,Expe5,9
128,Expe5,10
129,Expe5,11
130,Expe5,12
131,Expe5,13
132,Expe5,14
133,Expe5,15
134,Expe5,16
135,Expe5,17
136,Expe5,18
137,Expe5,19
138,Expe5,20
139,Expe5,21
140,Expe5,22
141,Expe5,23
142,Expe5,24
143,Expe5,25
144,Expe5,26
145,Expe5,27
